reference	compartment	unit	features	n	p	n_controls	r2	r2_adj	r2_cv
scRNA	GLOM	ERCB_GLOM_H1	epithelial_logit	140	1	27	7.672924428159256e-05	-0.007169091558296037	-0.029121136665344237
scRNA	GLOM	ERCB_GLOM_H1	COMP	140	10	27	0.8817139599555719	0.8725444994870115	0.8501505121588707
scRNA	GLOM	ERCB_GLOM_H1	COMP+SF	140	105	27	0.9909108656431563	0.9628414801293744	
scRNA	GLOM	ERCB_GLOM_H1	bulkPC10	140	10	27	0.9780739545822144	0.9763742611389752	0.973422666080296
scRNA	GLOM	ERCB_GLOM_H1	random10x50	140	10	27	0.5869585871696472	0.5549398729967516	0.5002387374639511
scRNA	GLOM	ERCB_GLOM_H7	epithelial_logit	63	1	19	2.501443779823198e-05	-0.01636801811240174	-0.04883854389190674
scRNA	GLOM	ERCB_GLOM_H7	COMP	63	10	19	0.8945006675878229	0.8742123344316349	0.8283557265996933
scRNA	GLOM	ERCB_GLOM_H7	COMP+SF	63	105	19	1.0	1.0	
scRNA	GLOM	ERCB_GLOM_H7	bulkPC10	63	10	19	0.9869375228881836	0.9844255080589881	0.9759582651779055
scRNA	GLOM	ERCB_GLOM_H7	random10x50	63	10	19	0.6766462326049805	0.6144628157982459	0.5085178434848785
scRNA	GLOM	GSE108109-GPL19983	epithelial_logit	111	1	6	0.03137439571396394	0.022487922280147066	-0.005963712930679321
scRNA	GLOM	GSE108109-GPL19983	COMP	111	10	6	0.8695143208332285	0.8564657529165514	0.8260378569364548
scRNA	GLOM	GSE108109-GPL19983	COMP+SF	111	105	6	0.9965531205142515	0.9241686513135328	
scRNA	GLOM	GSE108109-GPL19983	bulkPC10	111	10	6	0.9441862106323242	0.9386048316955566	0.9116941809654235
scRNA	GLOM	GSE108109-GPL19983	random10x50	111	10	6	0.3016796112060547	0.2318475723266602	0.06132007837295532
scRNA	GLOM	GSE93798-GPL22945	epithelial_logit	42	1	22	0.1379312366243426	0.11637951753995124	0.06398147344589233
scRNA	GLOM	GSE93798-GPL22945	COMP	42	10	22	0.9545174196677277	0.9398456195605431	0.8967756912112236
scRNA	GLOM	GSE93798-GPL22945	COMP+SF	42	103	22	1.0	1.0	
scRNA	GLOM	GSE93798-GPL22945	bulkPC10	42	10	22	0.9943850040435791	0.9925737150253788	0.9880615600384772
scRNA	GLOM	GSE93798-GPL22945	random10x50	42	10	22	0.655726432800293	0.5446704433810327	0.26102700233459475
scRNA	GLOM	GSE96804-GPL17586	epithelial_logit	20	1	20	0.2671730985409754	0.22646049290436288	0.15059796571731568
scRNA	GLOM	GSE96804-GPL17586	COMP	20	10	20	0.7542380602205778	0.48116923824344204	
scRNA	GLOM	GSE96804-GPL17586	COMP+SF	20	104	20	1.0	1.0	
scRNA	GLOM	GSE96804-GPL17586	bulkPC10	20	10	20	0.824156641960144	0.6287751330269707	
scRNA	GLOM	GSE96804-GPL17586	random10x50	20	10	20	0.6393315196037292	0.23858876360787284	
scRNA	TUB	ERCB_TUB_H1	epithelial_logit	131	1	17	0.25253699024218723	0.24674270334483983	0.22805631756782532
scRNA	TUB	ERCB_TUB_H1	COMP	131	14	17	0.8347944514850143	0.8148558508021712	0.7792997330427169
scRNA	TUB	ERCB_TUB_H1	COMP+SF	131	110	17	0.9849383238385344	0.9020991049504736	
scRNA	TUB	ERCB_TUB_H1	bulkPC14	131	14	17	0.9753904938697815	0.9724203810609621	0.9643912866711617
scRNA	TUB	ERCB_TUB_H1	random14x50	131	14	17	0.7290734648704529	0.696375434768611	0.6411190181970596
scRNA	TUB	ERCB_TUB_H7	epithelial_logit	53	1	21	0.23795628138835911	0.2230142476900917	0.19147829413414003
scRNA	TUB	ERCB_TUB_H7	COMP	53	14	21	0.7943833132389525	0.7186297970638298	0.5528262823820114
scRNA	TUB	ERCB_TUB_H7	COMP+SF	53	110	21	1.0	1.0	
scRNA	TUB	ERCB_TUB_H7	bulkPC14	53	14	21	0.9908856153488159	0.9875276841615376	0.9816185149364174
scRNA	TUB	ERCB_TUB_H7	random14x50	53	14	21	0.8127185106277466	0.7437200671748111	0.5403848111629486
scRNA	TUB	GSE108112-GPL19983	epithelial_logit	169	1	5	0.12728539522979443	0.12205955927308665	0.07892414331436157
scRNA	TUB	GSE108112-GPL19983	COMP	169	14	5	0.3488430931849137	0.2896470107471786	0.15379804968833924
scRNA	TUB	GSE108112-GPL19983	COMP+SF	169	110	5	0.898186213955341	0.7050911024913327	
scRNA	TUB	GSE108112-GPL19983	bulkPC14	169	14	5	0.6699166297912598	0.6399090506813743	0.5524074733257294
scRNA	TUB	GSE108112-GPL19983	random14x50	169	14	5	0.20622646808624268	0.13406523791226477	-0.027917134761810302
scRNA	TUB	GSE133288-GPL19983	epithelial_logit	132	1	0	0.4606763712789671	0.4565277279811131	0.4452315211296082
scRNA	TUB	GSE133288-GPL19983	COMP	132	14	0	0.6834796992278653	0.6456054752038491	0.5812579482793808
scRNA	TUB	GSE133288-GPL19983	COMP+SF	132	110	0	0.9562926753815908	0.7273495464280187	
scRNA	TUB	GSE133288-GPL19983	bulkPC14	132	14	0	0.7318406105041504	0.6997531621884077	0.6181918650865554
scRNA	TUB	GSE133288-GPL19983	random14x50	132	14	0	0.2942734360694885	0.2098275224367777	0.06061627268791199
scRNA	TUB	GSE182380-RNAseq	epithelial_logit	199	1	0	0.49139537249006426	0.4888136231118413	0.4738835871219635
scRNA	TUB	GSE182380-RNAseq	COMP	199	14	0	0.6607575807195265	0.6349456575134035	0.5607994467020034
scRNA	TUB	GSE182380-RNAseq	COMP+SF	199	110	0	0.8999736842506336	0.7749407895639256	
scRNA	TUB	GSE182380-RNAseq	bulkPC14	199	14	0	0.7472186088562012	0.7279852421387383	0.6245024591684342
scRNA	TUB	GSE182380-RNAseq	random14x50	199	14	0	0.4294556975364685	0.38604471800119977	0.3216702938079834
scRNA	TUB	GSE200818-GPL19983	epithelial_logit	25	1	0	0.5107371465968409	0.4894648486227905	0.417854779958725
scRNA	TUB	GSE200818-GPL19983	COMP	25	14	0	0.8597512578471495	0.6634030188331587	
scRNA	TUB	GSE200818-GPL19983	COMP+SF	25	110	0	1.0	1.0	
scRNA	TUB	GSE200818-GPL19983	bulkPC14	25	14	0	0.8565243482589722	0.6556584358215332	
scRNA	TUB	GSE200818-GPL19983	random14x50	25	14	0	0.5947388410568237	0.027373218536376975	
scRNA	TUB	GSE69438-GPL11670	epithelial_logit	41	1	0	0.300920769584748	0.282995661112562	0.22845011353492736
scRNA	TUB	GSE69438-GPL11670	COMP	41	14	0	0.718008083103926	0.5661662816983478	
scRNA	TUB	GSE69438-GPL11670	COMP+SF	41	110	0	1.0	1.0	
scRNA	TUB	GSE69438-GPL11670	bulkPC14	41	14	0	0.8758077621459961	0.8089350186861478	
scRNA	TUB	GSE69438-GPL11670	random14x50	41	14	0	0.820783257484436	0.7242819345914401	
scRNA	TUB	GSE115857-GPL14951	epithelial_logit	86	1	7	0.18479609893400606	0.17509129058798245	0.12208441495895386
scRNA	TUB	GSE115857-GPL14951	COMP	86	14	7	0.4127378226419235	0.296939646824838	-0.06822336316108704
scRNA	TUB	GSE115857-GPL14951	COMP+SF	86	107	7	1.0	1.0	
scRNA	TUB	GSE115857-GPL14951	bulkPC14	86	14	7	0.7504476308822632	0.7012401214787658	-4.29047988653183
scRNA	TUB	GSE115857-GPL14951	random14x50	86	14	7	0.45468300580978394	0.3471557111807273	0.06878103017807007
snRNA	GLOM	ERCB_GLOM_H1	epithelial_logit	140	1	27	0.07746240776467628	0.0707773527484783	0.04564393162727356
snRNA	GLOM	ERCB_GLOM_H1	COMP	140	10	27	0.8652151270044742	0.8547666872373791	0.8325814262032509
snRNA	GLOM	ERCB_GLOM_H1	COMP+SF	140	50	27	0.9371585565856503	0.9018543748921954	
snRNA	GLOM	ERCB_GLOM_H1	bulkPC10	140	10	27	0.9780739545822144	0.9763742611389752	0.973422666080296
snRNA	GLOM	ERCB_GLOM_H1	random10x50	140	10	27	0.5869585871696472	0.5549398729967516	0.5002387374639511
snRNA	GLOM	ERCB_GLOM_H7	epithelial_logit	63	1	19	0.08523887035414968	0.07024278626159475	0.04525268077850342
snRNA	GLOM	ERCB_GLOM_H7	COMP	63	10	19	0.8648337997481393	0.8388402996997046	0.7595675438642502
snRNA	GLOM	ERCB_GLOM_H7	COMP+SF	63	44	19	0.9757429479767956	0.9164479319200738	
snRNA	GLOM	ERCB_GLOM_H7	bulkPC10	63	10	19	0.9869375228881836	0.9844255080589881	0.9759582651779055
snRNA	GLOM	ERCB_GLOM_H7	random10x50	63	10	19	0.6766462326049805	0.6144628157982459	0.5085178434848785
snRNA	GLOM	GSE108109-GPL19983	epithelial_logit	111	1	6	0.000884576464730058	-0.008281620081465046	-0.05054783821105957
snRNA	GLOM	GSE108109-GPL19983	COMP	111	10	6	0.7929775279201607	0.7722752807121768	0.7143202602863312
snRNA	GLOM	GSE108109-GPL19983	COMP+SF	111	77	6	0.9681282222469411	0.8937607408231368	
snRNA	GLOM	GSE108109-GPL19983	bulkPC10	111	10	6	0.9441862106323242	0.9386048316955566	0.9116941809654235
snRNA	GLOM	GSE108109-GPL19983	random10x50	111	10	6	0.3016796112060547	0.2318475723266602	0.06132007837295532
snRNA	GLOM	GSE93798-GPL22945	epithelial_logit	42	1	22	0.24352459445946006	0.22461270932094657	0.18318368792533873
snRNA	GLOM	GSE93798-GPL22945	COMP	42	10	22	0.9591004248721705	0.9459070135406126	0.9164606507867574
snRNA	GLOM	GSE93798-GPL22945	COMP+SF	42	73	22	1.0	1.0	
snRNA	GLOM	GSE93798-GPL22945	bulkPC10	42	10	22	0.9943850040435791	0.9925737150253788	0.9880615600384772
snRNA	GLOM	GSE93798-GPL22945	random10x50	42	10	22	0.655726432800293	0.5446704433810327	0.26102700233459475
snRNA	GLOM	GSE96804-GPL17586	epithelial_logit	20	1	20	0.19462275010566477	0.14987956955597947	0.04039953947067261
snRNA	GLOM	GSE96804-GPL17586	COMP	20	10	20	0.6290705436376345	0.21692670323500607	
snRNA	GLOM	GSE96804-GPL17586	COMP+SF	20	77	20	1.0	1.0	
snRNA	GLOM	GSE96804-GPL17586	bulkPC10	20	10	20	0.824156641960144	0.6287751330269707	
snRNA	GLOM	GSE96804-GPL17586	random10x50	20	10	20	0.6393315196037292	0.23858876360787284	
snRNA	TUB	ERCB_TUB_H1	epithelial_logit	131	1	17	0.40105591058271595	0.3964129331453726	0.3752908408641815
snRNA	TUB	ERCB_TUB_H1	COMP	131	14	17	0.8418583441448881	0.8227722822313401	0.7894606724381447
snRNA	TUB	ERCB_TUB_H1	COMP+SF	131	93	17	0.9545042107425052	0.8401499296358292	
snRNA	TUB	ERCB_TUB_H1	bulkPC14	131	14	17	0.9753904938697815	0.9724203810609621	0.9643912866711617
snRNA	TUB	ERCB_TUB_H1	random14x50	131	14	17	0.7290734648704529	0.696375434768611	0.6411190181970596
snRNA	TUB	ERCB_TUB_H7	epithelial_logit	53	1	21	0.33352234397370273	0.3204541546398538	0.2931522727012634
snRNA	TUB	ERCB_TUB_H7	COMP	53	14	21	0.8009254465431006	0.7275821900063482	0.5983767002820969
snRNA	TUB	ERCB_TUB_H7	COMP+SF	53	85	21	1.0	1.0	
snRNA	TUB	ERCB_TUB_H7	bulkPC14	53	14	21	0.9908856153488159	0.9875276841615376	0.9816185149364174
snRNA	TUB	ERCB_TUB_H7	random14x50	53	14	21	0.8127185106277466	0.7437200671748111	0.5403848111629486
snRNA	TUB	GSE108112-GPL19983	epithelial_logit	169	1	5	0.13800468137706556	0.13284303276255705	0.0866150677204132
snRNA	TUB	GSE108112-GPL19983	COMP	169	14	5	0.4348958832175702	0.3835227816918948	0.2618774652481079
snRNA	TUB	GSE108112-GPL19983	COMP+SF	169	97	5	0.7783081044104831	0.47543326114029816	
snRNA	TUB	GSE108112-GPL19983	bulkPC14	169	14	5	0.6699166297912598	0.6399090506813743	0.5524074733257294
snRNA	TUB	GSE108112-GPL19983	random14x50	169	14	5	0.20622646808624268	0.13406523791226477	-0.027917134761810302
snRNA	TUB	GSE133288-GPL19983	epithelial_logit	132	1	0	0.48615281418474265	0.48220014352462537	0.46954392194747924
snRNA	TUB	GSE133288-GPL19983	COMP	132	14	0	0.6978647843922088	0.6617118526100799	0.6059138000011444
snRNA	TUB	GSE133288-GPL19983	COMP+SF	132	98	0	0.8863778195413027	0.548954374542747	
snRNA	TUB	GSE133288-GPL19983	bulkPC14	132	14	0	0.7318406105041504	0.6997531621884077	0.6181918650865554
snRNA	TUB	GSE133288-GPL19983	random14x50	132	14	0	0.2942734360694885	0.2098275224367777	0.06061627268791199
snRNA	TUB	GSE182380-RNAseq	epithelial_logit	199	1	0	0.4984236306846688	0.4958775577439818	0.4809147655963898
snRNA	TUB	GSE182380-RNAseq	COMP	199	14	0	0.692461367960166	0.669061689435396	0.6243911743164062
snRNA	TUB	GSE182380-RNAseq	COMP+SF	199	99	0	0.84817963144876	0.6963592628975199	
snRNA	TUB	GSE182380-RNAseq	bulkPC14	199	14	0	0.7472186088562012	0.7279852421387383	0.6245024591684342
snRNA	TUB	GSE182380-RNAseq	random14x50	199	14	0	0.4294556975364685	0.38604471800119977	0.3216702938079834
snRNA	TUB	GSE200818-GPL19983	epithelial_logit	25	1	0	0.5370747945490093	0.516947611703314	0.461124062538147
snRNA	TUB	GSE200818-GPL19983	COMP	25	14	0	0.8524730693838773	0.6459353665213057	
snRNA	TUB	GSE200818-GPL19983	COMP+SF	25	90	0	1.0	1.0	
snRNA	TUB	GSE200818-GPL19983	bulkPC14	25	14	0	0.8565243482589722	0.6556584358215332	
snRNA	TUB	GSE200818-GPL19983	random14x50	25	14	0	0.5947388410568237	0.027373218536376975	
snRNA	TUB	GSE69438-GPL11670	epithelial_logit	41	1	0	0.37038814642376583	0.35424425274232385	0.30167087316513064
snRNA	TUB	GSE69438-GPL11670	COMP	41	14	0	0.8113354257215084	0.7097468088023207	
snRNA	TUB	GSE69438-GPL11670	COMP+SF	41	88	0	1.0	1.0	
snRNA	TUB	GSE69438-GPL11670	bulkPC14	41	14	0	0.8758077621459961	0.8089350186861478	
snRNA	TUB	GSE69438-GPL11670	random14x50	41	14	0	0.820783257484436	0.7242819345914401	
snRNA	TUB	GSE115857-GPL14951	epithelial_logit	86	1	7	0.1298902612857077	0.11953181201529939	-0.5915469884872436
snRNA	TUB	GSE115857-GPL14951	COMP	86	14	7	0.539068590129886	0.4481807064935255	0.23222869634628296
snRNA	TUB	GSE115857-GPL14951	COMP+SF	86	85	7	0.9633476130605043	-2.115452889857133	
snRNA	TUB	GSE115857-GPL14951	bulkPC14	86	14	7	0.7504476308822632	0.7012401214787658	-4.29047988653183
snRNA	TUB	GSE115857-GPL14951	random14x50	86	14	7	0.45468300580978394	0.3471557111807273	0.06878103017807007
