reference	series	compartment	type	kpmp_marker_set	n_markers	n	spearman
scRNA	GSE104948-GPL22945	GLOM	PODO	PODO	23	71	0.8124077800134137
scRNA	GSE104948-GPL22945	GLOM	MES_VSMC	MES	36	71	0.739235412474849
scRNA	GSE104948-GPL22945	GLOM	PEC	PEC	21	71	0.7768276324614353
scRNA	GSE104948-GPL22945	GLOM	PT	PT	15	71	0.9479208584842387
scRNA	GSE104948-GPL22945	GLOM	DIST	LOH	26	71	0.7286049631120053
scRNA	GSE104948-GPL22945	GLOM	DIST	DCT	22	71	0.6396378269617705
scRNA	GSE104948-GPL22945	GLOM	DIST	CNT_PC	28	71	0.7158618376928235
scRNA	GSE104948-GPL22945	GLOM	DIST	IC	19	71	0.6504359490274984
scRNA	GSE104948-GPL22945	GLOM	FIB	STROMA	41	71	0.8267605633802816
scRNA	GSE104948-GPL22945	GLOM	MES_VSMC	PERI	35	71	0.6494634473507713
scRNA	GSE104948-GPL22945	GLOM	EC	ENDO_PT	31	71	0.892823608316566
scRNA	GSE104948-GPL22945	GLOM	MYE	MAC	32	71	0.8575452716297786
scRNA	GSE104948-GPL22945	GLOM	TNK	TCELL	36	71	0.7098926894701542
scRNA	GSE104948-GPL22945	GLOM	BPL	BCELL	24	71	0.2928906773977196
scRNA	GSE104948-GPL24120	GLOM	PODO	PODO	23	125	0.8680737327188938
scRNA	GSE104948-GPL24120	GLOM	MES_VSMC	MES	36	125	0.6413149001536097
scRNA	GSE104948-GPL24120	GLOM	PEC	PEC	21	125	0.7562703533026113
scRNA	GSE104948-GPL24120	GLOM	PT	PT	15	125	0.9477357910906296
scRNA	GSE104948-GPL24120	GLOM	DIST	LOH	26	125	0.8121843317972349
scRNA	GSE104948-GPL24120	GLOM	DIST	DCT	22	125	0.5615176651305683
scRNA	GSE104948-GPL24120	GLOM	DIST	CNT_PC	28	125	0.6599139784946236
scRNA	GSE104948-GPL24120	GLOM	DIST	IC	19	125	0.6057019969278032
scRNA	GSE104948-GPL24120	GLOM	FIB	STROMA	41	125	0.7821751152073732
scRNA	GSE104948-GPL24120	GLOM	MES_VSMC	PERI	35	125	0.589984639016897
scRNA	GSE104948-GPL24120	GLOM	EC	ENDO_PT	31	125	0.8211551459293394
scRNA	GSE104948-GPL24120	GLOM	MYE	MAC	32	125	0.8349615975422424
scRNA	GSE104948-GPL24120	GLOM	TNK	TCELL	36	125	0.5440653518675418
scRNA	GSE104948-GPL24120	GLOM	BPL	BCELL	24	125	0.25031643625192007
scRNA	GSE104954-GPL22945	TUB	GLOM	PODO	23	60	0.9603778827452072
scRNA	GSE104954-GPL22945	TUB	GLOM	MES	36	60	0.22956376771325374
scRNA	GSE104954-GPL22945	TUB	GLOM	PEC	21	60	-0.002667407613225897
scRNA	GSE104954-GPL22945	TUB	PT	PT	15	60	0.7793275909974995
scRNA	GSE104954-GPL22945	TUB	TAL	LOH	26	60	0.8411225340372328
scRNA	GSE104954-GPL22945	TUB	DCT	DCT	22	60	0.7308141150319535
scRNA	GSE104954-GPL22945	TUB	PC	CNT_PC	28	60	0.1961100305640456
scRNA	GSE104954-GPL22945	TUB	IC	IC	19	60	0.8019449847179774
scRNA	GSE104954-GPL22945	TUB	FIB	STROMA	41	60	0.8919545979549027
scRNA	GSE104954-GPL22945	TUB	VSMC	PERI	35	60	0.8357321478188388
scRNA	GSE104954-GPL22945	TUB	EC	ENDO_PT	31	60	0.09052514587385385
scRNA	GSE104954-GPL22945	TUB	MYE	MAC	32	60	0.8704640177827176
scRNA	GSE104954-GPL22945	TUB	TNK	TCELL	36	60	0.7742150597388165
scRNA	GSE104954-GPL22945	TUB	BPL	BCELL	24	60	0.609669352597944
scRNA	GSE104954-GPL24120	TUB	GLOM	PODO	23	135	0.9067456833479662
scRNA	GSE104954-GPL24120	TUB	GLOM	MES	36	135	0.3345624817091016
scRNA	GSE104954-GPL24120	TUB	GLOM	PEC	21	135	0.2996080860609975
scRNA	GSE104954-GPL24120	TUB	PT	PT	15	135	0.7993025070724809
scRNA	GSE104954-GPL24120	TUB	TAL	LOH	26	135	0.888459662471954
scRNA	GSE104954-GPL24120	TUB	DCT	DCT	22	135	0.8096049283062895
scRNA	GSE104954-GPL24120	TUB	PC	CNT_PC	28	135	0.2438103599648815
scRNA	GSE104954-GPL24120	TUB	IC	IC	19	135	0.7996975904789778
scRNA	GSE104954-GPL24120	TUB	FIB	STROMA	41	135	0.9170032191981271
scRNA	GSE104954-GPL24120	TUB	VSMC	PERI	35	135	0.6553750853575262
scRNA	GSE104954-GPL24120	TUB	EC	ENDO_PT	31	135	0.3897180762852405
scRNA	GSE104954-GPL24120	TUB	MYE	MAC	32	135	0.8527899717100772
scRNA	GSE104954-GPL24120	TUB	TNK	TCELL	36	135	0.6418007999219589
scRNA	GSE104954-GPL24120	TUB	BPL	BCELL	24	135	0.6047166130133645
scRNA	GSE108109-GPL19983	GLOM	PODO	PODO	47	111	0.7567479817479817
scRNA	GSE108109-GPL19983	GLOM	MES_VSMC	MES	49	111	0.5883380133380134
scRNA	GSE108109-GPL19983	GLOM	PEC	PEC	48	111	0.6065461565461565
scRNA	GSE108109-GPL19983	GLOM	PT	PT	40	111	0.8747367497367496
scRNA	GSE108109-GPL19983	GLOM	DIST	LOH	44	111	0.5837399087399087
scRNA	GSE108109-GPL19983	GLOM	DIST	DCT	46	111	0.607020007020007
scRNA	GSE108109-GPL19983	GLOM	DIST	CNT_PC	46	111	0.4676114426114426
scRNA	GSE108109-GPL19983	GLOM	DIST	IC	47	111	0.3485257985257985
scRNA	GSE108109-GPL19983	GLOM	FIB	STROMA	49	111	0.7419094419094419
scRNA	GSE108109-GPL19983	GLOM	MES_VSMC	PERI	49	111	0.5166549666549667
scRNA	GSE108109-GPL19983	GLOM	EC	ENDO_PT	49	111	0.7923394173394174
scRNA	GSE108109-GPL19983	GLOM	MYE	MAC	49	111	0.7606177606177607
scRNA	GSE108109-GPL19983	GLOM	TNK	TCELL	48	111	0.5062653562653562
scRNA	GSE108109-GPL19983	GLOM	BPL	BCELL	44	111	0.2614162864162864
scRNA	GSE108112-GPL19983	TUB	GLOM	PODO	47	169	0.8050718512256974
scRNA	GSE108112-GPL19983	TUB	GLOM	MES	49	169	0.2107702252498633
scRNA	GSE108112-GPL19983	TUB	GLOM	PEC	48	169	0.21153348913529912
scRNA	GSE108112-GPL19983	TUB	PT	PT	40	169	0.8346775396549153
scRNA	GSE108112-GPL19983	TUB	TAL	LOH	44	169	0.8635323952066035
scRNA	GSE108112-GPL19983	TUB	DCT	DCT	46	169	0.786793297200537
scRNA	GSE108112-GPL19983	TUB	PC	CNT_PC	46	169	0.6050047237830044
scRNA	GSE108112-GPL19983	TUB	IC	IC	47	169	0.799102481229178
scRNA	GSE108112-GPL19983	TUB	FIB	STROMA	49	169	0.8614191238625629
scRNA	GSE108112-GPL19983	TUB	VSMC	PERI	49	169	0.6145890308786237
scRNA	GSE108112-GPL19983	TUB	EC	ENDO_PT	49	169	0.5524464223559247
scRNA	GSE108112-GPL19983	TUB	MYE	MAC	49	169	0.8495872905375169
scRNA	GSE108112-GPL19983	TUB	TNK	TCELL	48	169	0.751362438466511
scRNA	GSE108112-GPL19983	TUB	BPL	BCELL	44	169	0.5678807617721645
scRNA	GSE115857-GPL14951	WHOLE	GLOM	PODO	37	86	0.8080286805981414
scRNA	GSE115857-GPL14951	WHOLE	GLOM	MES	44	86	0.24060568894759185
scRNA	GSE115857-GPL14951	WHOLE	GLOM	PEC	42	86	0.12499646209726874
scRNA	GSE115857-GPL14951	WHOLE	PT	PT	30	86	0.7144770979763198
scRNA	GSE115857-GPL14951	WHOLE	TAL	LOH	40	86	0.6319637718760318
scRNA	GSE115857-GPL14951	WHOLE	DCT	DCT	38	86	0.6147176753620454
scRNA	GSE115857-GPL14951	WHOLE	PC	CNT_PC	39	86	0.3516675314873343
scRNA	GSE115857-GPL14951	WHOLE	IC	IC	41	86	0.6484928534364828
scRNA	GSE115857-GPL14951	WHOLE	FIB	STROMA	49	86	0.7062125571960941
scRNA	GSE115857-GPL14951	WHOLE	VSMC	PERI	43	86	0.4415774328977782
scRNA	GSE115857-GPL14951	WHOLE	EC	ENDO_PT	48	86	0.7077409311759988
scRNA	GSE115857-GPL14951	WHOLE	MYE	MAC	46	86	0.5607151280720789
scRNA	GSE115857-GPL14951	WHOLE	TNK	TCELL	42	86	0.6517005519128259
scRNA	GSE115857-GPL14951	WHOLE	BPL	BCELL	29	86	0.7030048587197509
scRNA	GSE133288-GPL19983	TUB	GLOM	PODO	47	132	0.8773877789546732
scRNA	GSE133288-GPL19983	TUB	GLOM	MES	49	132	0.15270306230531216
scRNA	GSE133288-GPL19983	TUB	GLOM	PEC	48	132	-0.008400609957338831
scRNA	GSE133288-GPL19983	TUB	PT	PT	40	132	0.7481594339770312
scRNA	GSE133288-GPL19983	TUB	TAL	LOH	44	132	0.7818087898441453
scRNA	GSE133288-GPL19983	TUB	DCT	DCT	46	132	0.7910337954532409
scRNA	GSE133288-GPL19983	TUB	PC	CNT_PC	46	132	0.45848486587739296
scRNA	GSE133288-GPL19983	TUB	IC	IC	47	132	0.8354615313379862
scRNA	GSE133288-GPL19983	TUB	FIB	STROMA	49	132	0.87922964941848
scRNA	GSE133288-GPL19983	TUB	VSMC	PERI	49	132	0.623319227979734
scRNA	GSE133288-GPL19983	TUB	EC	ENDO_PT	49	132	0.5601373315314656
scRNA	GSE133288-GPL19983	TUB	MYE	MAC	49	132	0.8859866529613414
scRNA	GSE133288-GPL19983	TUB	TNK	TCELL	48	132	0.7480133366031315
scRNA	GSE133288-GPL19983	TUB	BPL	BCELL	44	132	0.6939207839167661
scRNA	GSE142025-RNAseq	WHOLE	GLOM	PODO	50	36	0.9631917631917633
scRNA	GSE142025-RNAseq	WHOLE	GLOM	MES	50	36	0.18558558558558558
scRNA	GSE142025-RNAseq	WHOLE	GLOM	PEC	50	36	-0.5915057915057915
scRNA	GSE142025-RNAseq	WHOLE	PT	PT	48	36	0.9531531531531532
scRNA	GSE142025-RNAseq	WHOLE	TAL	LOH	50	36	0.25662805662805666
scRNA	GSE142025-RNAseq	WHOLE	DCT	DCT	50	36	0.9490347490347492
scRNA	GSE142025-RNAseq	WHOLE	PC	CNT_PC	50	36	0.15984555984555987
scRNA	GSE142025-RNAseq	WHOLE	IC	IC	50	36	0.9853281853281853
scRNA	GSE142025-RNAseq	WHOLE	FIB	STROMA	50	36	0.9003861003861005
scRNA	GSE142025-RNAseq	WHOLE	VSMC	PERI	50	36	0.16447876447876447
scRNA	GSE142025-RNAseq	WHOLE	EC	ENDO_PT	50	36	0.4545688545688546
scRNA	GSE142025-RNAseq	WHOLE	MYE	MAC	50	36	0.988931788931789
scRNA	GSE142025-RNAseq	WHOLE	TNK	TCELL	50	36	0.9518661518661519
scRNA	GSE142025-RNAseq	WHOLE	BPL	BCELL	50	36	0.9513513513513513
scRNA	GSE175759-RNAseq	TUB	GLOM	PODO	50	90	0.8258879697081943
scRNA	GSE175759-RNAseq	TUB	GLOM	MES	50	90	0.530542865374326
scRNA	GSE175759-RNAseq	TUB	GLOM	PEC	50	90	0.03495904844219451
scRNA	GSE175759-RNAseq	TUB	PT	PT	48	90	0.9063588097295961
scRNA	GSE175759-RNAseq	TUB	TAL	LOH	50	90	0.930345310120591
scRNA	GSE175759-RNAseq	TUB	DCT	DCT	50	90	0.7107297197184836
scRNA	GSE175759-RNAseq	TUB	PC	CNT_PC	50	90	0.3821788698193192
scRNA	GSE175759-RNAseq	TUB	IC	IC	50	90	0.8210972548051199
scRNA	GSE175759-RNAseq	TUB	FIB	STROMA	50	90	0.9318269745236036
scRNA	GSE175759-RNAseq	TUB	VSMC	PERI	50	90	0.7916615219986005
scRNA	GSE175759-RNAseq	TUB	EC	ENDO_PT	50	90	0.682380540807507
scRNA	GSE175759-RNAseq	TUB	MYE	MAC	50	90	0.9567024735564061
scRNA	GSE175759-RNAseq	TUB	TNK	TCELL	50	90	0.8432069802856318
scRNA	GSE175759-RNAseq	TUB	BPL	BCELL	50	90	0.8856484339630406
scRNA	GSE182380-RNAseq	TUB	GLOM	PODO	38	199	0.8808390437033653
scRNA	GSE182380-RNAseq	TUB	GLOM	MES	46	199	0.40524135830668495
scRNA	GSE182380-RNAseq	TUB	GLOM	PEC	42	199	0.30128978224455616
scRNA	GSE182380-RNAseq	TUB	PT	PT	30	199	0.8624486066697122
scRNA	GSE182380-RNAseq	TUB	TAL	LOH	39	199	0.7580127912288718
scRNA	GSE182380-RNAseq	TUB	DCT	DCT	41	199	0.8191396375818487
scRNA	GSE182380-RNAseq	TUB	PC	CNT_PC	39	199	0.6503015075376886
scRNA	GSE182380-RNAseq	TUB	IC	IC	41	199	0.8714709913202375
scRNA	GSE182380-RNAseq	TUB	FIB	STROMA	49	199	0.8905893101873001
scRNA	GSE182380-RNAseq	TUB	VSMC	PERI	46	199	0.47995888533576975
scRNA	GSE182380-RNAseq	TUB	EC	ENDO_PT	48	199	0.5261123800822293
scRNA	GSE182380-RNAseq	TUB	MYE	MAC	46	199	0.919639104613979
scRNA	GSE182380-RNAseq	TUB	TNK	TCELL	41	199	0.9029088255325862
scRNA	GSE182380-RNAseq	TUB	BPL	BCELL	29	199	0.742899345210903
scRNA	GSE200818-GPL19983	TUB	GLOM	PODO	47	25	0.7638461538461538
scRNA	GSE200818-GPL19983	TUB	GLOM	MES	49	25	0.4469230769230769
scRNA	GSE200818-GPL19983	TUB	GLOM	PEC	48	25	0.3538461538461538
scRNA	GSE200818-GPL19983	TUB	PT	PT	40	25	0.7
scRNA	GSE200818-GPL19983	TUB	TAL	LOH	44	25	0.6261538461538462
scRNA	GSE200818-GPL19983	TUB	DCT	DCT	46	25	0.8361538461538461
scRNA	GSE200818-GPL19983	TUB	PC	CNT_PC	46	25	0.4584615384615385
scRNA	GSE200818-GPL19983	TUB	IC	IC	47	25	0.8546153846153846
scRNA	GSE200818-GPL19983	TUB	FIB	STROMA	49	25	0.8776923076923077
scRNA	GSE200818-GPL19983	TUB	VSMC	PERI	49	25	0.5238461538461539
scRNA	GSE200818-GPL19983	TUB	EC	ENDO_PT	49	25	0.5907692307692308
scRNA	GSE200818-GPL19983	TUB	MYE	MAC	49	25	0.6976923076923077
scRNA	GSE200818-GPL19983	TUB	TNK	TCELL	48	25	0.3353846153846154
scRNA	GSE200818-GPL19983	TUB	BPL	BCELL	44	25	0.7507692307692307
scRNA	GSE30528-GPL571CEL	GLOM	PODO	PODO	23	22	0.8712591756070017
scRNA	GSE30528-GPL571CEL	GLOM	MES_VSMC	MES	36	22	0.7910784867306607
scRNA	GSE30528-GPL571CEL	GLOM	PEC	PEC	21	22	0.7639751552795032
scRNA	GSE30528-GPL571CEL	GLOM	PT	PT	16	22	0.875776397515528
scRNA	GSE30528-GPL571CEL	GLOM	DIST	LOH	27	22	0.5798983625070583
scRNA	GSE30528-GPL571CEL	GLOM	DIST	DCT	23	22	-0.17673630717108982
scRNA	GSE30528-GPL571CEL	GLOM	DIST	CNT_PC	30	22	0.7899491812535292
scRNA	GSE30528-GPL571CEL	GLOM	DIST	IC	19	22	0.49068322981366463
scRNA	GSE30528-GPL571CEL	GLOM	FIB	STROMA	41	22	0.8859401468097121
scRNA	GSE30528-GPL571CEL	GLOM	MES_VSMC	PERI	34	22	0.7210615471485038
scRNA	GSE30528-GPL571CEL	GLOM	EC	ENDO_PT	32	22	0.8531902879728968
scRNA	GSE30528-GPL571CEL	GLOM	MYE	MAC	32	22	0.7300959909655563
scRNA	GSE30528-GPL571CEL	GLOM	TNK	TCELL	35	22	0.7470355731225299
scRNA	GSE30528-GPL571CEL	GLOM	BPL	BCELL	24	22	0.5957086391869001
scRNA	GSE30529-GPL571CEL	TUB	GLOM	PODO	23	22	0.8272162619988708
scRNA	GSE30529-GPL571CEL	TUB	GLOM	MES	36	22	-0.14285714285714288
scRNA	GSE30529-GPL571CEL	TUB	GLOM	PEC	21	22	-0.21287408243929987
scRNA	GSE30529-GPL571CEL	TUB	PT	PT	16	22	0.8622247317899493
scRNA	GSE30529-GPL571CEL	TUB	TAL	LOH	27	22	0.7346132128740825
scRNA	GSE30529-GPL571CEL	TUB	DCT	DCT	23	22	0.7617165443252402
scRNA	GSE30529-GPL571CEL	TUB	PC	CNT_PC	30	22	0.497459062676454
scRNA	GSE30529-GPL571CEL	TUB	IC	IC	19	22	0.7108977978543197
scRNA	GSE30529-GPL571CEL	TUB	FIB	STROMA	41	22	0.9728966685488425
scRNA	GSE30529-GPL571CEL	TUB	VSMC	PERI	34	22	0.8385093167701864
scRNA	GSE30529-GPL571CEL	TUB	EC	ENDO_PT	32	22	0.40033879164313946
scRNA	GSE30529-GPL571CEL	TUB	MYE	MAC	32	22	0.8870694522868439
scRNA	GSE30529-GPL571CEL	TUB	TNK	TCELL	35	22	0.7662337662337665
scRNA	GSE30529-GPL571CEL	TUB	BPL	BCELL	24	22	0.627329192546584
scRNA	GSE32591-GPL14663	GLOM	PODO	PODO	22	46	0.9423990132593277
scRNA	GSE32591-GPL14663	GLOM	MES_VSMC	MES	35	46	0.5172371261177922
scRNA	GSE32591-GPL14663	GLOM	PEC	PEC	22	46	0.7747764415664508
scRNA	GSE32591-GPL14663	GLOM	PT	PT	15	46	0.9370952821461609
scRNA	GSE32591-GPL14663	GLOM	DIST	LOH	24	46	0.8220166512488435
scRNA	GSE32591-GPL14663	GLOM	DIST	DCT	22	46	0.768609312365094
scRNA	GSE32591-GPL14663	GLOM	DIST	CNT_PC	26	46	0.8523589269195189
scRNA	GSE32591-GPL14663	GLOM	DIST	IC	18	46	0.6046870181930312
scRNA	GSE32591-GPL14663	GLOM	FIB	STROMA	40	46	0.6615479494295405
scRNA	GSE32591-GPL14663	GLOM	MES_VSMC	PERI	34	46	0.7470243601603453
scRNA	GSE32591-GPL14663	GLOM	EC	ENDO_PT	29	46	0.806722170829479
scRNA	GSE32591-GPL14663	GLOM	MYE	MAC	32	46	0.9315448658649398
scRNA	GSE32591-GPL14663	GLOM	TNK	TCELL	36	46	0.5782917052112242
scRNA	GSE32591-GPL14663	GLOM	BPL	BCELL	26	46	0.048905334566759176
scRNA	GSE32591-GPL14663	TUB	GLOM	PODO	22	12	0.8111888111888113
scRNA	GSE32591-GPL14663	TUB	GLOM	MES	35	12	0.04195804195804196
scRNA	GSE32591-GPL14663	TUB	GLOM	PEC	22	12	0.06993006993006995
scRNA	GSE32591-GPL14663	TUB	PT	PT	15	12	0.21678321678321683
scRNA	GSE32591-GPL14663	TUB	TAL	LOH	24	12	0.034965034965034975
scRNA	GSE32591-GPL14663	TUB	DCT	DCT	22	12	0.37762237762237766
scRNA	GSE32591-GPL14663	TUB	PC	CNT_PC	26	12	0.18881118881118883
scRNA	GSE32591-GPL14663	TUB	IC	IC	18	12	0.5804195804195805
scRNA	GSE32591-GPL14663	TUB	FIB	STROMA	40	12	0.7062937062937064
scRNA	GSE32591-GPL14663	TUB	VSMC	PERI	34	12	0.8601398601398602
scRNA	GSE32591-GPL14663	TUB	EC	ENDO_PT	29	12	0.6643356643356644
scRNA	GSE32591-GPL14663	TUB	MYE	MAC	32	12	0.8671328671328673
scRNA	GSE32591-GPL14663	TUB	TNK	TCELL	36	12	0.8111888111888113
scRNA	GSE32591-GPL14663	TUB	BPL	BCELL	26	12	0.22377622377622378
scRNA	GSE37460-GPL11670	GLOM	PODO	PODO	22	18	0.5810113519091847
scRNA	GSE37460-GPL11670	GLOM	MES_VSMC	MES	35	18	0.5933952528379773
scRNA	GSE37460-GPL11670	GLOM	PEC	PEC	22	18	0.8307533539731682
scRNA	GSE37460-GPL11670	GLOM	PT	PT	15	18	0.7007223942208461
scRNA	GSE37460-GPL11670	GLOM	DIST	LOH	24	18	0.3973168214654283
scRNA	GSE37460-GPL11670	GLOM	DIST	DCT	22	18	0.8637770897832818
scRNA	GSE37460-GPL11670	GLOM	DIST	CNT_PC	26	18	0.8658410732714137
scRNA	GSE37460-GPL11670	GLOM	DIST	IC	18	18	0.541795665634675
scRNA	GSE37460-GPL11670	GLOM	FIB	STROMA	40	18	0.8142414860681115
scRNA	GSE37460-GPL11670	GLOM	MES_VSMC	PERI	34	18	0.5686274509803922
scRNA	GSE37460-GPL11670	GLOM	EC	ENDO_PT	29	18	0.7812177502579979
scRNA	GSE37460-GPL11670	GLOM	MYE	MAC	32	18	0.2198142414860681
scRNA	GSE37460-GPL11670	GLOM	TNK	TCELL	36	18	0.7564499484004128
scRNA	GSE37460-GPL11670	GLOM	BPL	BCELL	26	18	-0.1455108359133127
scRNA	GSE37460-GPL14663	GLOM	PODO	PODO	22	51	0.8619909502262443
scRNA	GSE37460-GPL14663	GLOM	MES_VSMC	MES	35	51	0.7226244343891404
scRNA	GSE37460-GPL14663	GLOM	PEC	PEC	22	51	0.7902262443438913
scRNA	GSE37460-GPL14663	GLOM	PT	PT	15	51	0.9436199095022623
scRNA	GSE37460-GPL14663	GLOM	DIST	LOH	24	51	0.7442533936651582
scRNA	GSE37460-GPL14663	GLOM	DIST	DCT	22	51	0.7705882352941177
scRNA	GSE37460-GPL14663	GLOM	DIST	CNT_PC	26	51	0.5521266968325791
scRNA	GSE37460-GPL14663	GLOM	DIST	IC	18	51	0.5780090497737557
scRNA	GSE37460-GPL14663	GLOM	FIB	STROMA	40	51	0.7586425339366515
scRNA	GSE37460-GPL14663	GLOM	MES_VSMC	PERI	34	51	0.6847963800904977
scRNA	GSE37460-GPL14663	GLOM	EC	ENDO_PT	29	51	0.7803619909502262
scRNA	GSE37460-GPL14663	GLOM	MYE	MAC	32	51	0.7589140271493212
scRNA	GSE37460-GPL14663	GLOM	TNK	TCELL	36	51	0.31221719457013575
scRNA	GSE37460-GPL14663	GLOM	BPL	BCELL	26	51	0.2763800904977375
scRNA	GSE47183-GPL11670	GLOM	PODO	PODO	22	52	0.8480321010842653
scRNA	GSE47183-GPL11670	GLOM	MES_VSMC	MES	35	52	0.58106377529241
scRNA	GSE47183-GPL11670	GLOM	PEC	PEC	22	52	0.7719627764022879
scRNA	GSE47183-GPL11670	GLOM	PT	PT	15	52	0.9342610774353283
scRNA	GSE47183-GPL11670	GLOM	DIST	LOH	24	52	0.6369845470844361
scRNA	GSE47183-GPL11670	GLOM	DIST	DCT	22	52	0.5410227951848373
scRNA	GSE47183-GPL11670	GLOM	DIST	CNT_PC	26	52	0.6024929565440109
scRNA	GSE47183-GPL11670	GLOM	DIST	IC	18	52	0.6499615811491506
scRNA	GSE47183-GPL11670	GLOM	FIB	STROMA	40	52	0.8123452574063006
scRNA	GSE47183-GPL11670	GLOM	MES_VSMC	PERI	34	52	0.5590369674720395
scRNA	GSE47183-GPL11670	GLOM	EC	ENDO_PT	29	52	0.8862802014855288
scRNA	GSE47183-GPL11670	GLOM	MYE	MAC	32	52	0.9146247758900367
scRNA	GSE47183-GPL11670	GLOM	TNK	TCELL	36	52	0.5417911722018269
scRNA	GSE47183-GPL11670	GLOM	BPL	BCELL	26	52	0.03457696576453514
scRNA	GSE47183-GPL14663	GLOM	PODO	PODO	22	51	0.8770135746606335
scRNA	GSE47183-GPL14663	GLOM	MES_VSMC	MES	35	51	0.6380995475113123
scRNA	GSE47183-GPL14663	GLOM	PEC	PEC	22	51	0.6788235294117647
scRNA	GSE47183-GPL14663	GLOM	PT	PT	15	51	0.8872398190045249
scRNA	GSE47183-GPL14663	GLOM	DIST	LOH	24	51	0.6496832579185521
scRNA	GSE47183-GPL14663	GLOM	DIST	DCT	22	51	0.6055203619909502
scRNA	GSE47183-GPL14663	GLOM	DIST	CNT_PC	26	51	0.6235294117647059
scRNA	GSE47183-GPL14663	GLOM	DIST	IC	18	51	0.6669683257918553
scRNA	GSE47183-GPL14663	GLOM	FIB	STROMA	40	51	0.6627149321266969
scRNA	GSE47183-GPL14663	GLOM	MES_VSMC	PERI	34	51	0.6811764705882353
scRNA	GSE47183-GPL14663	GLOM	EC	ENDO_PT	29	51	0.8689592760180994
scRNA	GSE47183-GPL14663	GLOM	MYE	MAC	32	51	0.580180995475113
scRNA	GSE47183-GPL14663	GLOM	TNK	TCELL	36	51	0.6605429864253393
scRNA	GSE47183-GPL14663	GLOM	BPL	BCELL	26	51	0.06352941176470589
scRNA	GSE69438-GPL11670	TUB	GLOM	PODO	36	42	0.9724495583826269
scRNA	GSE69438-GPL11670	TUB	GLOM	MES	44	42	0.3293898387488859
scRNA	GSE69438-GPL11670	TUB	GLOM	PEC	40	42	0.07138805607325177
scRNA	GSE69438-GPL11670	TUB	PT	PT	26	42	0.8687302487642818
scRNA	GSE69438-GPL11670	TUB	TAL	LOH	39	42	0.9507333279312861
scRNA	GSE69438-GPL11670	TUB	DCT	DCT	39	42	0.7287091807795155
scRNA	GSE69438-GPL11670	TUB	PC	CNT_PC	39	42	0.6170488615185156
scRNA	GSE69438-GPL11670	TUB	IC	IC	40	42	0.9444129325014181
scRNA	GSE69438-GPL11670	TUB	FIB	STROMA	49	42	0.9139453853010292
scRNA	GSE69438-GPL11670	TUB	VSMC	PERI	44	42	0.7525322097074792
scRNA	GSE69438-GPL11670	TUB	EC	ENDO_PT	43	42	0.6854387812981121
scRNA	GSE69438-GPL11670	TUB	MYE	MAC	44	42	0.864678713232315
scRNA	GSE69438-GPL11670	TUB	TNK	TCELL	42	42	0.831942306134025
scRNA	GSE69438-GPL11670	TUB	BPL	BCELL	34	42	0.6468681630337899
scRNA	GSE93798-GPL22945	GLOM	PODO	PODO	42	42	0.8006644518272426
scRNA	GSE93798-GPL22945	GLOM	MES_VSMC	MES	45	42	0.8677578802366097
scRNA	GSE93798-GPL22945	GLOM	PEC	PEC	42	42	0.8604651162790697
scRNA	GSE93798-GPL22945	GLOM	PT	PT	31	42	0.9416578883396807
scRNA	GSE93798-GPL22945	GLOM	DIST	LOH	41	42	0.49858196256381176
scRNA	GSE93798-GPL22945	GLOM	DIST	DCT	41	42	0.5061988493639089
scRNA	GSE93798-GPL22945	GLOM	DIST	CNT_PC	43	42	0.42354752451179
scRNA	GSE93798-GPL22945	GLOM	DIST	IC	45	42	0.5002025767765984
scRNA	GSE93798-GPL22945	GLOM	FIB	STROMA	49	42	0.6454096102422819
scRNA	GSE93798-GPL22945	GLOM	MES_VSMC	PERI	46	42	0.7834859411717041
scRNA	GSE93798-GPL22945	GLOM	EC	ENDO_PT	48	42	0.7442670772222673
scRNA	GSE93798-GPL22945	GLOM	MYE	MAC	46	42	0.830483753342517
scRNA	GSE93798-GPL22945	GLOM	TNK	TCELL	44	42	0.46390081841017744
scRNA	GSE93798-GPL22945	GLOM	BPL	BCELL	35	42	0.3585608945790455
scRNA	GSE96804-GPL17586	GLOM	PODO	PODO	40	61	0.9121099947117924
scRNA	GSE96804-GPL17586	GLOM	MES_VSMC	MES	46	61	0.5704918032786885
scRNA	GSE96804-GPL17586	GLOM	PEC	PEC	42	61	0.8071919619249074
scRNA	GSE96804-GPL17586	GLOM	PT	PT	31	61	0.8972501322051822
scRNA	GSE96804-GPL17586	GLOM	DIST	LOH	43	61	0.723955579058699
scRNA	GSE96804-GPL17586	GLOM	DIST	DCT	42	61	0.577895293495505
scRNA	GSE96804-GPL17586	GLOM	DIST	CNT_PC	45	61	0.541988365943945
scRNA	GSE96804-GPL17586	GLOM	DIST	IC	45	61	0.4505552617662612
scRNA	GSE96804-GPL17586	GLOM	FIB	STROMA	48	61	0.9656266525647803
scRNA	GSE96804-GPL17586	GLOM	MES_VSMC	PERI	45	61	0.5613960867265996
scRNA	GSE96804-GPL17586	GLOM	EC	ENDO_PT	47	61	0.708937070333157
scRNA	GSE96804-GPL17586	GLOM	MYE	MAC	46	61	0.8596509783183499
scRNA	GSE96804-GPL17586	GLOM	TNK	TCELL	40	61	0.5235854045478582
scRNA	GSE96804-GPL17586	GLOM	BPL	BCELL	32	61	0.18524590163934423
scRNA	GSE99339-GPL19109	GLOM	PODO	PODO	23	54	0.8156660949113778
scRNA	GSE99339-GPL19109	GLOM	MES_VSMC	MES	33	54	0.628587764436821
scRNA	GSE99339-GPL19109	GLOM	PEC	PEC	15	54	0.6798170383076043
scRNA	GSE99339-GPL19109	GLOM	PT	PT	13	54	0.9332952163140841
scRNA	GSE99339-GPL19109	GLOM	DIST	LOH	22	54	0.6879740804269104
scRNA	GSE99339-GPL19109	GLOM	DIST	DCT	17	54	0.5149990470745188
scRNA	GSE99339-GPL19109	GLOM	DIST	CNT_PC	24	54	0.6363636363636364
scRNA	GSE99339-GPL19109	GLOM	DIST	IC	15	54	0.38380026681913465
scRNA	GSE99339-GPL19109	GLOM	FIB	STROMA	39	54	0.8474556889651228
scRNA	GSE99339-GPL19109	GLOM	MES_VSMC	PERI	26	54	0.5438917476653324
scRNA	GSE99339-GPL19109	GLOM	EC	ENDO_PT	27	54	0.9125595578425765
scRNA	GSE99339-GPL19109	GLOM	MYE	MAC	28	54	0.930017152658662
scRNA	GSE99339-GPL19109	GLOM	TNK	TCELL	25	54	0.5808652563369544
scRNA	GSE99339-GPL19109	GLOM	BPL	BCELL	21	54	0.1930627024966647
scRNA	GSE99339-GPL19184	GLOM	PODO	PODO	23	126	0.8733078365204351
scRNA	GSE99339-GPL19184	GLOM	MES_VSMC	MES	33	126	0.6473400824896889
scRNA	GSE99339-GPL19184	GLOM	PEC	PEC	15	126	0.697079865016873
scRNA	GSE99339-GPL19184	GLOM	PT	PT	13	126	0.9487544056992877
scRNA	GSE99339-GPL19184	GLOM	DIST	LOH	22	126	0.8289433820772404
scRNA	GSE99339-GPL19184	GLOM	DIST	DCT	17	126	0.6004739407574053
scRNA	GSE99339-GPL19184	GLOM	DIST	CNT_PC	24	126	0.700997375328084
scRNA	GSE99339-GPL19184	GLOM	DIST	IC	15	126	0.5004244469441321
scRNA	GSE99339-GPL19184	GLOM	FIB	STROMA	39	126	0.7823472065991752
scRNA	GSE99339-GPL19184	GLOM	MES_VSMC	PERI	26	126	0.5502902137232846
scRNA	GSE99339-GPL19184	GLOM	EC	ENDO_PT	27	126	0.8219902512185978
scRNA	GSE99339-GPL19184	GLOM	MYE	MAC	28	126	0.8394480689913761
scRNA	GSE99339-GPL19184	GLOM	TNK	TCELL	25	126	0.5419452568428947
scRNA	GSE99339-GPL19184	GLOM	BPL	BCELL	21	126	0.3112740907386577
snRNA	GSE104948-GPL22945	GLOM	PODO	PODO	23	71	0.8096244131455397
snRNA	GSE104948-GPL22945	GLOM	MES_VSMC	MES	36	71	0.4747149564050972
snRNA	GSE104948-GPL22945	GLOM	PEC	PEC	21	71	0.5708584842387658
snRNA	GSE104948-GPL22945	GLOM	PT	PT	15	71	0.9380281690140844
snRNA	GSE104948-GPL22945	GLOM	DIST	LOH	26	71	0.4687122736418511
snRNA	GSE104948-GPL22945	GLOM	DIST	DCT	22	71	0.40191146881287726
snRNA	GSE104948-GPL22945	GLOM	DIST	CNT_PC	28	71	0.7948356807511736
snRNA	GSE104948-GPL22945	GLOM	DIST	IC	19	71	0.48725687458081823
snRNA	GSE104948-GPL22945	GLOM	FIB	STROMA	41	71	0.7470824949698189
snRNA	GSE104948-GPL22945	GLOM	MES_VSMC	PERI	35	71	0.7502682763246142
snRNA	GSE104948-GPL22945	GLOM	EC	ENDO_PT	31	71	0.8586854460093897
snRNA	GSE104948-GPL22945	GLOM	MYE	MAC	32	71	0.8576794097920858
snRNA	GSE104948-GPL22945	GLOM	TNK	TCELL	36	71	0.6460093896713615
snRNA	GSE104948-GPL22945	GLOM	BPL	BCELL	24	71	0.2664654594232059
snRNA	GSE104948-GPL24120	GLOM	PODO	PODO	23	125	0.8575299539170506
snRNA	GSE104948-GPL24120	GLOM	MES_VSMC	MES	36	125	0.31611674347158214
snRNA	GSE104948-GPL24120	GLOM	PEC	PEC	21	125	0.8078156682027648
snRNA	GSE104948-GPL24120	GLOM	PT	PT	15	125	0.9392196620583717
snRNA	GSE104948-GPL24120	GLOM	DIST	LOH	26	125	0.5101321044546849
snRNA	GSE104948-GPL24120	GLOM	DIST	DCT	22	125	0.3009462365591397
snRNA	GSE104948-GPL24120	GLOM	DIST	CNT_PC	28	125	0.7678894009216589
snRNA	GSE104948-GPL24120	GLOM	DIST	IC	19	125	0.4978064516129032
snRNA	GSE104948-GPL24120	GLOM	FIB	STROMA	41	125	0.7431090629800305
snRNA	GSE104948-GPL24120	GLOM	MES_VSMC	PERI	35	125	0.7549124423963132
snRNA	GSE104948-GPL24120	GLOM	EC	ENDO_PT	31	125	0.7761474654377879
snRNA	GSE104948-GPL24120	GLOM	MYE	MAC	32	125	0.8881228878648232
snRNA	GSE104948-GPL24120	GLOM	TNK	TCELL	36	125	0.6155001774203535
snRNA	GSE104948-GPL24120	GLOM	BPL	BCELL	24	125	0.23840860215053758
snRNA	GSE104954-GPL22945	TUB	GLOM	PODO	23	60	0.9777716032231177
snRNA	GSE104954-GPL22945	TUB	GLOM	MES	36	60	0.16599055293136988
snRNA	GSE104954-GPL22945	TUB	GLOM	PEC	21	60	-0.07974437343706586
snRNA	GSE104954-GPL22945	TUB	PT	PT	15	60	0.8481244790219507
snRNA	GSE104954-GPL22945	TUB	TAL	LOH	26	60	0.767879966657405
snRNA	GSE104954-GPL22945	TUB	DCT	DCT	22	60	0.6520700194498473
snRNA	GSE104954-GPL22945	TUB	PC	CNT_PC	28	60	0.14181717143651018
snRNA	GSE104954-GPL22945	TUB	IC	IC	19	60	0.6226173937204781
snRNA	GSE104954-GPL22945	TUB	FIB	STROMA	41	60	0.8604176218893964
snRNA	GSE104954-GPL22945	TUB	VSMC	PERI	35	60	0.8142261739372049
snRNA	GSE104954-GPL22945	TUB	EC	ENDO_PT	31	60	0.4055015282022785
snRNA	GSE104954-GPL22945	TUB	MYE	MAC	32	60	0.8654626285079191
snRNA	GSE104954-GPL22945	TUB	TNK	TCELL	36	60	0.6450125034731872
snRNA	GSE104954-GPL22945	TUB	BPL	BCELL	24	60	0.5107529869408169
snRNA	GSE104954-GPL24120	TUB	GLOM	PODO	23	135	0.9289337625597504
snRNA	GSE104954-GPL24120	TUB	GLOM	MES	36	135	0.23271388157252954
snRNA	GSE104954-GPL24120	TUB	GLOM	PEC	21	135	0.21472103873110077
snRNA	GSE104954-GPL24120	TUB	PT	PT	15	135	0.8144327382694372
snRNA	GSE104954-GPL24120	TUB	TAL	LOH	26	135	0.8769632231001854
snRNA	GSE104954-GPL24120	TUB	DCT	DCT	22	135	0.6989594904886312
snRNA	GSE104954-GPL24120	TUB	PC	CNT_PC	28	135	0.2727880206809092
snRNA	GSE104954-GPL24120	TUB	IC	IC	19	135	0.5853965466783729
snRNA	GSE104954-GPL24120	TUB	FIB	STROMA	41	135	0.9030533606477418
snRNA	GSE104954-GPL24120	TUB	VSMC	PERI	35	135	0.5925080479953176
snRNA	GSE104954-GPL24120	TUB	EC	ENDO_PT	31	135	0.5167837284167398
snRNA	GSE104954-GPL24120	TUB	MYE	MAC	32	135	0.8378694761486686
snRNA	GSE104954-GPL24120	TUB	TNK	TCELL	36	135	0.49713198712320755
snRNA	GSE104954-GPL24120	TUB	BPL	BCELL	24	135	0.5661008682079797
snRNA	GSE108109-GPL19983	GLOM	PODO	PODO	47	111	0.7538697788697789
snRNA	GSE108109-GPL19983	GLOM	MES_VSMC	MES	49	111	0.24972797472797467
snRNA	GSE108109-GPL19983	GLOM	PEC	PEC	48	111	0.5146718146718146
snRNA	GSE108109-GPL19983	GLOM	PT	PT	40	111	0.8625921375921375
snRNA	GSE108109-GPL19983	GLOM	DIST	LOH	44	111	0.3447349947349947
snRNA	GSE108109-GPL19983	GLOM	DIST	DCT	46	111	0.3421726921726922
snRNA	GSE108109-GPL19983	GLOM	DIST	CNT_PC	46	111	0.4192962442962443
snRNA	GSE108109-GPL19983	GLOM	DIST	IC	47	111	0.27774657774657774
snRNA	GSE108109-GPL19983	GLOM	FIB	STROMA	49	111	0.7351790101790101
snRNA	GSE108109-GPL19983	GLOM	MES_VSMC	PERI	49	111	0.5884608634608635
snRNA	GSE108109-GPL19983	GLOM	EC	ENDO_PT	49	111	0.8005703755703755
snRNA	GSE108109-GPL19983	GLOM	MYE	MAC	49	111	0.8152246402246401
snRNA	GSE108109-GPL19983	GLOM	TNK	TCELL	48	111	0.6282994032994033
snRNA	GSE108109-GPL19983	GLOM	BPL	BCELL	44	111	0.2007107757107757
snRNA	GSE108112-GPL19983	TUB	GLOM	PODO	47	169	0.8962458356123516
snRNA	GSE108112-GPL19983	TUB	GLOM	MES	49	169	0.09554472676644625
snRNA	GSE108112-GPL19983	TUB	GLOM	PEC	48	169	0.1280368952314654
snRNA	GSE108112-GPL19983	TUB	PT	PT	40	169	0.8693028690766249
snRNA	GSE108112-GPL19983	TUB	TAL	LOH	44	169	0.8324200686191636
snRNA	GSE108112-GPL19983	TUB	DCT	DCT	46	169	0.7937024513947591
snRNA	GSE108112-GPL19983	TUB	PC	CNT_PC	46	169	0.14429665357267168
snRNA	GSE108112-GPL19983	TUB	IC	IC	47	169	0.7823554273780519
snRNA	GSE108112-GPL19983	TUB	FIB	STROMA	49	169	0.8350803043110736
snRNA	GSE108112-GPL19983	TUB	VSMC	PERI	49	169	0.6136890259062205
snRNA	GSE108112-GPL19983	TUB	EC	ENDO_PT	49	169	0.6390830888568445
snRNA	GSE108112-GPL19983	TUB	MYE	MAC	49	169	0.8439734473671126
snRNA	GSE108112-GPL19983	TUB	TNK	TCELL	48	169	0.7981751280393815
snRNA	GSE108112-GPL19983	TUB	BPL	BCELL	44	169	0.4603848640047736
snRNA	GSE115857-GPL14951	WHOLE	GLOM	PODO	37	86	0.8476531911882635
snRNA	GSE115857-GPL14951	WHOLE	GLOM	MES	44	86	0.23307703193546864
snRNA	GSE115857-GPL14951	WHOLE	GLOM	PEC	42	86	0.1560922685032313
snRNA	GSE115857-GPL14951	WHOLE	PT	PT	30	86	0.7509505165337987
snRNA	GSE115857-GPL14951	WHOLE	TAL	LOH	40	86	0.5995282796358319
snRNA	GSE115857-GPL14951	WHOLE	DCT	DCT	38	86	0.5701495353554413
snRNA	GSE115857-GPL14951	WHOLE	PC	CNT_PC	39	86	-0.033161941601018916
snRNA	GSE115857-GPL14951	WHOLE	IC	IC	41	86	0.652115665833294
snRNA	GSE115857-GPL14951	WHOLE	FIB	STROMA	49	86	0.7617812160950987
snRNA	GSE115857-GPL14951	WHOLE	VSMC	PERI	43	86	0.445219114109156
snRNA	GSE115857-GPL14951	WHOLE	EC	ENDO_PT	48	86	0.7598943346384264
snRNA	GSE115857-GPL14951	WHOLE	MYE	MAC	46	86	0.7229491957167791
snRNA	GSE115857-GPL14951	WHOLE	TNK	TCELL	42	86	0.7473277041369876
snRNA	GSE115857-GPL14951	WHOLE	BPL	BCELL	29	86	0.6902872777017783
snRNA	GSE133288-GPL19983	TUB	GLOM	PODO	47	132	0.9248537721820164
snRNA	GSE133288-GPL19983	TUB	GLOM	MES	49	132	0.06621863472004089
snRNA	GSE133288-GPL19983	TUB	GLOM	PEC	48	132	-0.07671426577501501
snRNA	GSE133288-GPL19983	TUB	PT	PT	40	132	0.7922756231313883
snRNA	GSE133288-GPL19983	TUB	TAL	LOH	44	132	0.8155051055814413
snRNA	GSE133288-GPL19983	TUB	DCT	DCT	46	132	0.8191001445320447
snRNA	GSE133288-GPL19983	TUB	PC	CNT_PC	46	132	0.0878149572404293
snRNA	GSE133288-GPL19983	TUB	IC	IC	47	132	0.8059237344631446
snRNA	GSE133288-GPL19983	TUB	FIB	STROMA	49	132	0.884838745023558
snRNA	GSE133288-GPL19983	TUB	VSMC	PERI	49	132	0.630937162475933
snRNA	GSE133288-GPL19983	TUB	EC	ENDO_PT	49	132	0.7354698335011712
snRNA	GSE133288-GPL19983	TUB	MYE	MAC	49	132	0.875832885475312
snRNA	GSE133288-GPL19983	TUB	TNK	TCELL	48	132	0.8035929518452618
snRNA	GSE133288-GPL19983	TUB	BPL	BCELL	44	132	0.5605547525997505
snRNA	GSE142025-RNAseq	WHOLE	GLOM	PODO	50	36	0.9812097812097812
snRNA	GSE142025-RNAseq	WHOLE	GLOM	MES	50	36	0.09652509652509651
snRNA	GSE142025-RNAseq	WHOLE	GLOM	PEC	50	36	-0.6303732303732305
snRNA	GSE142025-RNAseq	WHOLE	PT	PT	48	36	0.9660231660231662
snRNA	GSE142025-RNAseq	WHOLE	TAL	LOH	50	36	0.7804375804375805
snRNA	GSE142025-RNAseq	WHOLE	DCT	DCT	50	36	0.9855855855855857
snRNA	GSE142025-RNAseq	WHOLE	PC	CNT_PC	50	36	-0.2164736164736165
snRNA	GSE142025-RNAseq	WHOLE	IC	IC	50	36	0.8005148005148005
snRNA	GSE142025-RNAseq	WHOLE	FIB	STROMA	50	36	0.928957528957529
snRNA	GSE142025-RNAseq	WHOLE	VSMC	PERI	50	36	0.6581724581724582
snRNA	GSE142025-RNAseq	WHOLE	EC	ENDO_PT	50	36	0.8344916344916345
snRNA	GSE142025-RNAseq	WHOLE	MYE	MAC	50	36	0.9693693693693693
snRNA	GSE142025-RNAseq	WHOLE	TNK	TCELL	50	36	0.8761904761904763
snRNA	GSE142025-RNAseq	WHOLE	BPL	BCELL	50	36	0.9214929214929215
snRNA	GSE175759-RNAseq	TUB	GLOM	PODO	50	90	0.9005473926822241
snRNA	GSE175759-RNAseq	TUB	GLOM	MES	50	90	0.36563361731901056
snRNA	GSE175759-RNAseq	TUB	GLOM	PEC	50	90	-0.09264518253282297
snRNA	GSE175759-RNAseq	TUB	PT	PT	48	90	0.9186730872124129
snRNA	GSE175759-RNAseq	TUB	TAL	LOH	50	90	0.9088117874634728
snRNA	GSE175759-RNAseq	TUB	DCT	DCT	50	90	0.8352718442606083
snRNA	GSE175759-RNAseq	TUB	PC	CNT_PC	50	90	0.11901880890644935
snRNA	GSE175759-RNAseq	TUB	IC	IC	50	90	0.5513026299543153
snRNA	GSE175759-RNAseq	TUB	FIB	STROMA	50	90	0.9316788080833025
snRNA	GSE175759-RNAseq	TUB	VSMC	PERI	50	90	0.6515289953492199
snRNA	GSE175759-RNAseq	TUB	EC	ENDO_PT	50	90	0.7582252953039469
snRNA	GSE175759-RNAseq	TUB	MYE	MAC	50	90	0.9142280940033749
snRNA	GSE175759-RNAseq	TUB	TNK	TCELL	50	90	0.7694859447668435
snRNA	GSE175759-RNAseq	TUB	BPL	BCELL	50	90	0.7116516442359139
snRNA	GSE182380-RNAseq	TUB	GLOM	PODO	38	199	0.8719750266483935
snRNA	GSE182380-RNAseq	TUB	GLOM	MES	46	199	0.37194609410689816
snRNA	GSE182380-RNAseq	TUB	GLOM	PEC	42	199	0.24900867976244861
snRNA	GSE182380-RNAseq	TUB	PT	PT	30	199	0.8855474341403989
snRNA	GSE182380-RNAseq	TUB	TAL	LOH	39	199	0.8313065326633166
snRNA	GSE182380-RNAseq	TUB	DCT	DCT	41	199	0.715492614588092
snRNA	GSE182380-RNAseq	TUB	PC	CNT_PC	39	199	0.08229176183950054
snRNA	GSE182380-RNAseq	TUB	IC	IC	41	199	0.5435617481346124
snRNA	GSE182380-RNAseq	TUB	FIB	STROMA	49	199	0.8703487132632861
snRNA	GSE182380-RNAseq	TUB	VSMC	PERI	46	199	0.5823435358611238
snRNA	GSE182380-RNAseq	TUB	EC	ENDO_PT	48	199	0.5247236180904522
snRNA	GSE182380-RNAseq	TUB	MYE	MAC	46	199	0.8629389371097914
snRNA	GSE182380-RNAseq	TUB	TNK	TCELL	41	199	0.8738095301544451
snRNA	GSE182380-RNAseq	TUB	BPL	BCELL	29	199	0.7677478300593878
snRNA	GSE200818-GPL19983	TUB	GLOM	PODO	47	25	0.8523076923076923
snRNA	GSE200818-GPL19983	TUB	GLOM	MES	49	25	0.3823076923076923
snRNA	GSE200818-GPL19983	TUB	GLOM	PEC	48	25	0.3738461538461539
snRNA	GSE200818-GPL19983	TUB	PT	PT	40	25	0.713076923076923
snRNA	GSE200818-GPL19983	TUB	TAL	LOH	44	25	0.27615384615384614
snRNA	GSE200818-GPL19983	TUB	DCT	DCT	46	25	0.8692307692307691
snRNA	GSE200818-GPL19983	TUB	PC	CNT_PC	46	25	-0.12230769230769231
snRNA	GSE200818-GPL19983	TUB	IC	IC	47	25	0.8315384615384616
snRNA	GSE200818-GPL19983	TUB	FIB	STROMA	49	25	0.86
snRNA	GSE200818-GPL19983	TUB	VSMC	PERI	49	25	0.5923076923076923
snRNA	GSE200818-GPL19983	TUB	EC	ENDO_PT	49	25	0.6353846153846153
snRNA	GSE200818-GPL19983	TUB	MYE	MAC	49	25	0.6984615384615384
snRNA	GSE200818-GPL19983	TUB	TNK	TCELL	48	25	0.3869230769230769
snRNA	GSE200818-GPL19983	TUB	BPL	BCELL	44	25	0.6199999999999999
snRNA	GSE30528-GPL571CEL	GLOM	PODO	PODO	23	22	0.805759457933371
snRNA	GSE30528-GPL571CEL	GLOM	MES_VSMC	MES	36	22	0.2523997741389046
snRNA	GSE30528-GPL571CEL	GLOM	PEC	PEC	21	22	0.6837944664031621
snRNA	GSE30528-GPL571CEL	GLOM	PT	PT	16	22	0.8633540372670809
snRNA	GSE30528-GPL571CEL	GLOM	DIST	LOH	27	22	0.5279503105590062
snRNA	GSE30528-GPL571CEL	GLOM	DIST	DCT	23	22	-0.33032185206098247
snRNA	GSE30528-GPL571CEL	GLOM	DIST	CNT_PC	30	22	0.8520609824957651
snRNA	GSE30528-GPL571CEL	GLOM	DIST	IC	19	22	0.5031055900621118
snRNA	GSE30528-GPL571CEL	GLOM	FIB	STROMA	41	22	0.8893280632411069
snRNA	GSE30528-GPL571CEL	GLOM	MES_VSMC	PERI	34	22	0.3280632411067194
snRNA	GSE30528-GPL571CEL	GLOM	EC	ENDO_PT	32	22	0.7978543195934501
snRNA	GSE30528-GPL571CEL	GLOM	MYE	MAC	32	22	0.6928289102202146
snRNA	GSE30528-GPL571CEL	GLOM	TNK	TCELL	35	22	0.7831733483907399
snRNA	GSE30528-GPL571CEL	GLOM	BPL	BCELL	24	22	0.5369847543760589
snRNA	GSE30529-GPL571CEL	TUB	GLOM	PODO	23	22	0.9164313946922643
snRNA	GSE30529-GPL571CEL	TUB	GLOM	MES	36	22	-0.1993224167137211
snRNA	GSE30529-GPL571CEL	TUB	GLOM	PEC	21	22	-0.25465838509316774
snRNA	GSE30529-GPL571CEL	TUB	PT	PT	16	22	0.8181818181818183
snRNA	GSE30529-GPL571CEL	TUB	TAL	LOH	27	22	0.8701298701298703
snRNA	GSE30529-GPL571CEL	TUB	DCT	DCT	23	22	0.769621682665161
snRNA	GSE30529-GPL571CEL	TUB	PC	CNT_PC	30	22	-0.10220214568040656
snRNA	GSE30529-GPL571CEL	TUB	IC	IC	19	22	0.6081309994353473
snRNA	GSE30529-GPL571CEL	TUB	FIB	STROMA	41	22	0.9548277809147376
snRNA	GSE30529-GPL571CEL	TUB	VSMC	PERI	34	22	0.7470355731225299
snRNA	GSE30529-GPL571CEL	TUB	EC	ENDO_PT	32	22	0.7639751552795032
snRNA	GSE30529-GPL571CEL	TUB	MYE	MAC	32	22	0.839638622247318
snRNA	GSE30529-GPL571CEL	TUB	TNK	TCELL	35	22	0.7763975155279503
snRNA	GSE30529-GPL571CEL	TUB	BPL	BCELL	24	22	0.5448898927159798
snRNA	GSE32591-GPL14663	GLOM	PODO	PODO	22	46	0.9660807893925377
snRNA	GSE32591-GPL14663	GLOM	MES_VSMC	MES	35	46	-0.23354918285538084
snRNA	GSE32591-GPL14663	GLOM	PEC	PEC	22	46	0.6936170212765956
snRNA	GSE32591-GPL14663	GLOM	PT	PT	15	46	0.9247610237434474
snRNA	GSE32591-GPL14663	GLOM	DIST	LOH	24	46	0.6305889608387295
snRNA	GSE32591-GPL14663	GLOM	DIST	DCT	22	46	0.4630897317298797
snRNA	GSE32591-GPL14663	GLOM	DIST	CNT_PC	26	46	0.8728337958680235
snRNA	GSE32591-GPL14663	GLOM	DIST	IC	18	46	0.4476719087264879
snRNA	GSE32591-GPL14663	GLOM	FIB	STROMA	40	46	0.6823928461301263
snRNA	GSE32591-GPL14663	GLOM	MES_VSMC	PERI	34	46	0.35356151711378353
snRNA	GSE32591-GPL14663	GLOM	EC	ENDO_PT	29	46	0.6735121800801727
snRNA	GSE32591-GPL14663	GLOM	MYE	MAC	32	46	0.9406722170829479
snRNA	GSE32591-GPL14663	GLOM	TNK	TCELL	36	46	0.45630588960838725
snRNA	GSE32591-GPL14663	GLOM	BPL	BCELL	26	46	0.039901325932778293
snRNA	GSE32591-GPL14663	TUB	GLOM	PODO	22	12	0.8531468531468532
snRNA	GSE32591-GPL14663	TUB	GLOM	MES	35	12	0.027972027972027972
snRNA	GSE32591-GPL14663	TUB	GLOM	PEC	22	12	-0.07692307692307693
snRNA	GSE32591-GPL14663	TUB	PT	PT	15	12	0.3356643356643357
snRNA	GSE32591-GPL14663	TUB	TAL	LOH	24	12	0.5314685314685316
snRNA	GSE32591-GPL14663	TUB	DCT	DCT	22	12	0.6923076923076924
snRNA	GSE32591-GPL14663	TUB	PC	CNT_PC	26	12	-0.006993006993006993
snRNA	GSE32591-GPL14663	TUB	IC	IC	18	12	0.3076923076923077
snRNA	GSE32591-GPL14663	TUB	FIB	STROMA	40	12	0.6853146853146854
snRNA	GSE32591-GPL14663	TUB	VSMC	PERI	34	12	0.7692307692307694
snRNA	GSE32591-GPL14663	TUB	EC	ENDO_PT	29	12	0.4755244755244756
snRNA	GSE32591-GPL14663	TUB	MYE	MAC	32	12	0.8951048951048951
snRNA	GSE32591-GPL14663	TUB	TNK	TCELL	36	12	0.8741258741258742
snRNA	GSE32591-GPL14663	TUB	BPL	BCELL	26	12	0.2937062937062937
snRNA	GSE37460-GPL11670	GLOM	PODO	PODO	22	18	0.5190918472652218
snRNA	GSE37460-GPL11670	GLOM	MES_VSMC	MES	35	18	0.08359133126934985
snRNA	GSE37460-GPL11670	GLOM	PEC	PEC	22	18	0.44272445820433437
snRNA	GSE37460-GPL11670	GLOM	PT	PT	15	18	0.6842105263157895
snRNA	GSE37460-GPL11670	GLOM	DIST	LOH	24	18	0.46955624355005166
snRNA	GSE37460-GPL11670	GLOM	DIST	DCT	22	18	0.7461300309597524
snRNA	GSE37460-GPL11670	GLOM	DIST	CNT_PC	26	18	0.8596491228070176
snRNA	GSE37460-GPL11670	GLOM	DIST	IC	18	18	0.6222910216718266
snRNA	GSE37460-GPL11670	GLOM	FIB	STROMA	40	18	0.7213622291021672
snRNA	GSE37460-GPL11670	GLOM	MES_VSMC	PERI	34	18	0.6842105263157895
snRNA	GSE37460-GPL11670	GLOM	EC	ENDO_PT	29	18	0.8307533539731682
snRNA	GSE37460-GPL11670	GLOM	MYE	MAC	32	18	0.10216718266253869
snRNA	GSE37460-GPL11670	GLOM	TNK	TCELL	36	18	0.5851393188854489
snRNA	GSE37460-GPL11670	GLOM	BPL	BCELL	26	18	-0.12280701754385966
snRNA	GSE37460-GPL14663	GLOM	PODO	PODO	22	51	0.8219909502262442
snRNA	GSE37460-GPL14663	GLOM	MES_VSMC	MES	35	51	0.5178280542986424
snRNA	GSE37460-GPL14663	GLOM	PEC	PEC	22	51	0.8535746606334841
snRNA	GSE37460-GPL14663	GLOM	PT	PT	15	51	0.9165610859728507
snRNA	GSE37460-GPL14663	GLOM	DIST	LOH	24	51	0.4428959276018099
snRNA	GSE37460-GPL14663	GLOM	DIST	DCT	22	51	0.38488687782805425
snRNA	GSE37460-GPL14663	GLOM	DIST	CNT_PC	26	51	0.6498642533936652
snRNA	GSE37460-GPL14663	GLOM	DIST	IC	18	51	0.5535746606334842
snRNA	GSE37460-GPL14663	GLOM	FIB	STROMA	40	51	0.734841628959276
snRNA	GSE37460-GPL14663	GLOM	MES_VSMC	PERI	34	51	0.8187330316742081
snRNA	GSE37460-GPL14663	GLOM	EC	ENDO_PT	29	51	0.7832579185520361
snRNA	GSE37460-GPL14663	GLOM	MYE	MAC	32	51	0.7944796380090497
snRNA	GSE37460-GPL14663	GLOM	TNK	TCELL	36	51	0.5227149321266967
snRNA	GSE37460-GPL14663	GLOM	BPL	BCELL	26	51	0.3483257918552036
snRNA	GSE47183-GPL11670	GLOM	PODO	PODO	22	52	0.8576795014086911
snRNA	GSE47183-GPL11670	GLOM	MES_VSMC	MES	35	52	0.3549048066251174
snRNA	GSE47183-GPL11670	GLOM	PEC	PEC	22	52	0.5715871254162042
snRNA	GSE47183-GPL11670	GLOM	PT	PT	15	52	0.9119781439426278
snRNA	GSE47183-GPL11670	GLOM	DIST	LOH	24	52	0.3333902501494066
snRNA	GSE47183-GPL11670	GLOM	DIST	DCT	22	52	0.16742081447963802
snRNA	GSE47183-GPL11670	GLOM	DIST	CNT_PC	26	52	0.788098693759071
snRNA	GSE47183-GPL11670	GLOM	DIST	IC	18	52	0.5577563391103901
snRNA	GSE47183-GPL11670	GLOM	FIB	STROMA	40	52	0.7940749594467685
snRNA	GSE47183-GPL11670	GLOM	MES_VSMC	PERI	34	52	0.7026380944249978
snRNA	GSE47183-GPL11670	GLOM	EC	ENDO_PT	29	52	0.8178092717493383
snRNA	GSE47183-GPL11670	GLOM	MYE	MAC	32	52	0.9094168872193289
snRNA	GSE47183-GPL11670	GLOM	TNK	TCELL	36	52	0.5544267053701015
snRNA	GSE47183-GPL11670	GLOM	BPL	BCELL	26	52	0.10356014684538546
snRNA	GSE47183-GPL14663	GLOM	PODO	PODO	22	51	0.8209954751131221
snRNA	GSE47183-GPL14663	GLOM	MES_VSMC	MES	35	51	0.3001809954751131
snRNA	GSE47183-GPL14663	GLOM	PEC	PEC	22	51	0.6310407239819004
snRNA	GSE47183-GPL14663	GLOM	PT	PT	15	51	0.883891402714932
snRNA	GSE47183-GPL14663	GLOM	DIST	LOH	24	51	0.5106787330316742
snRNA	GSE47183-GPL14663	GLOM	DIST	DCT	22	51	0.40117647058823525
snRNA	GSE47183-GPL14663	GLOM	DIST	CNT_PC	26	51	0.7334841628959275
snRNA	GSE47183-GPL14663	GLOM	DIST	IC	18	51	0.4724886877828054
snRNA	GSE47183-GPL14663	GLOM	FIB	STROMA	40	51	0.7000000000000001
snRNA	GSE47183-GPL14663	GLOM	MES_VSMC	PERI	34	51	0.7828959276018099
snRNA	GSE47183-GPL14663	GLOM	EC	ENDO_PT	29	51	0.8364705882352941
snRNA	GSE47183-GPL14663	GLOM	MYE	MAC	32	51	0.7035294117647057
snRNA	GSE47183-GPL14663	GLOM	TNK	TCELL	36	51	0.7354751131221718
snRNA	GSE47183-GPL14663	GLOM	BPL	BCELL	26	51	0.18361990950226242
snRNA	GSE69438-GPL11670	TUB	GLOM	PODO	36	42	0.9695324527996111
snRNA	GSE69438-GPL11670	TUB	GLOM	MES	44	42	0.2934122032250223
snRNA	GSE69438-GPL11670	TUB	GLOM	PEC	40	42	0.05420954541771331
snRNA	GSE69438-GPL11670	TUB	PT	PT	26	42	0.9152418766712584
snRNA	GSE69438-GPL11670	TUB	TAL	LOH	39	42	0.9367960457013209
snRNA	GSE69438-GPL11670	TUB	DCT	DCT	39	42	0.7888339680739
snRNA	GSE69438-GPL11670	TUB	PC	CNT_PC	39	42	0.2768819382545985
snRNA	GSE69438-GPL11670	TUB	IC	IC	40	42	0.6676120249574589
snRNA	GSE69438-GPL11670	TUB	FIB	STROMA	49	42	0.8748885827728711
snRNA	GSE69438-GPL11670	TUB	VSMC	PERI	44	42	0.5374767036706912
snRNA	GSE69438-GPL11670	TUB	EC	ENDO_PT	43	42	0.7009966777408637
snRNA	GSE69438-GPL11670	TUB	MYE	MAC	44	42	0.8389109472490075
snRNA	GSE69438-GPL11670	TUB	TNK	TCELL	42	42	0.8586824406450047
snRNA	GSE69438-GPL11670	TUB	BPL	BCELL	34	42	0.6838181670853254
snRNA	GSE93798-GPL22945	GLOM	PODO	PODO	42	42	0.8017988817761932
snRNA	GSE93798-GPL22945	GLOM	MES_VSMC	MES	45	42	0.2804472895227291
snRNA	GSE93798-GPL22945	GLOM	PEC	PEC	42	42	0.7434567701158739
snRNA	GSE93798-GPL22945	GLOM	PT	PT	31	42	0.9491127137184994
snRNA	GSE93798-GPL22945	GLOM	DIST	LOH	41	42	0.09294222510331417
snRNA	GSE93798-GPL22945	GLOM	DIST	DCT	41	42	0.3600194473705535
snRNA	GSE93798-GPL22945	GLOM	DIST	CNT_PC	43	42	0.6611295681063123
snRNA	GSE93798-GPL22945	GLOM	DIST	IC	45	42	0.660805445263755
snRNA	GSE93798-GPL22945	GLOM	FIB	STROMA	49	42	0.8872052507900494
snRNA	GSE93798-GPL22945	GLOM	MES_VSMC	PERI	46	42	0.4019933554817276
snRNA	GSE93798-GPL22945	GLOM	EC	ENDO_PT	48	42	0.7544769467628231
snRNA	GSE93798-GPL22945	GLOM	MYE	MAC	46	42	0.8006644518272426
snRNA	GSE93798-GPL22945	GLOM	TNK	TCELL	44	42	0.6640466736893283
snRNA	GSE93798-GPL22945	GLOM	BPL	BCELL	35	42	0.039137833238797506
snRNA	GSE96804-GPL17586	GLOM	PODO	PODO	40	61	0.8731359069275515
snRNA	GSE96804-GPL17586	GLOM	MES_VSMC	MES	46	61	0.18635642517186674
snRNA	GSE96804-GPL17586	GLOM	PEC	PEC	42	61	0.7593336858804864
snRNA	GSE96804-GPL17586	GLOM	PT	PT	31	61	0.8627181385510311
snRNA	GSE96804-GPL17586	GLOM	DIST	LOH	43	61	0.16261237440507664
snRNA	GSE96804-GPL17586	GLOM	DIST	DCT	42	61	-0.12686409307244842
snRNA	GSE96804-GPL17586	GLOM	DIST	CNT_PC	45	61	0.34902168164992065
snRNA	GSE96804-GPL17586	GLOM	DIST	IC	45	61	0.03553675304071919
snRNA	GSE96804-GPL17586	GLOM	FIB	STROMA	48	61	0.9357482813326283
snRNA	GSE96804-GPL17586	GLOM	MES_VSMC	PERI	45	61	0.5580645161290322
snRNA	GSE96804-GPL17586	GLOM	EC	ENDO_PT	47	61	0.7240084611316763
snRNA	GSE96804-GPL17586	GLOM	MYE	MAC	46	61	0.8567424643046007
snRNA	GSE96804-GPL17586	GLOM	TNK	TCELL	40	61	0.1995769434161819
snRNA	GSE96804-GPL17586	GLOM	BPL	BCELL	32	61	0.19613960867265992
snRNA	GSE99339-GPL19109	GLOM	PODO	PODO	23	54	0.8230607966457022
snRNA	GSE99339-GPL19109	GLOM	MES_VSMC	MES	33	54	0.41459881837240325
snRNA	GSE99339-GPL19109	GLOM	PEC	PEC	15	54	0.6746331236897274
snRNA	GSE99339-GPL19109	GLOM	PT	PT	13	54	0.9282637697732036
snRNA	GSE99339-GPL19109	GLOM	DIST	LOH	22	54	0.32288927005908136
snRNA	GSE99339-GPL19109	GLOM	DIST	DCT	17	54	0.0771869639794168
snRNA	GSE99339-GPL19109	GLOM	DIST	CNT_PC	24	54	0.7913474366304554
snRNA	GSE99339-GPL19109	GLOM	DIST	IC	15	54	0.2206594244330093
snRNA	GSE99339-GPL19109	GLOM	FIB	STROMA	39	54	0.8214598818372402
snRNA	GSE99339-GPL19109	GLOM	MES_VSMC	PERI	26	54	0.6802744425385934
snRNA	GSE99339-GPL19109	GLOM	EC	ENDO_PT	27	54	0.8591194968553458
snRNA	GSE99339-GPL19109	GLOM	MYE	MAC	28	54	0.9281875357347055
snRNA	GSE99339-GPL19109	GLOM	TNK	TCELL	25	54	0.5655422145988184
snRNA	GSE99339-GPL19109	GLOM	BPL	BCELL	21	54	0.165008576329331
snRNA	GSE99339-GPL19184	GLOM	PODO	PODO	23	126	0.8809448818897638
snRNA	GSE99339-GPL19184	GLOM	MES_VSMC	MES	33	126	0.14232320959880015
snRNA	GSE99339-GPL19184	GLOM	PEC	PEC	15	126	0.756562429696288
snRNA	GSE99339-GPL19184	GLOM	PT	PT	13	126	0.9271811023622049
snRNA	GSE99339-GPL19184	GLOM	DIST	LOH	22	126	0.5851218597675292
snRNA	GSE99339-GPL19184	GLOM	DIST	DCT	17	126	0.293594300712411
snRNA	GSE99339-GPL19184	GLOM	DIST	CNT_PC	24	126	0.81510911136108
snRNA	GSE99339-GPL19184	GLOM	DIST	IC	15	126	0.3514570678665167
snRNA	GSE99339-GPL19184	GLOM	FIB	STROMA	39	126	0.6997675290588676
snRNA	GSE99339-GPL19184	GLOM	MES_VSMC	PERI	26	126	0.7186831646044246
snRNA	GSE99339-GPL19184	GLOM	EC	ENDO_PT	27	126	0.786636670416198
snRNA	GSE99339-GPL19184	GLOM	MYE	MAC	28	126	0.8674765654293214
snRNA	GSE99339-GPL19184	GLOM	TNK	TCELL	25	126	0.6504296962879641
snRNA	GSE99339-GPL19184	GLOM	BPL	BCELL	21	126	0.28936482939632546
