term	compartment	variant	nes	p	fdr	col	y
HALLMARK_INTERFERON_ALPHA_RESPONSE	GLOM	full	2.69266	0	0	0	32
HALLMARK_ALLOGRAFT_REJECTION	GLOM	full	2.66953	0	0	0	30
HALLMARK_INTERFERON_GAMMA_RESPONSE	GLOM	full	2.63237	0	0	0	31
HALLMARK_EPITHELIAL_MESENCHYMAL_TRANSITION	GLOM	full	2.26044	0	0	0	29
HALLMARK_G2M_CHECKPOINT	GLOM	full	2.0379	0	0.000440432	0	26
HALLMARK_IL6_JAK_STAT3_SIGNALING	GLOM	full	2.01843	0	0.00055054	0	27
HALLMARK_INFLAMMATORY_RESPONSE	GLOM	full	1.99899	0	0.000471891	0	25
HALLMARK_E2F_TARGETS	GLOM	full	1.99321	0	0.000412905	0	28
HALLMARK_COMPLEMENT	GLOM	full	1.89902	0	0.000489368	0	24
HALLMARK_WNT_BETA_CATENIN_SIGNALING	GLOM	full	1.66149	0.0136187	0.00627615	0	18
HALLMARK_APOPTOSIS	GLOM	full	1.65913	0.0018315	0.00580569	0	13
HALLMARK_DNA_REPAIR	GLOM	full	1.58191	0.00366972	0.0106438	0	23
HALLMARK_KRAS_SIGNALING_UP	GLOM	full	1.47395	0.00524476	0.0271035	0	22
HALLMARK_MITOTIC_SPINDLE	GLOM	full	1.4607	0.00172414	0.0279202	0	17
HALLMARK_IL2_STAT5_SIGNALING	GLOM	full	1.44083	0.00904159	0.0315643	0	16
HALLMARK_NOTCH_SIGNALING	GLOM	full	1.42273	0.0567766	0.0351657	0	15
HALLMARK_APICAL_JUNCTION	GLOM	full	1.35952	0.00580271	0.0589401	0	19
HALLMARK_ANGIOGENESIS	GLOM	full	1.34135	0.0861057	0.0656365	0	21
HALLMARK_MYC_TARGETS_V1	GLOM	full	1.25754	0.0602637	0.129464	0	20
HALLMARK_TNFA_SIGNALING_VIA_NFKB	GLOM	full	1.17762	0.111307	0.21471	0	8
HALLMARK_PROTEIN_SECRETION	GLOM	full	0.871069	0.737736	0.822939	0	14
HALLMARK_UV_RESPONSE_UP	GLOM	full	-1.05676	0.316159	0.377025	0	7
HALLMARK_HYPOXIA	GLOM	full	-1.32251	0.0215054	0.0775088	0	4
HALLMARK_PANCREAS_BETA_CELLS	GLOM	full	-1.40171	0.0461216	0.0415751	0	6
HALLMARK_REACTIVE_OXYGEN_SPECIES_PATHWAY	GLOM	full	-1.4088	0.0466667	0.0424834	0	11
HALLMARK_ESTROGEN_RESPONSE_LATE	GLOM	full	-1.58709	0	0.0090094	0	12
HALLMARK_PEROXISOME	GLOM	full	-1.72388	0	0.00288803	0	9
HALLMARK_ADIPOGENESIS	GLOM	full	-1.73833	0	0.00307638	0	10
HALLMARK_KRAS_SIGNALING_DN	GLOM	full	-1.75136	0	0.00316428	0	0
HALLMARK_BILE_ACID_METABOLISM	GLOM	full	-1.97373	0	0	0	5
HALLMARK_FATTY_ACID_METABOLISM	GLOM	full	-2.19397	0	0	0	2
HALLMARK_OXIDATIVE_PHOSPHORYLATION	GLOM	full	-2.20907	0	0	0	3
HALLMARK_XENOBIOTIC_METABOLISM	GLOM	full	-2.24999	0	0	0	1
HALLMARK_INTERFERON_ALPHA_RESPONSE	TUB	full	2.71506	0	0	1	32
HALLMARK_INTERFERON_GAMMA_RESPONSE	TUB	full	2.59389	0	0	1	31
HALLMARK_ALLOGRAFT_REJECTION	TUB	full	2.30521	0	0	1	30
HALLMARK_E2F_TARGETS	TUB	full	2.15579	0	0	1	28
HALLMARK_IL6_JAK_STAT3_SIGNALING	TUB	full	2.0612	0	0	1	27
HALLMARK_EPITHELIAL_MESENCHYMAL_TRANSITION	TUB	full	1.99775	0	0	1	29
HALLMARK_G2M_CHECKPOINT	TUB	full	1.89078	0	0.000261411	1	26
HALLMARK_DNA_REPAIR	TUB	full	1.87746	0	0.000228734	1	23
HALLMARK_INFLAMMATORY_RESPONSE	TUB	full	1.80137	0	0.000609958	1	25
HALLMARK_COMPLEMENT	TUB	full	1.76059	0	0.0014639	1	24
HALLMARK_MYC_TARGETS_V1	TUB	full	1.69482	0	0.00307752	1	20
HALLMARK_ANGIOGENESIS	TUB	full	1.62182	0.0107362	0.00838692	1	21
HALLMARK_KRAS_SIGNALING_UP	TUB	full	1.60272	0	0.00978279	1	22
HALLMARK_APICAL_JUNCTION	TUB	full	1.56258	0.00123609	0.0128091	1	19
HALLMARK_PROTEIN_SECRETION	TUB	full	1.49459	0.0149254	0.0246423	1	14
HALLMARK_MITOTIC_SPINDLE	TUB	full	1.32945	0.0442804	0.110976	1	17
HALLMARK_IL2_STAT5_SIGNALING	TUB	full	1.27397	0.074359	0.134454	1	16
HALLMARK_WNT_BETA_CATENIN_SIGNALING	TUB	full	1.18229	0.232416	0.245127	1	18
HALLMARK_ESTROGEN_RESPONSE_LATE	TUB	full	1.15739	0.175121	0.276238	1	12
HALLMARK_NOTCH_SIGNALING	TUB	full	1.04729	0.390476	0.502441	1	15
HALLMARK_ADIPOGENESIS	TUB	full	1.0119	0.42623	0.533629	1	10
HALLMARK_REACTIVE_OXYGEN_SPECIES_PATHWAY	TUB	full	0.970543	0.525622	0.592555	1	11
HALLMARK_PEROXISOME	TUB	full	0.808347	0.798177	0.84961	1	9
HALLMARK_BILE_ACID_METABOLISM	TUB	full	-0.878166	0.772727	0.767921	1	5
HALLMARK_OXIDATIVE_PHOSPHORYLATION	TUB	full	-1.06434	0.305263	0.331937	1	3
HALLMARK_FATTY_ACID_METABOLISM	TUB	full	-1.07972	0.283721	0.322106	1	2
HALLMARK_PANCREAS_BETA_CELLS	TUB	full	-1.27222	0.146199	0.124351	1	6
HALLMARK_APOPTOSIS	TUB	full	-1.2736	0.027907	0.139926	1	13
HALLMARK_XENOBIOTIC_METABOLISM	TUB	full	-1.281	0.0348837	0.153882	1	1
HALLMARK_UV_RESPONSE_UP	TUB	full	-1.55157	0	0.0287332	1	7
HALLMARK_HYPOXIA	TUB	full	-1.90648	0	0	1	4
HALLMARK_TNFA_SIGNALING_VIA_NFKB	TUB	full	-2.29132	0	0	1	8
HALLMARK_KRAS_SIGNALING_DN	TUB	full	-2.39576	0	0	1	0
HALLMARK_ALLOGRAFT_REJECTION	GLOM	no_proc_ieg	2.72303	0	0	2	30
HALLMARK_INTERFERON_ALPHA_RESPONSE	GLOM	no_proc_ieg	2.70253	0	0	2	32
HALLMARK_INTERFERON_GAMMA_RESPONSE	GLOM	no_proc_ieg	2.62116	0	0	2	31
HALLMARK_EPITHELIAL_MESENCHYMAL_TRANSITION	GLOM	no_proc_ieg	2.34611	0	0	2	29
HALLMARK_G2M_CHECKPOINT	GLOM	no_proc_ieg	2.16107	0	0	2	26
HALLMARK_E2F_TARGETS	GLOM	no_proc_ieg	2.0792	0	0	2	28
HALLMARK_INFLAMMATORY_RESPONSE	GLOM	no_proc_ieg	2.02768	0	0	2	25
HALLMARK_IL6_JAK_STAT3_SIGNALING	GLOM	no_proc_ieg	1.93627	0	0	2	27
HALLMARK_COMPLEMENT	GLOM	no_proc_ieg	1.9251	0	0	2	24
HALLMARK_APOPTOSIS	GLOM	no_proc_ieg	1.90958	0	0.000127674	2	13
HALLMARK_DNA_REPAIR	GLOM	no_proc_ieg	1.6975	0	0.00324989	2	23
HALLMARK_MYC_TARGETS_V1	GLOM	no_proc_ieg	1.65726	0	0.00531977	2	20
HALLMARK_TNFA_SIGNALING_VIA_NFKB	GLOM	no_proc_ieg	1.65661	0	0.00491055	2	8
HALLMARK_WNT_BETA_CATENIN_SIGNALING	GLOM	no_proc_ieg	1.61801	0.015534	0.00656611	2	18
HALLMARK_KRAS_SIGNALING_UP	GLOM	no_proc_ieg	1.53513	0	0.016087	2	22
HALLMARK_MITOTIC_SPINDLE	GLOM	no_proc_ieg	1.53496	0.00375235	0.0150815	2	17
HALLMARK_IL2_STAT5_SIGNALING	GLOM	no_proc_ieg	1.50198	0.0019084	0.0196769	2	16
HALLMARK_APICAL_JUNCTION	GLOM	no_proc_ieg	1.3909	0.01875	0.0485163	2	19
HALLMARK_ANGIOGENESIS	GLOM	no_proc_ieg	1.30028	0.121622	0.0993945	2	21
HALLMARK_NOTCH_SIGNALING	GLOM	no_proc_ieg	1.2186	0.186047	0.173985	2	15
HALLMARK_PROTEIN_SECRETION	GLOM	no_proc_ieg	1.11008	0.246316	0.322352	2	14
HALLMARK_UV_RESPONSE_UP	GLOM	no_proc_ieg	0.859676	0.795497	0.785352	2	7
HALLMARK_HYPOXIA	GLOM	no_proc_ieg	-1.21155	0.0808511	0.164289	2	4
HALLMARK_REACTIVE_OXYGEN_SPECIES_PATHWAY	GLOM	no_proc_ieg	-1.25165	0.142857	0.135906	2	11
HALLMARK_PANCREAS_BETA_CELLS	GLOM	no_proc_ieg	-1.37785	0.0673469	0.0595923	2	6
HALLMARK_ESTROGEN_RESPONSE_LATE	GLOM	no_proc_ieg	-1.49507	0.00210084	0.0234909	2	12
HALLMARK_ADIPOGENESIS	GLOM	no_proc_ieg	-1.58305	0	0.011161	2	10
HALLMARK_KRAS_SIGNALING_DN	GLOM	no_proc_ieg	-1.69849	0	0.00375385	2	0
HALLMARK_PEROXISOME	GLOM	no_proc_ieg	-1.78753	0	0.00168923	2	9
HALLMARK_BILE_ACID_METABOLISM	GLOM	no_proc_ieg	-1.93778	0	0.000527885	2	5
HALLMARK_FATTY_ACID_METABOLISM	GLOM	no_proc_ieg	-1.99335	0	0.000469231	2	2
HALLMARK_OXIDATIVE_PHOSPHORYLATION	GLOM	no_proc_ieg	-2.02997	0	0.000351923	2	3
HALLMARK_XENOBIOTIC_METABOLISM	GLOM	no_proc_ieg	-2.28632	0	0	2	1
HALLMARK_INTERFERON_ALPHA_RESPONSE	TUB	no_proc_ieg	2.71993	0	0	3	32
HALLMARK_INTERFERON_GAMMA_RESPONSE	TUB	no_proc_ieg	2.61421	0	0	3	31
HALLMARK_ALLOGRAFT_REJECTION	TUB	no_proc_ieg	2.31734	0	0	3	30
HALLMARK_E2F_TARGETS	TUB	no_proc_ieg	2.20485	0	0	3	28
HALLMARK_EPITHELIAL_MESENCHYMAL_TRANSITION	TUB	no_proc_ieg	2.13196	0	0	3	29
HALLMARK_IL6_JAK_STAT3_SIGNALING	TUB	no_proc_ieg	2.07938	0	0	3	27
HALLMARK_G2M_CHECKPOINT	TUB	no_proc_ieg	1.98869	0	0	3	26
HALLMARK_DNA_REPAIR	TUB	no_proc_ieg	1.95633	0	0.000123229	3	23
HALLMARK_MYC_TARGETS_V1	TUB	no_proc_ieg	1.92882	0	0.000109537	3	20
HALLMARK_INFLAMMATORY_RESPONSE	TUB	no_proc_ieg	1.88166	0	0.000394334	3	25
HALLMARK_COMPLEMENT	TUB	no_proc_ieg	1.79661	0	0.00152356	3	24
HALLMARK_KRAS_SIGNALING_UP	TUB	no_proc_ieg	1.70348	0	0.00320396	3	22
HALLMARK_PROTEIN_SECRETION	TUB	no_proc_ieg	1.65352	0.00273598	0.00500501	3	14
HALLMARK_ANGIOGENESIS	TUB	no_proc_ieg	1.61458	0.00464396	0.0075346	3	21
HALLMARK_APICAL_JUNCTION	TUB	no_proc_ieg	1.53607	0.00362757	0.0192566	3	19
HALLMARK_IL2_STAT5_SIGNALING	TUB	no_proc_ieg	1.43446	0.00853659	0.0457318	3	16
HALLMARK_MITOTIC_SPINDLE	TUB	no_proc_ieg	1.35891	0.0300842	0.0798526	3	17
HALLMARK_APOPTOSIS	TUB	no_proc_ieg	1.33245	0.0456853	0.0956708	3	13
HALLMARK_ESTROGEN_RESPONSE_LATE	TUB	no_proc_ieg	1.31133	0.0491018	0.108913	3	12
HALLMARK_REACTIVE_OXYGEN_SPECIES_PATHWAY	TUB	no_proc_ieg	1.15303	0.263952	0.308453	3	11
HALLMARK_WNT_BETA_CATENIN_SIGNALING	TUB	no_proc_ieg	1.0711	0.366412	0.4544	3	18
HALLMARK_ADIPOGENESIS	TUB	no_proc_ieg	1.05752	0.354601	0.454634	3	10
HALLMARK_NOTCH_SIGNALING	TUB	no_proc_ieg	1.0489	0.395963	0.444057	3	15
HALLMARK_FATTY_ACID_METABOLISM	TUB	no_proc_ieg	0.900265	0.657602	0.705338	3	2
HALLMARK_PEROXISOME	TUB	no_proc_ieg	0.755218	0.891746	0.910626	3	9
HALLMARK_UV_RESPONSE_UP	TUB	no_proc_ieg	-0.854059	0.870647	0.808277	3	7
HALLMARK_BILE_ACID_METABOLISM	TUB	no_proc_ieg	-0.961303	0.537849	0.604695	3	5
HALLMARK_OXIDATIVE_PHOSPHORYLATION	TUB	no_proc_ieg	-1.05425	0.285714	0.44363	3	3
HALLMARK_PANCREAS_BETA_CELLS	TUB	no_proc_ieg	-1.27768	0.0979228	0.166579	3	6
HALLMARK_TNFA_SIGNALING_VIA_NFKB	TUB	no_proc_ieg	-1.35673	0.0210526	0.115767	3	8
HALLMARK_XENOBIOTIC_METABOLISM	TUB	no_proc_ieg	-1.36743	0.00598802	0.141785	3	1
HALLMARK_HYPOXIA	TUB	no_proc_ieg	-1.49061	0	0.0785752	3	4
HALLMARK_KRAS_SIGNALING_DN	TUB	no_proc_ieg	-2.34908	0	0	3	0
