compartment	unit	diagnosis	n	n_ctrl	r2_ctrlsplit	r2_ctrlsplit_null_q95	r2_ctrlsplit_p	r2_disatt	x
GLOM	ERCB_GLOM_H1	DKD	5	27	0.238698	0.00335534	0.000999001	0.362307	-0.36
GLOM	ERCB_GLOM_H1	FSGS	9	27	0.103276	0.00347617	0.000999001	0.152485	-0.24
GLOM	ERCB_GLOM_H1	HT	15	27	0.16249	0.00328555	0.000999001	0.209943	-0.12
GLOM	ERCB_GLOM_H1	IgAN	27	27	0.191929	0.00389235	0.000999001	0.238558	0
GLOM	ERCB_GLOM_H1	LN	32	27	0.15423	0.00351583	0.000999001	0.185992	0.12
GLOM	ERCB_GLOM_H1	MCD	9	27	0.14461	0.00390269	0.000999001	0.201868	0.24
GLOM	ERCB_GLOM_H1	MN	21	27	0.120063	0.00366671	0.000999001	0.154844	0.36
GLOM	ERCB_GLOM_H7	DKD	7	19	0.28786	0.00245935	0.000999001	0.370708	0.64
GLOM	ERCB_GLOM_H7	FSGS	10	19	0.327152	0.00249435	0.000999001	0.436399	0.82
GLOM	ERCB_GLOM_H7	FSGS_MCD	6	19	0.314877	0.00262173	0.000999001	0.463174	1
GLOM	ERCB_GLOM_H7	MCD	5	19	0.0714145	0.0026559	0.000999001	0.146418	1.18
GLOM	ERCB_GLOM_H7	RPGN	23	19	0.373594	0.00255753	0.000999001	0.457202	1.36
GLOM	GSE96804-GPL17586	DKD	41	20	0.0654043	0.00193267	0.000999001	0.0815289	2
GLOM	GSE30528-GPL571CEL	DKD	9	13	0.0263606	0.0681448	0.312687	0.0385488	3
TUB	ERCB_TUB_H1	DKD	10	17	0.164019	0.0618381	0.000999001	0.2273	3.64
TUB	ERCB_TUB_H1	FSGS	10	17	0.153563	0.064127	0.000999001	0.215468	3.76
TUB	ERCB_TUB_H1	HT	20	17	0.0858596	0.0593753	0.01998	0.11449	3.88
TUB	ERCB_TUB_H1	IgAN	25	17	0.105895	0.0677733	0.020979	0.138123	4
TUB	ERCB_TUB_H1	LN	32	17	0.113192	0.0598734	0.00999001	0.144472	4.12
TUB	ERCB_TUB_H1	MCD	9	17	0.0660048	0.0662301	0.0529471	0.0941935	4.24
TUB	ERCB_TUB_H1	MN	18	17	0.0800645	0.059145	0.022977	0.106814	4.36
TUB	ERCB_TUB_H7	DKD	7	21	0.189416	0.014115	0.000999001	0.262864	4.64
TUB	ERCB_TUB_H7	FSGS	3	21	0.0893483	0.0139562	0.000999001	0.357761	4.82
TUB	ERCB_TUB_H7	FSGS_MCD	4	21	0.152345	0.016693	0.000999001	0.305018	5
TUB	ERCB_TUB_H7	MCD	4	21	0.0923521	0.013196	0.000999001	0.21844	5.18
TUB	ERCB_TUB_H7	RPGN	21	21	0.229196	0.0143715	0.000999001	0.28293	5.36
TUB	GSE30529-GPL571CEL	DKD	10	12	0.267285	0.0458496	0.000999001	0.392457	6
TUB	GSE142025-RNAseq	DKD	27	9	0.0951244	0.000724888	0.000999001	0.140453	7
