sig_id	compartment	eval_unit	n_genes_used	adj_auc_dkd_other	strat_auc_dkd_other	sig_median_adj	sig_median_strat	spearman_pairs
PMID40611469_0	GLOM	ERCB_GLOM_H1	2	0.550442	0.518248	0.58485	0.573504	0.95326
PMID41117762_1	GLOM	ERCB_GLOM_H1	2	0.453097	0.489051	0.58485	0.573504	0.95326
PMID41528564_2	GLOM	ERCB_GLOM_H1	4	0.587611	0.518248	0.58485	0.573504	0.95326
PMID41569454_4	GLOM	ERCB_GLOM_H1	3	0.380531	0.368613	0.58485	0.573504	0.95326
PMID41582386_5	GLOM	ERCB_GLOM_H1	7	0.642478	0.627737	0.58485	0.573504	0.95326
PMID41593805_6	GLOM	ERCB_GLOM_H1	5	0.538053	0.554745	0.58485	0.573504	0.95326
PMID41709877_7	GLOM	ERCB_GLOM_H1	4	0.6	0.620438	0.58485	0.573504	0.95326
PMID41825713_8	GLOM	ERCB_GLOM_H1	2	0.617699	0.627737	0.58485	0.573504	0.95326
PMID41867465_10	GLOM	ERCB_GLOM_H1	2	0.502655	0.49635	0.58485	0.573504	0.95326
PMID41878449_11	GLOM	ERCB_GLOM_H1	6	0.431858	0.416058	0.58485	0.573504	0.95326
PMID41925798_12	GLOM	ERCB_GLOM_H1	9	0.757522	0.715328	0.58485	0.573504	0.95326
PMID41928356_13	GLOM	ERCB_GLOM_H1	4	0.778761	0.773723	0.58485	0.573504	0.95326
PMID41944350_14	GLOM	ERCB_GLOM_H1	4	0.525664	0.49635	0.58485	0.573504	0.95326
PMID41978270_15	GLOM	ERCB_GLOM_H1	3	0.297345	0.291971	0.58485	0.573504	0.95326
PMID42107160_17	GLOM	ERCB_GLOM_H1	2	0.507965	0.518248	0.58485	0.573504	0.95326
PMID42123756_18	GLOM	ERCB_GLOM_H1	5	0.688496	0.649635	0.58485	0.573504	0.95326
PMID42169644_19	GLOM	ERCB_GLOM_H1	3	0.318584	0.29927	0.58485	0.573504	0.95326
PMID42278229_21	GLOM	ERCB_GLOM_H1	4	0.59469	0.59854	0.58485	0.573504	0.95326
PMID42402786_22	GLOM	ERCB_GLOM_H1	4	0.552212	0.49635	0.58485	0.573504	0.95326
PMID42461218_23	GLOM	ERCB_GLOM_H1	5	0.59115	0.569343	0.58485	0.573504	0.95326
PMID42464365_24	GLOM	ERCB_GLOM_H1	9	0.713274	0.722628	0.58485	0.573504	0.95326
PMID42602622_28	GLOM	ERCB_GLOM_H1	4	0.59292	0.59854	0.58485	0.573504	0.95326
PMID42621048_29	GLOM	ERCB_GLOM_H1	3	0.446018	0.481752	0.58485	0.573504	0.95326
PMID42694848_32	GLOM	ERCB_GLOM_H1	2	0.578761	0.59854	0.58485	0.573504	0.95326
PMID42713097_33	GLOM	ERCB_GLOM_H1	2	0.559292	0.576642	0.58485	0.573504	0.95326
PMID42735794_34	GLOM	ERCB_GLOM_H1	7	0.584071	0.591241	0.58485	0.573504	0.95326
PMID42747041_35	GLOM	ERCB_GLOM_H1	2	0.621239	0.635036	0.58485	0.573504	0.95326
PMID42787683_36	GLOM	ERCB_GLOM_H1	5	0.692035	0.649635	0.58485	0.573504	0.95326
PMID39028495_37	GLOM	ERCB_GLOM_H1	7	0.60708	0.59854	0.58485	0.573504	0.95326
PMID39509016_38	GLOM	ERCB_GLOM_H1	4	0.447788	0.467153	0.58485	0.573504	0.95326
PMID39838413_39	GLOM	ERCB_GLOM_H1	5	0.530973	0.489051	0.58485	0.573504	0.95326
PMID39865825_41	GLOM	ERCB_GLOM_H1	5	0.707965	0.70438	0.58485	0.573504	0.95326
PMID39892769_43	GLOM	ERCB_GLOM_H1	2	0.435398	0.408759	0.58485	0.573504	0.95326
PMID39920798_44	GLOM	ERCB_GLOM_H1	2	0.522124	0.489051	0.58485	0.573504	0.95326
PMID39953123_45	GLOM	ERCB_GLOM_H1	4	0.286726	0.350365	0.58485	0.573504	0.95326
PMID39957315_46	GLOM	ERCB_GLOM_H1	2	0.775221	0.810219	0.58485	0.573504	0.95326
PMID39959271_47	GLOM	ERCB_GLOM_H1	2	0.334513	0.394161	0.58485	0.573504	0.95326
PMID39988817_48	GLOM	ERCB_GLOM_H1	2	0.470796	0.489051	0.58485	0.573504	0.95326
PMID39995931_49	GLOM	ERCB_GLOM_H1	4	0.667257	0.620438	0.58485	0.573504	0.95326
PMID40097518_50	GLOM	ERCB_GLOM_H1	4	0.345133	0.350365	0.58485	0.573504	0.95326
PMID40228227_52	GLOM	ERCB_GLOM_H1	3	0.920354	0.919708	0.58485	0.573504	0.95326
PMID40230799_53	GLOM	ERCB_GLOM_H1	3	0.6	0.583942	0.58485	0.573504	0.95326
PMID40312440_56	GLOM	ERCB_GLOM_H1	7	0.752212	0.737226	0.58485	0.573504	0.95326
PMID40374840_57	GLOM	ERCB_GLOM_H1	5	0.438938	0.474453	0.58485	0.573504	0.95326
PMID40376698_58	GLOM	ERCB_GLOM_H1	5	0.529204	0.50365	0.58485	0.573504	0.95326
PMID40460381_59	GLOM	ERCB_GLOM_H1	2	0.435398	0.408759	0.58485	0.573504	0.95326
PMID40470717_60	GLOM	ERCB_GLOM_H1	10	0.569912	0.583942	0.58485	0.573504	0.95326
PMID40505639_61	GLOM	ERCB_GLOM_H1	3	0.543363	0.518248	0.58485	0.573504	0.95326
PMID40555691_62	GLOM	ERCB_GLOM_H1	6	0.711504	0.708029	0.58485	0.573504	0.95326
PMID40615901_63	GLOM	ERCB_GLOM_H1	2	0.538053	0.518248	0.58485	0.573504	0.95326
PMID40624623_64	GLOM	ERCB_GLOM_H1	2	0.474336	0.423358	0.58485	0.573504	0.95326
PMID40640102_65	GLOM	ERCB_GLOM_H1	3	0.474336	0.394161	0.58485	0.573504	0.95326
PMID40703651_68	GLOM	ERCB_GLOM_H1	2	0.366372	0.372263	0.58485	0.573504	0.95326
PMID40742465_69	GLOM	ERCB_GLOM_H1	2	0.750442	0.722628	0.58485	0.573504	0.95326
PMID40764924_71	GLOM	ERCB_GLOM_H1	2	0.460177	0.467153	0.58485	0.573504	0.95326
PMID40775242_72	GLOM	ERCB_GLOM_H1	3	0.315044	0.321168	0.58485	0.573504	0.95326
PMID40825025_73	GLOM	ERCB_GLOM_H1	5	0.762832	0.751825	0.58485	0.573504	0.95326
PMID40898746_74	GLOM	ERCB_GLOM_H1	3	0.566372	0.605839	0.58485	0.573504	0.95326
PMID40948769_75	GLOM	ERCB_GLOM_H1	5	0.364602	0.343066	0.58485	0.573504	0.95326
PMID40950408_76	GLOM	ERCB_GLOM_H1	5	0.647788	0.686131	0.58485	0.573504	0.95326
PMID40958910_77	GLOM	ERCB_GLOM_H1	2	0.653097	0.613139	0.58485	0.573504	0.95326
PMID40969366_78	GLOM	ERCB_GLOM_H1	4	0.575221	0.554745	0.58485	0.573504	0.95326
PMID41122706_79	GLOM	ERCB_GLOM_H1	3	0.522124	0.452555	0.58485	0.573504	0.95326
PMID41162187_80	GLOM	ERCB_GLOM_H1	2	0.626549	0.569343	0.58485	0.573504	0.95326
PMID41164826_81	GLOM	ERCB_GLOM_H1	3	0.656637	0.635036	0.58485	0.573504	0.95326
PMID41311665_83	GLOM	ERCB_GLOM_H1	6	0.479646	0.489051	0.58485	0.573504	0.95326
PMID41329505_84	GLOM	ERCB_GLOM_H1	2	0.566372	0.576642	0.58485	0.573504	0.95326
PMID41332907_85	GLOM	ERCB_GLOM_H1	5	0.741593	0.708029	0.58485	0.573504	0.95326
PMID41353443_86	GLOM	ERCB_GLOM_H1	3	0.562832	0.583942	0.58485	0.573504	0.95326
PMID41438111_87	GLOM	ERCB_GLOM_H1	5	0.446018	0.459854	0.58485	0.573504	0.95326
PMID41479901_88	GLOM	ERCB_GLOM_H1	8	0.667257	0.642336	0.58485	0.573504	0.95326
PMID41503644_89	GLOM	ERCB_GLOM_H1	3	0.490265	0.459854	0.58485	0.573504	0.95326
PMID41669232_90	GLOM	ERCB_GLOM_H1	6	0.697345	0.664234	0.58485	0.573504	0.95326
PMID37737517_91	GLOM	ERCB_GLOM_H1	5	0.630088	0.562044	0.58485	0.573504	0.95326
PMID37777674_92	GLOM	ERCB_GLOM_H1	4	0.446018	0.452555	0.58485	0.573504	0.95326
PMID37957539_93	GLOM	ERCB_GLOM_H1	2	0.490265	0.50365	0.58485	0.573504	0.95326
PMID38104515_94	GLOM	ERCB_GLOM_H1	4	0.525664	0.518248	0.58485	0.573504	0.95326
PMID38292407_95	GLOM	ERCB_GLOM_H1	12	0.736283	0.715328	0.58485	0.573504	0.95326
PMID38304805_96	GLOM	ERCB_GLOM_H1	5	0.552212	0.569343	0.58485	0.573504	0.95326
PMID38332898_97	GLOM	ERCB_GLOM_H1	2	0.585841	0.569343	0.58485	0.573504	0.95326
PMID38375694_98	GLOM	ERCB_GLOM_H1	2	0.40177	0.306569	0.58485	0.573504	0.95326
PMID38390317_99	GLOM	ERCB_GLOM_H1	3	0.780531	0.773723	0.58485	0.573504	0.95326
PMID38643193_100	GLOM	ERCB_GLOM_H1	5	0.762832	0.744526	0.58485	0.573504	0.95326
PMID38691241_101	GLOM	ERCB_GLOM_H1	5	0.440708	0.423358	0.58485	0.573504	0.95326
PMID38764052_102	GLOM	ERCB_GLOM_H1	8	0.470796	0.467153	0.58485	0.573504	0.95326
PMID38766319_103	GLOM	ERCB_GLOM_H1	2	0.463717	0.40146	0.58485	0.573504	0.95326
PMID38774257_104	GLOM	ERCB_GLOM_H1	2	0.672566	0.671533	0.58485	0.573504	0.95326
PMID38851464_105	GLOM	ERCB_GLOM_H1	3	0.762832	0.766423	0.58485	0.573504	0.95326
PMID38951833_106	GLOM	ERCB_GLOM_H1	7	0.738053	0.773723	0.58485	0.573504	0.95326
PMID38968594_107	GLOM	ERCB_GLOM_H1	4	0.727434	0.715328	0.58485	0.573504	0.95326
PMID39085362_108	GLOM	ERCB_GLOM_H1	2	0.454867	0.49635	0.58485	0.573504	0.95326
PMID39187837_109	GLOM	ERCB_GLOM_H1	4	0.539823	0.569343	0.58485	0.573504	0.95326
PMID39224660_110	GLOM	ERCB_GLOM_H1	3	0.552212	0.576642	0.58485	0.573504	0.95326
PMID39265357_111	GLOM	ERCB_GLOM_H1	6	0.458407	0.50365	0.58485	0.573504	0.95326
PMID39290792_112	GLOM	ERCB_GLOM_H1	2	0.674336	0.642336	0.58485	0.573504	0.95326
PMID39333211_114	GLOM	ERCB_GLOM_H1	2	0.571681	0.59854	0.58485	0.573504	0.95326
PMID39378104_116	GLOM	ERCB_GLOM_H1	5	0.79292	0.781022	0.58485	0.573504	0.95326
PMID39444490_117	GLOM	ERCB_GLOM_H1	7	0.40177	0.394161	0.58485	0.573504	0.95326
PMID39609849_119	GLOM	ERCB_GLOM_H1	9	0.709735	0.642336	0.58485	0.573504	0.95326
PMID39916957_120	GLOM	ERCB_GLOM_H1	12	0.559292	0.569343	0.58485	0.573504	0.95326
PMID35713142_121	GLOM	ERCB_GLOM_H1	5	0.587611	0.59854	0.58485	0.573504	0.95326
PMID35834115_122	GLOM	ERCB_GLOM_H1	6	0.522124	0.510949	0.58485	0.573504	0.95326
PMID36627452_123	GLOM	ERCB_GLOM_H1	6	0.610619	0.627737	0.58485	0.573504	0.95326
PMID36891052_124	GLOM	ERCB_GLOM_H1	6	0.580531	0.605839	0.58485	0.573504	0.95326
PMID36911691_126	GLOM	ERCB_GLOM_H1	3	0.453097	0.467153	0.58485	0.573504	0.95326
PMID36919187_127	GLOM	ERCB_GLOM_H1	3	0.670796	0.686131	0.58485	0.573504	0.95326
PMID36969169_128	GLOM	ERCB_GLOM_H1	3	0.730973	0.70073	0.58485	0.573504	0.95326
PMID37038746_129	GLOM	ERCB_GLOM_H1	10	0.504425	0.489051	0.58485	0.573504	0.95326
PMID37063851_130	GLOM	ERCB_GLOM_H1	3	0.59292	0.627737	0.58485	0.573504	0.95326
PMID37113991_131	GLOM	ERCB_GLOM_H1	8	0.522124	0.510949	0.58485	0.573504	0.95326
PMID37127580_132	GLOM	ERCB_GLOM_H1	11	0.707965	0.708029	0.58485	0.573504	0.95326
PMID37143982_133	GLOM	ERCB_GLOM_H1	7	0.587611	0.576642	0.58485	0.573504	0.95326
PMID37250717_134	GLOM	ERCB_GLOM_H1	5	0.557522	0.569343	0.58485	0.573504	0.95326
PMID37312900_135	GLOM	ERCB_GLOM_H1	10	0.573451	0.554745	0.58485	0.573504	0.95326
PMID37396184_137	GLOM	ERCB_GLOM_H1	5	0.557522	0.49635	0.58485	0.573504	0.95326
PMID37404805_138	GLOM	ERCB_GLOM_H1	3	0.761062	0.773723	0.58485	0.573504	0.95326
PMID37480090_139	GLOM	ERCB_GLOM_H1	15	0.40885	0.49635	0.58485	0.573504	0.95326
PMID37492198_140	GLOM	ERCB_GLOM_H1	6	0.60708	0.613139	0.58485	0.573504	0.95326
PMID37554330_141	GLOM	ERCB_GLOM_H1	3	0.573451	0.613139	0.58485	0.573504	0.95326
PMID37593129_142	GLOM	ERCB_GLOM_H1	6	0.759292	0.751825	0.58485	0.573504	0.95326
PMID37622120_143	GLOM	ERCB_GLOM_H1	4	0.538053	0.540146	0.58485	0.573504	0.95326
PMID37656997_144	GLOM	ERCB_GLOM_H1	7	0.677876	0.627737	0.58485	0.573504	0.95326
PMID37745718_145	GLOM	ERCB_GLOM_H1	5	0.553982	0.554745	0.58485	0.573504	0.95326
PMID37760894_146	GLOM	ERCB_GLOM_H1	4	0.674336	0.642336	0.58485	0.573504	0.95326
PMID37776100_147	GLOM	ERCB_GLOM_H1	4	0.59292	0.540146	0.58485	0.573504	0.95326
PMID37960829_148	GLOM	ERCB_GLOM_H1	2	0.722124	0.693431	0.58485	0.573504	0.95326
PMID37964514_149	GLOM	ERCB_GLOM_H1	3	0.711504	0.722628	0.58485	0.573504	0.95326
PMID37988198_150	GLOM	ERCB_GLOM_H1	2	0.492035	0.525547	0.58485	0.573504	0.95326
PMID38020922_151	GLOM	ERCB_GLOM_H1	7	0.532743	0.525547	0.58485	0.573504	0.95326
PMID38028597_152	GLOM	ERCB_GLOM_H1	4	0.59469	0.554745	0.58485	0.573504	0.95326
PMID38028994_153	GLOM	ERCB_GLOM_H1	6	0.688496	0.656934	0.58485	0.573504	0.95326
PMID38390397_155	GLOM	ERCB_GLOM_H1	4	0.60531	0.635036	0.58485	0.573504	0.95326
PMID34908186_156	GLOM	ERCB_GLOM_H1	5	0.702655	0.744526	0.58485	0.573504	0.95326
PMID34932275_157	GLOM	ERCB_GLOM_H1	3	0.60531	0.627737	0.58485	0.573504	0.95326
PMID35559414_160	GLOM	ERCB_GLOM_H1	3	0.730973	0.729927	0.58485	0.573504	0.95326
PMID35592524_161	GLOM	ERCB_GLOM_H1	17	0.631858	0.59854	0.58485	0.573504	0.95326
PMID35637650_162	GLOM	ERCB_GLOM_H1	9	0.778761	0.773723	0.58485	0.573504	0.95326
PMID35663304_163	GLOM	ERCB_GLOM_H1	2	0.79646	0.817518	0.58485	0.573504	0.95326
PMID35721731_164	GLOM	ERCB_GLOM_H1	4	0.575221	0.59854	0.58485	0.573504	0.95326
PMID35845512_165	GLOM	ERCB_GLOM_H1	3	0.615929	0.649635	0.58485	0.573504	0.95326
PMID35909518_166	GLOM	ERCB_GLOM_H1	5	0.502655	0.518248	0.58485	0.573504	0.95326
PMID35923621_167	GLOM	ERCB_GLOM_H1	4	0.647788	0.635036	0.58485	0.573504	0.95326
PMID35991124_168	GLOM	ERCB_GLOM_H1	11	0.584071	0.554745	0.58485	0.573504	0.95326
PMID36035169_169	GLOM	ERCB_GLOM_H1	5	0.507965	0.474453	0.58485	0.573504	0.95326
PMID36059966_170	GLOM	ERCB_GLOM_H1	15	0.585841	0.583942	0.58485	0.573504	0.95326
PMID36064366_171	GLOM	ERCB_GLOM_H1	6	0.661947	0.649635	0.58485	0.573504	0.95326
PMID36071835_172	GLOM	ERCB_GLOM_H1	3	0.382301	0.343066	0.58485	0.573504	0.95326
PMID36071835_173	GLOM	ERCB_GLOM_H1	8	0.844248	0.846715	0.58485	0.573504	0.95326
PMID36092962_174	GLOM	ERCB_GLOM_H1	9	0.688496	0.722628	0.58485	0.573504	0.95326
PMID36154667_175	GLOM	ERCB_GLOM_H1	2	0.59292	0.576642	0.58485	0.573504	0.95326
PMID36250071_177	GLOM	ERCB_GLOM_H1	2	0.672566	0.664234	0.58485	0.573504	0.95326
PMID36329882_178	GLOM	ERCB_GLOM_H1	9	0.667257	0.671533	0.58485	0.573504	0.95326
PMID36385790_180	GLOM	ERCB_GLOM_H1	10	0.522124	0.49635	0.58485	0.573504	0.95326
PMID36466094_181	GLOM	ERCB_GLOM_H1	7	0.693805	0.664234	0.58485	0.573504	0.95326
PMID36482994_182	GLOM	ERCB_GLOM_H1	3	0.723894	0.744526	0.58485	0.573504	0.95326
PMID36568106_184	GLOM	ERCB_GLOM_H1	2	0.486726	0.474453	0.58485	0.573504	0.95326
PMID36585417_185	GLOM	ERCB_GLOM_H1	8	0.530973	0.489051	0.58485	0.573504	0.95326
PMID36624863_186	GLOM	ERCB_GLOM_H1	5	0.628319	0.642336	0.58485	0.573504	0.95326
PMID36743936_187	GLOM	ERCB_GLOM_H1	3	0.642478	0.649635	0.58485	0.573504	0.95326
PMID32954999_188	GLOM	ERCB_GLOM_H1	10	0.741593	0.744526	0.58485	0.573504	0.95326
PMID33887734_190	GLOM	ERCB_GLOM_H1	2	0.734513	0.708029	0.58485	0.573504	0.95326
PMID34087849_191	GLOM	ERCB_GLOM_H1	4	0.40885	0.379562	0.58485	0.573504	0.95326
PMID34124269_192	GLOM	ERCB_GLOM_H1	7	0.642478	0.671533	0.58485	0.573504	0.95326
PMID34215202_193	GLOM	ERCB_GLOM_H1	5	0.541593	0.474453	0.58485	0.573504	0.95326
PMID34262312_194	GLOM	ERCB_GLOM_H1	2	0.718584	0.729927	0.58485	0.573504	0.95326
PMID34424825_195	GLOM	ERCB_GLOM_H1	3	0.624779	0.642336	0.58485	0.573504	0.95326
PMID34557161_198	GLOM	ERCB_GLOM_H1	7	0.640708	0.664234	0.58485	0.573504	0.95326
PMID34735495_199	GLOM	ERCB_GLOM_H1	6	0.527434	0.49635	0.58485	0.573504	0.95326
PMID32778679_201	GLOM	ERCB_GLOM_H1	11	0.546903	0.532847	0.58485	0.573504	0.95326
PMID32953797_202	GLOM	ERCB_GLOM_H1	16	0.723894	0.722628	0.58485	0.573504	0.95326
PMID33145306_203	GLOM	ERCB_GLOM_H1	13	0.750442	0.737226	0.58485	0.573504	0.95326
PMID30761531_204	GLOM	ERCB_GLOM_H1	19	0.584071	0.569343	0.58485	0.573504	0.95326
PMID30988245_205	GLOM	ERCB_GLOM_H1	5	0.707965	0.708029	0.58485	0.573504	0.95326
PMID31277135_206	GLOM	ERCB_GLOM_H1	7	0.681416	0.671533	0.58485	0.573504	0.95326
PMID29207157_208	GLOM	ERCB_GLOM_H1	4	0.653097	0.627737	0.58485	0.573504	0.95326
PMID40611469_0	GLOM	ERCB_GLOM_H7	2	0.646104	0.573333	0.58485	0.573504	0.95326
PMID41117762_1	GLOM	ERCB_GLOM_H7	2	0.331169	0.32	0.58485	0.573504	0.95326
PMID41528564_2	GLOM	ERCB_GLOM_H7	4	0.711039	0.68	0.58485	0.573504	0.95326
PMID41569454_4	GLOM	ERCB_GLOM_H7	3	0.62987	0.546667	0.58485	0.573504	0.95326
PMID41582386_5	GLOM	ERCB_GLOM_H7	7	0.672078	0.64	0.58485	0.573504	0.95326
PMID41593805_6	GLOM	ERCB_GLOM_H7	5	0.772727	0.72	0.58485	0.573504	0.95326
PMID41709877_7	GLOM	ERCB_GLOM_H7	4	0.63961	0.653333	0.58485	0.573504	0.95326
PMID41825713_8	GLOM	ERCB_GLOM_H7	2	0.769481	0.733333	0.58485	0.573504	0.95326
PMID41867465_10	GLOM	ERCB_GLOM_H7	2	0.49026	0.506667	0.58485	0.573504	0.95326
PMID41878449_11	GLOM	ERCB_GLOM_H7	6	0.707792	0.706667	0.58485	0.573504	0.95326
PMID41925798_12	GLOM	ERCB_GLOM_H7	9	0.685065	0.68	0.58485	0.573504	0.95326
PMID41928356_13	GLOM	ERCB_GLOM_H7	4	0.827922	0.84	0.58485	0.573504	0.95326
PMID41944350_14	GLOM	ERCB_GLOM_H7	4	0.701299	0.64	0.58485	0.573504	0.95326
PMID41978270_15	GLOM	ERCB_GLOM_H7	3	0.584416	0.626667	0.58485	0.573504	0.95326
PMID42107160_17	GLOM	ERCB_GLOM_H7	2	0.457792	0.46	0.58485	0.573504	0.95326
PMID42123756_18	GLOM	ERCB_GLOM_H7	5	0.561688	0.52	0.58485	0.573504	0.95326
PMID42169644_19	GLOM	ERCB_GLOM_H7	3	0.662338	0.613333	0.58485	0.573504	0.95326
PMID42278229_21	GLOM	ERCB_GLOM_H7	4	0.558442	0.56	0.58485	0.573504	0.95326
PMID42402786_22	GLOM	ERCB_GLOM_H7	4	0.698052	0.646667	0.58485	0.573504	0.95326
PMID42461218_23	GLOM	ERCB_GLOM_H7	5	0.678571	0.613333	0.58485	0.573504	0.95326
PMID42464365_24	GLOM	ERCB_GLOM_H7	9	0.581169	0.52	0.58485	0.573504	0.95326
PMID42602622_28	GLOM	ERCB_GLOM_H7	4	0.727273	0.653333	0.58485	0.573504	0.95326
PMID42621048_29	GLOM	ERCB_GLOM_H7	3	0.678571	0.746667	0.58485	0.573504	0.95326
PMID42694848_32	GLOM	ERCB_GLOM_H7	2	0.691558	0.666667	0.58485	0.573504	0.95326
PMID42713097_33	GLOM	ERCB_GLOM_H7	2	0.600649	0.56	0.58485	0.573504	0.95326
PMID42735794_34	GLOM	ERCB_GLOM_H7	7	0.691558	0.68	0.58485	0.573504	0.95326
PMID42747041_35	GLOM	ERCB_GLOM_H7	2	0.737013	0.693333	0.58485	0.573504	0.95326
PMID42787683_36	GLOM	ERCB_GLOM_H7	5	0.675325	0.68	0.58485	0.573504	0.95326
PMID39028495_37	GLOM	ERCB_GLOM_H7	7	0.655844	0.626667	0.58485	0.573504	0.95326
PMID39509016_38	GLOM	ERCB_GLOM_H7	4	0.847403	0.826667	0.58485	0.573504	0.95326
PMID39838413_39	GLOM	ERCB_GLOM_H7	5	0.464286	0.413333	0.58485	0.573504	0.95326
PMID39865825_41	GLOM	ERCB_GLOM_H7	5	0.253247	0.306667	0.58485	0.573504	0.95326
PMID39892769_43	GLOM	ERCB_GLOM_H7	2	0.480519	0.426667	0.58485	0.573504	0.95326
PMID39920798_44	GLOM	ERCB_GLOM_H7	2	0.633117	0.6	0.58485	0.573504	0.95326
PMID39953123_45	GLOM	ERCB_GLOM_H7	4	0.577922	0.56	0.58485	0.573504	0.95326
PMID39957315_46	GLOM	ERCB_GLOM_H7	2	0.782468	0.786667	0.58485	0.573504	0.95326
PMID39959271_47	GLOM	ERCB_GLOM_H7	2	0.61039	0.586667	0.58485	0.573504	0.95326
PMID39988817_48	GLOM	ERCB_GLOM_H7	2	0.811688	0.773333	0.58485	0.573504	0.95326
PMID39995931_49	GLOM	ERCB_GLOM_H7	4	0.415584	0.36	0.58485	0.573504	0.95326
PMID40097518_50	GLOM	ERCB_GLOM_H7	4	0.363636	0.386667	0.58485	0.573504	0.95326
PMID40228227_52	GLOM	ERCB_GLOM_H7	3	0.775974	0.746667	0.58485	0.573504	0.95326
PMID40230799_53	GLOM	ERCB_GLOM_H7	3	0.279221	0.213333	0.58485	0.573504	0.95326
PMID40312440_56	GLOM	ERCB_GLOM_H7	7	0.503247	0.506667	0.58485	0.573504	0.95326
PMID40374840_57	GLOM	ERCB_GLOM_H7	5	0.814935	0.786667	0.58485	0.573504	0.95326
PMID40376698_58	GLOM	ERCB_GLOM_H7	5	0.603896	0.546667	0.58485	0.573504	0.95326
PMID40460381_59	GLOM	ERCB_GLOM_H7	2	0.480519	0.426667	0.58485	0.573504	0.95326
PMID40470717_60	GLOM	ERCB_GLOM_H7	10	0.814935	0.8	0.58485	0.573504	0.95326
PMID40505639_61	GLOM	ERCB_GLOM_H7	3	0.357143	0.346667	0.58485	0.573504	0.95326
PMID40555691_62	GLOM	ERCB_GLOM_H7	6	0.746753	0.72	0.58485	0.573504	0.95326
PMID40615901_63	GLOM	ERCB_GLOM_H7	2	0.818182	0.786667	0.58485	0.573504	0.95326
PMID40624623_64	GLOM	ERCB_GLOM_H7	2	0.574675	0.546667	0.58485	0.573504	0.95326
PMID40640102_65	GLOM	ERCB_GLOM_H7	3	0.49026	0.453333	0.58485	0.573504	0.95326
PMID40703651_68	GLOM	ERCB_GLOM_H7	2	0.529221	0.586667	0.58485	0.573504	0.95326
PMID40742465_69	GLOM	ERCB_GLOM_H7	2	0.506494	0.506667	0.58485	0.573504	0.95326
PMID40764924_71	GLOM	ERCB_GLOM_H7	2	0.678571	0.666667	0.58485	0.573504	0.95326
PMID40775242_72	GLOM	ERCB_GLOM_H7	3	0.418831	0.4	0.58485	0.573504	0.95326
PMID40825025_73	GLOM	ERCB_GLOM_H7	5	0.863636	0.8	0.58485	0.573504	0.95326
PMID40898746_74	GLOM	ERCB_GLOM_H7	3	0.678571	0.653333	0.58485	0.573504	0.95326
PMID40948769_75	GLOM	ERCB_GLOM_H7	5	0.665584	0.586667	0.58485	0.573504	0.95326
PMID40950408_76	GLOM	ERCB_GLOM_H7	5	0.863636	0.906667	0.58485	0.573504	0.95326
PMID40958910_77	GLOM	ERCB_GLOM_H7	2	0.720779	0.72	0.58485	0.573504	0.95326
PMID40969366_78	GLOM	ERCB_GLOM_H7	4	0.737013	0.693333	0.58485	0.573504	0.95326
PMID41122706_79	GLOM	ERCB_GLOM_H7	3	0.581169	0.52	0.58485	0.573504	0.95326
PMID41162187_80	GLOM	ERCB_GLOM_H7	2	0.626623	0.586667	0.58485	0.573504	0.95326
PMID41164826_81	GLOM	ERCB_GLOM_H7	3	0.766234	0.793333	0.58485	0.573504	0.95326
PMID41311665_83	GLOM	ERCB_GLOM_H7	6	0.613636	0.573333	0.58485	0.573504	0.95326
PMID41329505_84	GLOM	ERCB_GLOM_H7	2	0.607143	0.533333	0.58485	0.573504	0.95326
PMID41332907_85	GLOM	ERCB_GLOM_H7	5	0.685065	0.693333	0.58485	0.573504	0.95326
PMID41353443_86	GLOM	ERCB_GLOM_H7	3	0.405844	0.453333	0.58485	0.573504	0.95326
PMID41438111_87	GLOM	ERCB_GLOM_H7	5	0.775974	0.706667	0.58485	0.573504	0.95326
PMID41479901_88	GLOM	ERCB_GLOM_H7	8	0.772727	0.72	0.58485	0.573504	0.95326
PMID41503644_89	GLOM	ERCB_GLOM_H7	3	0.525974	0.48	0.58485	0.573504	0.95326
PMID41669232_90	GLOM	ERCB_GLOM_H7	6	0.788961	0.76	0.58485	0.573504	0.95326
PMID37737517_91	GLOM	ERCB_GLOM_H7	5	0.626623	0.586667	0.58485	0.573504	0.95326
PMID37777674_92	GLOM	ERCB_GLOM_H7	4	0.61039	0.6	0.58485	0.573504	0.95326
PMID37957539_93	GLOM	ERCB_GLOM_H7	2	0.516234	0.573333	0.58485	0.573504	0.95326
PMID38104515_94	GLOM	ERCB_GLOM_H7	4	0.659091	0.6	0.58485	0.573504	0.95326
PMID38292407_95	GLOM	ERCB_GLOM_H7	12	0.594156	0.56	0.58485	0.573504	0.95326
PMID38304805_96	GLOM	ERCB_GLOM_H7	5	0.681818	0.626667	0.58485	0.573504	0.95326
PMID38332898_97	GLOM	ERCB_GLOM_H7	2	0.785714	0.8	0.58485	0.573504	0.95326
PMID38375694_98	GLOM	ERCB_GLOM_H7	2	0.399351	0.4	0.58485	0.573504	0.95326
PMID38390317_99	GLOM	ERCB_GLOM_H7	3	0.831169	0.84	0.58485	0.573504	0.95326
PMID38643193_100	GLOM	ERCB_GLOM_H7	5	0.577922	0.52	0.58485	0.573504	0.95326
PMID38691241_101	GLOM	ERCB_GLOM_H7	5	0.792208	0.76	0.58485	0.573504	0.95326
PMID38764052_102	GLOM	ERCB_GLOM_H7	8	0.594156	0.586667	0.58485	0.573504	0.95326
PMID38766319_103	GLOM	ERCB_GLOM_H7	2	0.688312	0.64	0.58485	0.573504	0.95326
PMID38774257_104	GLOM	ERCB_GLOM_H7	2	0.74026	0.693333	0.58485	0.573504	0.95326
PMID38851464_105	GLOM	ERCB_GLOM_H7	3	0.912338	0.893333	0.58485	0.573504	0.95326
PMID38951833_106	GLOM	ERCB_GLOM_H7	7	0.678571	0.666667	0.58485	0.573504	0.95326
PMID38968594_107	GLOM	ERCB_GLOM_H7	4	0.707792	0.693333	0.58485	0.573504	0.95326
PMID39085362_108	GLOM	ERCB_GLOM_H7	2	0.655844	0.706667	0.58485	0.573504	0.95326
PMID39187837_109	GLOM	ERCB_GLOM_H7	4	0.561688	0.56	0.58485	0.573504	0.95326
PMID39224660_110	GLOM	ERCB_GLOM_H7	3	0.555195	0.533333	0.58485	0.573504	0.95326
PMID39265357_111	GLOM	ERCB_GLOM_H7	6	0.551948	0.506667	0.58485	0.573504	0.95326
PMID39290792_112	GLOM	ERCB_GLOM_H7	2	0.681818	0.666667	0.58485	0.573504	0.95326
PMID39333211_114	GLOM	ERCB_GLOM_H7	2	0.470779	0.453333	0.58485	0.573504	0.95326
PMID39378104_116	GLOM	ERCB_GLOM_H7	5	0.516234	0.6	0.58485	0.573504	0.95326
PMID39444490_117	GLOM	ERCB_GLOM_H7	7	0.308442	0.32	0.58485	0.573504	0.95326
PMID39609849_119	GLOM	ERCB_GLOM_H7	9	0.724026	0.693333	0.58485	0.573504	0.95326
PMID39916957_120	GLOM	ERCB_GLOM_H7	12	0.672078	0.613333	0.58485	0.573504	0.95326
PMID35713142_121	GLOM	ERCB_GLOM_H7	5	0.646104	0.613333	0.58485	0.573504	0.95326
PMID35834115_122	GLOM	ERCB_GLOM_H7	6	0.506494	0.453333	0.58485	0.573504	0.95326
PMID36627452_123	GLOM	ERCB_GLOM_H7	6	0.681818	0.64	0.58485	0.573504	0.95326
PMID36891052_124	GLOM	ERCB_GLOM_H7	6	0.688312	0.666667	0.58485	0.573504	0.95326
PMID36911691_126	GLOM	ERCB_GLOM_H7	3	0.551948	0.546667	0.58485	0.573504	0.95326
PMID36919187_127	GLOM	ERCB_GLOM_H7	3	0.866883	0.853333	0.58485	0.573504	0.95326
PMID36969169_128	GLOM	ERCB_GLOM_H7	3	0.665584	0.666667	0.58485	0.573504	0.95326
PMID37038746_129	GLOM	ERCB_GLOM_H7	10	0.662338	0.6	0.58485	0.573504	0.95326
PMID37063851_130	GLOM	ERCB_GLOM_H7	3	0.532468	0.573333	0.58485	0.573504	0.95326
PMID37113991_131	GLOM	ERCB_GLOM_H7	8	0.655844	0.586667	0.58485	0.573504	0.95326
PMID37127580_132	GLOM	ERCB_GLOM_H7	11	0.675325	0.68	0.58485	0.573504	0.95326
PMID37143982_133	GLOM	ERCB_GLOM_H7	7	0.675325	0.64	0.58485	0.573504	0.95326
PMID37250717_134	GLOM	ERCB_GLOM_H7	5	0.616883	0.586667	0.58485	0.573504	0.95326
PMID37312900_135	GLOM	ERCB_GLOM_H7	10	0.633117	0.6	0.58485	0.573504	0.95326
PMID37396184_137	GLOM	ERCB_GLOM_H7	5	0.805195	0.866667	0.58485	0.573504	0.95326
PMID37404805_138	GLOM	ERCB_GLOM_H7	3	0.733766	0.706667	0.58485	0.573504	0.95326
PMID37480090_139	GLOM	ERCB_GLOM_H7	15	0.584416	0.493333	0.58485	0.573504	0.95326
PMID37492198_140	GLOM	ERCB_GLOM_H7	6	0.866883	0.88	0.58485	0.573504	0.95326
PMID37554330_141	GLOM	ERCB_GLOM_H7	3	0.512987	0.64	0.58485	0.573504	0.95326
PMID37593129_142	GLOM	ERCB_GLOM_H7	6	0.448052	0.4	0.58485	0.573504	0.95326
PMID37622120_143	GLOM	ERCB_GLOM_H7	4	0.63961	0.586667	0.58485	0.573504	0.95326
PMID37656997_144	GLOM	ERCB_GLOM_H7	7	0.649351	0.6	0.58485	0.573504	0.95326
PMID37745718_145	GLOM	ERCB_GLOM_H7	5	0.918831	0.933333	0.58485	0.573504	0.95326
PMID37760894_146	GLOM	ERCB_GLOM_H7	4	0.590909	0.56	0.58485	0.573504	0.95326
PMID37776100_147	GLOM	ERCB_GLOM_H7	4	0.681818	0.72	0.58485	0.573504	0.95326
PMID37960829_148	GLOM	ERCB_GLOM_H7	2	0.730519	0.68	0.58485	0.573504	0.95326
PMID37964514_149	GLOM	ERCB_GLOM_H7	3	0.766234	0.733333	0.58485	0.573504	0.95326
PMID37988198_150	GLOM	ERCB_GLOM_H7	2	0.571429	0.6	0.58485	0.573504	0.95326
PMID38020922_151	GLOM	ERCB_GLOM_H7	7	0.383117	0.36	0.58485	0.573504	0.95326
PMID38028597_152	GLOM	ERCB_GLOM_H7	4	0.691558	0.64	0.58485	0.573504	0.95326
PMID38028994_153	GLOM	ERCB_GLOM_H7	6	0.603896	0.586667	0.58485	0.573504	0.95326
PMID38390397_155	GLOM	ERCB_GLOM_H7	4	0.772727	0.813333	0.58485	0.573504	0.95326
PMID34908186_156	GLOM	ERCB_GLOM_H7	5	0.655844	0.626667	0.58485	0.573504	0.95326
PMID34932275_157	GLOM	ERCB_GLOM_H7	3	0.616883	0.586667	0.58485	0.573504	0.95326
PMID35559414_160	GLOM	ERCB_GLOM_H7	3	0.707792	0.68	0.58485	0.573504	0.95326
PMID35592524_161	GLOM	ERCB_GLOM_H7	17	0.688312	0.666667	0.58485	0.573504	0.95326
PMID35637650_162	GLOM	ERCB_GLOM_H7	9	0.646104	0.586667	0.58485	0.573504	0.95326
PMID35663304_163	GLOM	ERCB_GLOM_H7	2	0.818182	0.773333	0.58485	0.573504	0.95326
PMID35721731_164	GLOM	ERCB_GLOM_H7	4	0.353896	0.4	0.58485	0.573504	0.95326
PMID35845512_165	GLOM	ERCB_GLOM_H7	3	0.714286	0.693333	0.58485	0.573504	0.95326
PMID35909518_166	GLOM	ERCB_GLOM_H7	5	0.62987	0.586667	0.58485	0.573504	0.95326
PMID35923621_167	GLOM	ERCB_GLOM_H7	4	0.62013	0.6	0.58485	0.573504	0.95326
PMID35991124_168	GLOM	ERCB_GLOM_H7	11	0.694805	0.613333	0.58485	0.573504	0.95326
PMID36035169_169	GLOM	ERCB_GLOM_H7	5	0.545455	0.506667	0.58485	0.573504	0.95326
PMID36059966_170	GLOM	ERCB_GLOM_H7	15	0.636364	0.586667	0.58485	0.573504	0.95326
PMID36064366_171	GLOM	ERCB_GLOM_H7	6	0.561688	0.493333	0.58485	0.573504	0.95326
PMID36071835_172	GLOM	ERCB_GLOM_H7	3	0.61039	0.666667	0.58485	0.573504	0.95326
PMID36071835_173	GLOM	ERCB_GLOM_H7	8	0.545455	0.533333	0.58485	0.573504	0.95326
PMID36092962_174	GLOM	ERCB_GLOM_H7	9	0.538961	0.56	0.58485	0.573504	0.95326
PMID36154667_175	GLOM	ERCB_GLOM_H7	2	0.594156	0.533333	0.58485	0.573504	0.95326
PMID36250071_177	GLOM	ERCB_GLOM_H7	2	0.694805	0.72	0.58485	0.573504	0.95326
PMID36329882_178	GLOM	ERCB_GLOM_H7	9	0.457792	0.52	0.58485	0.573504	0.95326
PMID36385790_180	GLOM	ERCB_GLOM_H7	10	0.503247	0.506667	0.58485	0.573504	0.95326
PMID36466094_181	GLOM	ERCB_GLOM_H7	7	0.691558	0.653333	0.58485	0.573504	0.95326
PMID36482994_182	GLOM	ERCB_GLOM_H7	3	0.133117	0.12	0.58485	0.573504	0.95326
PMID36568106_184	GLOM	ERCB_GLOM_H7	2	0.600649	0.613333	0.58485	0.573504	0.95326
PMID36585417_185	GLOM	ERCB_GLOM_H7	8	0.487013	0.52	0.58485	0.573504	0.95326
PMID36624863_186	GLOM	ERCB_GLOM_H7	5	0.327922	0.386667	0.58485	0.573504	0.95326
PMID36743936_187	GLOM	ERCB_GLOM_H7	3	0.574675	0.56	0.58485	0.573504	0.95326
PMID32954999_188	GLOM	ERCB_GLOM_H7	10	0.63961	0.64	0.58485	0.573504	0.95326
PMID33887734_190	GLOM	ERCB_GLOM_H7	2	0.818182	0.813333	0.58485	0.573504	0.95326
PMID34087849_191	GLOM	ERCB_GLOM_H7	4	0.714286	0.653333	0.58485	0.573504	0.95326
PMID34124269_192	GLOM	ERCB_GLOM_H7	7	0.652597	0.613333	0.58485	0.573504	0.95326
PMID34215202_193	GLOM	ERCB_GLOM_H7	5	0.691558	0.573333	0.58485	0.573504	0.95326
PMID34262312_194	GLOM	ERCB_GLOM_H7	2	0.642857	0.64	0.58485	0.573504	0.95326
PMID34424825_195	GLOM	ERCB_GLOM_H7	3	0.496753	0.453333	0.58485	0.573504	0.95326
PMID34557161_198	GLOM	ERCB_GLOM_H7	7	0.714286	0.706667	0.58485	0.573504	0.95326
PMID34735495_199	GLOM	ERCB_GLOM_H7	6	0.581169	0.56	0.58485	0.573504	0.95326
PMID32778679_201	GLOM	ERCB_GLOM_H7	11	0.594156	0.56	0.58485	0.573504	0.95326
PMID32953797_202	GLOM	ERCB_GLOM_H7	16	0.694805	0.626667	0.58485	0.573504	0.95326
PMID33145306_203	GLOM	ERCB_GLOM_H7	13	0.685065	0.68	0.58485	0.573504	0.95326
PMID30761531_204	GLOM	ERCB_GLOM_H7	19	0.62013	0.573333	0.58485	0.573504	0.95326
PMID30988245_205	GLOM	ERCB_GLOM_H7	5	0.590909	0.533333	0.58485	0.573504	0.95326
PMID31277135_206	GLOM	ERCB_GLOM_H7	7	0.642857	0.64	0.58485	0.573504	0.95326
PMID29207157_208	GLOM	ERCB_GLOM_H7	4	0.571429	0.52	0.58485	0.573504	0.95326
PMID40611469_0	TUB	ERCB_TUB_H1	2	0.60614	0.615942	0.58485	0.573504	0.95326
PMID41117762_1	TUB	ERCB_TUB_H1	2	0.557895	0.588768	0.58485	0.573504	0.95326
PMID41528564_2	TUB	ERCB_TUB_H1	4	0.668421	0.634058	0.58485	0.573504	0.95326
PMID41569454_4	TUB	ERCB_TUB_H1	3	0.573684	0.572464	0.58485	0.573504	0.95326
PMID41582386_5	TUB	ERCB_TUB_H1	7	0.519298	0.525362	0.58485	0.573504	0.95326
PMID41593805_6	TUB	ERCB_TUB_H1	5	0.574561	0.565217	0.58485	0.573504	0.95326
PMID41709877_7	TUB	ERCB_TUB_H1	4	0.537719	0.521739	0.58485	0.573504	0.95326
PMID41825713_8	TUB	ERCB_TUB_H1	2	0.617544	0.623188	0.58485	0.573504	0.95326
PMID41867465_10	TUB	ERCB_TUB_H1	2	0.518421	0.532609	0.58485	0.573504	0.95326
PMID41878449_11	TUB	ERCB_TUB_H1	6	0.677193	0.652174	0.58485	0.573504	0.95326
PMID41925798_12	TUB	ERCB_TUB_H1	9	0.422807	0.431159	0.58485	0.573504	0.95326
PMID41928356_13	TUB	ERCB_TUB_H1	4	0.639474	0.57971	0.58485	0.573504	0.95326
PMID41944350_14	TUB	ERCB_TUB_H1	4	0.614912	0.626812	0.58485	0.573504	0.95326
PMID41978270_15	TUB	ERCB_TUB_H1	3	0.340351	0.434783	0.58485	0.573504	0.95326
PMID42107160_17	TUB	ERCB_TUB_H1	2	0.731579	0.717391	0.58485	0.573504	0.95326
PMID42123756_18	TUB	ERCB_TUB_H1	5	0.720175	0.706522	0.58485	0.573504	0.95326
PMID42169644_19	TUB	ERCB_TUB_H1	3	0.419298	0.442029	0.58485	0.573504	0.95326
PMID42278229_21	TUB	ERCB_TUB_H1	4	0.682456	0.65942	0.58485	0.573504	0.95326
PMID42402786_22	TUB	ERCB_TUB_H1	4	0.689474	0.688406	0.58485	0.573504	0.95326
PMID42461218_23	TUB	ERCB_TUB_H1	4	0.578947	0.568841	0.58485	0.573504	0.95326
PMID42464365_24	TUB	ERCB_TUB_H1	9	0.683333	0.648551	0.58485	0.573504	0.95326
PMID42602622_28	TUB	ERCB_TUB_H1	4	0.508772	0.547101	0.58485	0.573504	0.95326
PMID42621048_29	TUB	ERCB_TUB_H1	3	0.235088	0.257246	0.58485	0.573504	0.95326
PMID42694848_32	TUB	ERCB_TUB_H1	2	0.521053	0.5	0.58485	0.573504	0.95326
PMID42713097_33	TUB	ERCB_TUB_H1	2	0.552632	0.550725	0.58485	0.573504	0.95326
PMID42735794_34	TUB	ERCB_TUB_H1	7	0.624561	0.644928	0.58485	0.573504	0.95326
PMID42747041_35	TUB	ERCB_TUB_H1	2	0.565789	0.572464	0.58485	0.573504	0.95326
PMID42787683_36	TUB	ERCB_TUB_H1	5	0.538596	0.583333	0.58485	0.573504	0.95326
PMID39028495_37	TUB	ERCB_TUB_H1	7	0.54386	0.550725	0.58485	0.573504	0.95326
PMID39509016_38	TUB	ERCB_TUB_H1	4	0.718421	0.724638	0.58485	0.573504	0.95326
PMID39838413_39	TUB	ERCB_TUB_H1	5	0.571053	0.597826	0.58485	0.573504	0.95326
PMID39865825_41	TUB	ERCB_TUB_H1	5	0.57807	0.561594	0.58485	0.573504	0.95326
PMID39892769_43	TUB	ERCB_TUB_H1	2	0.473684	0.547101	0.58485	0.573504	0.95326
PMID39920798_44	TUB	ERCB_TUB_H1	2	0.696491	0.688406	0.58485	0.573504	0.95326
PMID39953123_45	TUB	ERCB_TUB_H1	4	0.620175	0.634058	0.58485	0.573504	0.95326
PMID39957315_46	TUB	ERCB_TUB_H1	2	0.504386	0.456522	0.58485	0.573504	0.95326
PMID39959271_47	TUB	ERCB_TUB_H1	2	0.625439	0.626812	0.58485	0.573504	0.95326
PMID39988817_48	TUB	ERCB_TUB_H1	2	0.345614	0.394928	0.58485	0.573504	0.95326
PMID39995931_49	TUB	ERCB_TUB_H1	4	0.64386	0.677536	0.58485	0.573504	0.95326
PMID40097518_50	TUB	ERCB_TUB_H1	4	0.562281	0.572464	0.58485	0.573504	0.95326
PMID40228227_52	TUB	ERCB_TUB_H1	3	0.695614	0.717391	0.58485	0.573504	0.95326
PMID40230799_53	TUB	ERCB_TUB_H1	3	0.568421	0.583333	0.58485	0.573504	0.95326
PMID40312440_56	TUB	ERCB_TUB_H1	7	0.704386	0.692029	0.58485	0.573504	0.95326
PMID40374840_57	TUB	ERCB_TUB_H1	5	0.659649	0.677536	0.58485	0.573504	0.95326
PMID40376698_58	TUB	ERCB_TUB_H1	5	0.542105	0.547101	0.58485	0.573504	0.95326
PMID40460381_59	TUB	ERCB_TUB_H1	2	0.473684	0.547101	0.58485	0.573504	0.95326
PMID40470717_60	TUB	ERCB_TUB_H1	10	0.621053	0.644928	0.58485	0.573504	0.95326
PMID40505639_61	TUB	ERCB_TUB_H1	3	0.584211	0.586957	0.58485	0.573504	0.95326
PMID40555691_62	TUB	ERCB_TUB_H1	6	0.768421	0.764493	0.58485	0.573504	0.95326
PMID40615901_63	TUB	ERCB_TUB_H1	2	0.675439	0.711957	0.58485	0.573504	0.95326
PMID40624623_64	TUB	ERCB_TUB_H1	2	0.565789	0.576087	0.58485	0.573504	0.95326
PMID40640102_65	TUB	ERCB_TUB_H1	3	0.685088	0.67029	0.58485	0.573504	0.95326
PMID40703651_68	TUB	ERCB_TUB_H1	2	0.511404	0.518116	0.58485	0.573504	0.95326
PMID40742465_69	TUB	ERCB_TUB_H1	2	0.596491	0.634058	0.58485	0.573504	0.95326
PMID40764924_71	TUB	ERCB_TUB_H1	2	0.599123	0.597826	0.58485	0.573504	0.95326
PMID40825025_73	TUB	ERCB_TUB_H1	5	0.735965	0.713768	0.58485	0.573504	0.95326
PMID40898746_74	TUB	ERCB_TUB_H1	3	0.536842	0.568841	0.58485	0.573504	0.95326
PMID40948769_75	TUB	ERCB_TUB_H1	4	0.484211	0.532609	0.58485	0.573504	0.95326
PMID40950408_76	TUB	ERCB_TUB_H1	5	0.496491	0.438406	0.58485	0.573504	0.95326
PMID40958910_77	TUB	ERCB_TUB_H1	2	0.483333	0.452899	0.58485	0.573504	0.95326
PMID40969366_78	TUB	ERCB_TUB_H1	4	0.660526	0.612319	0.58485	0.573504	0.95326
PMID41122706_79	TUB	ERCB_TUB_H1	3	0.615789	0.619565	0.58485	0.573504	0.95326
PMID41162187_80	TUB	ERCB_TUB_H1	2	0.605263	0.57971	0.58485	0.573504	0.95326
PMID41164826_81	TUB	ERCB_TUB_H1	3	0.298246	0.286232	0.58485	0.573504	0.95326
PMID41311665_83	TUB	ERCB_TUB_H1	6	0.599123	0.57971	0.58485	0.573504	0.95326
PMID41329505_84	TUB	ERCB_TUB_H1	2	0.644737	0.644928	0.58485	0.573504	0.95326
PMID41332907_85	TUB	ERCB_TUB_H1	5	0.541228	0.605072	0.58485	0.573504	0.95326
PMID41353443_86	TUB	ERCB_TUB_H1	3	0.294737	0.297101	0.58485	0.573504	0.95326
PMID41438111_87	TUB	ERCB_TUB_H1	5	0.616667	0.586957	0.58485	0.573504	0.95326
PMID41479901_88	TUB	ERCB_TUB_H1	8	0.687719	0.717391	0.58485	0.573504	0.95326
PMID41503644_89	TUB	ERCB_TUB_H1	3	0.550877	0.576087	0.58485	0.573504	0.95326
PMID41669232_90	TUB	ERCB_TUB_H1	6	0.62807	0.652174	0.58485	0.573504	0.95326
PMID37737517_91	TUB	ERCB_TUB_H1	5	0.642105	0.648551	0.58485	0.573504	0.95326
PMID37777674_92	TUB	ERCB_TUB_H1	4	0.560526	0.554348	0.58485	0.573504	0.95326
PMID37957539_93	TUB	ERCB_TUB_H1	2	0.69386	0.673913	0.58485	0.573504	0.95326
PMID38104515_94	TUB	ERCB_TUB_H1	4	0.601754	0.630435	0.58485	0.573504	0.95326
PMID38292407_95	TUB	ERCB_TUB_H1	12	0.630702	0.641304	0.58485	0.573504	0.95326
PMID38304805_96	TUB	ERCB_TUB_H1	5	0.488596	0.48913	0.58485	0.573504	0.95326
PMID38332898_97	TUB	ERCB_TUB_H1	2	0.663158	0.692029	0.58485	0.573504	0.95326
PMID38375694_98	TUB	ERCB_TUB_H1	2	0.583333	0.612319	0.58485	0.573504	0.95326
PMID38390317_99	TUB	ERCB_TUB_H1	3	0.800877	0.753623	0.58485	0.573504	0.95326
PMID38643193_100	TUB	ERCB_TUB_H1	5	0.408772	0.456522	0.58485	0.573504	0.95326
PMID38691241_101	TUB	ERCB_TUB_H1	5	0.632456	0.608696	0.58485	0.573504	0.95326
PMID38764052_102	TUB	ERCB_TUB_H1	8	0.579825	0.59058	0.58485	0.573504	0.95326
PMID38766319_103	TUB	ERCB_TUB_H1	2	0.625439	0.605072	0.58485	0.573504	0.95326
PMID38774257_104	TUB	ERCB_TUB_H1	2	0.649123	0.637681	0.58485	0.573504	0.95326
PMID38851464_105	TUB	ERCB_TUB_H1	3	0.689474	0.681159	0.58485	0.573504	0.95326
PMID38951833_106	TUB	ERCB_TUB_H1	7	0.761404	0.75	0.58485	0.573504	0.95326
PMID38968594_107	TUB	ERCB_TUB_H1	4	0.511404	0.503623	0.58485	0.573504	0.95326
PMID39085362_108	TUB	ERCB_TUB_H1	2	0.278947	0.286232	0.58485	0.573504	0.95326
PMID39187837_109	TUB	ERCB_TUB_H1	4	0.447368	0.449275	0.58485	0.573504	0.95326
PMID39224660_110	TUB	ERCB_TUB_H1	3	0.509649	0.57971	0.58485	0.573504	0.95326
PMID39265357_111	TUB	ERCB_TUB_H1	6	0.278947	0.376812	0.58485	0.573504	0.95326
PMID39290792_112	TUB	ERCB_TUB_H1	2	0.645614	0.619565	0.58485	0.573504	0.95326
PMID39333211_114	TUB	ERCB_TUB_H1	2	0.473684	0.492754	0.58485	0.573504	0.95326
PMID39378104_116	TUB	ERCB_TUB_H1	5	0.646491	0.666667	0.58485	0.573504	0.95326
PMID39444490_117	TUB	ERCB_TUB_H1	7	0.477193	0.576087	0.58485	0.573504	0.95326
PMID39609849_119	TUB	ERCB_TUB_H1	9	0.638596	0.641304	0.58485	0.573504	0.95326
PMID39916957_120	TUB	ERCB_TUB_H1	12	0.674561	0.652174	0.58485	0.573504	0.95326
PMID35713142_121	TUB	ERCB_TUB_H1	5	0.60614	0.623188	0.58485	0.573504	0.95326
PMID35834115_122	TUB	ERCB_TUB_H1	6	0.562281	0.615942	0.58485	0.573504	0.95326
PMID36627452_123	TUB	ERCB_TUB_H1	6	0.625439	0.586957	0.58485	0.573504	0.95326
PMID36891052_124	TUB	ERCB_TUB_H1	6	0.671053	0.699275	0.58485	0.573504	0.95326
PMID36911691_126	TUB	ERCB_TUB_H1	3	0.6	0.644928	0.58485	0.573504	0.95326
PMID36919187_127	TUB	ERCB_TUB_H1	3	0.444737	0.452899	0.58485	0.573504	0.95326
PMID36969169_128	TUB	ERCB_TUB_H1	3	0.697368	0.692029	0.58485	0.573504	0.95326
PMID37038746_129	TUB	ERCB_TUB_H1	10	0.533333	0.615942	0.58485	0.573504	0.95326
PMID37063851_130	TUB	ERCB_TUB_H1	3	0.524561	0.572464	0.58485	0.573504	0.95326
PMID37113991_131	TUB	ERCB_TUB_H1	8	0.616667	0.619565	0.58485	0.573504	0.95326
PMID37127580_132	TUB	ERCB_TUB_H1	11	0.626316	0.612319	0.58485	0.573504	0.95326
PMID37143982_133	TUB	ERCB_TUB_H1	7	0.701754	0.688406	0.58485	0.573504	0.95326
PMID37250717_134	TUB	ERCB_TUB_H1	5	0.604386	0.637681	0.58485	0.573504	0.95326
PMID37312900_135	TUB	ERCB_TUB_H1	10	0.560526	0.594203	0.58485	0.573504	0.95326
PMID37396184_137	TUB	ERCB_TUB_H1	5	0.737719	0.746377	0.58485	0.573504	0.95326
PMID37404805_138	TUB	ERCB_TUB_H1	3	0.669298	0.67029	0.58485	0.573504	0.95326
PMID37480090_139	TUB	ERCB_TUB_H1	15	0.574561	0.601449	0.58485	0.573504	0.95326
PMID37492198_140	TUB	ERCB_TUB_H1	6	0.555263	0.586957	0.58485	0.573504	0.95326
PMID37554330_141	TUB	ERCB_TUB_H1	3	0.588596	0.572464	0.58485	0.573504	0.95326
PMID37593129_142	TUB	ERCB_TUB_H1	6	0.309649	0.387681	0.58485	0.573504	0.95326
PMID37622120_143	TUB	ERCB_TUB_H1	4	0.611404	0.601449	0.58485	0.573504	0.95326
PMID37656997_144	TUB	ERCB_TUB_H1	7	0.359649	0.423913	0.58485	0.573504	0.95326
PMID37745718_145	TUB	ERCB_TUB_H1	5	0.686842	0.695652	0.58485	0.573504	0.95326
PMID37760894_146	TUB	ERCB_TUB_H1	4	0.609649	0.623188	0.58485	0.573504	0.95326
PMID37776100_147	TUB	ERCB_TUB_H1	4	0.571053	0.583333	0.58485	0.573504	0.95326
PMID37960829_148	TUB	ERCB_TUB_H1	2	0.707018	0.706522	0.58485	0.573504	0.95326
PMID37964514_149	TUB	ERCB_TUB_H1	3	0.427193	0.431159	0.58485	0.573504	0.95326
PMID37988198_150	TUB	ERCB_TUB_H1	2	0.601754	0.605072	0.58485	0.573504	0.95326
PMID38020922_151	TUB	ERCB_TUB_H1	7	0.473684	0.460145	0.58485	0.573504	0.95326
PMID38028597_152	TUB	ERCB_TUB_H1	4	0.7	0.681159	0.58485	0.573504	0.95326
PMID38028994_153	TUB	ERCB_TUB_H1	6	0.614035	0.65942	0.58485	0.573504	0.95326
PMID38390397_155	TUB	ERCB_TUB_H1	4	0.636842	0.673913	0.58485	0.573504	0.95326
PMID34908186_156	TUB	ERCB_TUB_H1	5	0.573684	0.59058	0.58485	0.573504	0.95326
PMID34932275_157	TUB	ERCB_TUB_H1	3	0.57807	0.57971	0.58485	0.573504	0.95326
PMID35559414_160	TUB	ERCB_TUB_H1	3	0.448246	0.418478	0.58485	0.573504	0.95326
PMID35592524_161	TUB	ERCB_TUB_H1	17	0.700877	0.688406	0.58485	0.573504	0.95326
PMID35637650_162	TUB	ERCB_TUB_H1	9	0.579825	0.525362	0.58485	0.573504	0.95326
PMID35663304_163	TUB	ERCB_TUB_H1	2	0.659649	0.673913	0.58485	0.573504	0.95326
PMID35721731_164	TUB	ERCB_TUB_H1	4	0.209649	0.202899	0.58485	0.573504	0.95326
PMID35845512_165	TUB	ERCB_TUB_H1	3	0.59386	0.601449	0.58485	0.573504	0.95326
PMID35909518_166	TUB	ERCB_TUB_H1	5	0.605263	0.597826	0.58485	0.573504	0.95326
PMID35923621_167	TUB	ERCB_TUB_H1	4	0.625439	0.623188	0.58485	0.573504	0.95326
PMID35991124_168	TUB	ERCB_TUB_H1	11	0.721053	0.713768	0.58485	0.573504	0.95326
PMID36035169_169	TUB	ERCB_TUB_H1	5	0.501754	0.539855	0.58485	0.573504	0.95326
PMID36059966_170	TUB	ERCB_TUB_H1	15	0.602632	0.623188	0.58485	0.573504	0.95326
PMID36064366_171	TUB	ERCB_TUB_H1	6	0.626316	0.666667	0.58485	0.573504	0.95326
PMID36071835_172	TUB	ERCB_TUB_H1	3	0.472807	0.449275	0.58485	0.573504	0.95326
PMID36071835_173	TUB	ERCB_TUB_H1	8	0.485965	0.467391	0.58485	0.573504	0.95326
PMID36092962_174	TUB	ERCB_TUB_H1	9	0.753509	0.742754	0.58485	0.573504	0.95326
PMID36154667_175	TUB	ERCB_TUB_H1	2	0.633333	0.644928	0.58485	0.573504	0.95326
PMID36250071_177	TUB	ERCB_TUB_H1	2	0.324561	0.293478	0.58485	0.573504	0.95326
PMID36329882_178	TUB	ERCB_TUB_H1	9	0.608772	0.597826	0.58485	0.573504	0.95326
PMID36385790_180	TUB	ERCB_TUB_H1	10	0.672807	0.666667	0.58485	0.573504	0.95326
PMID36466094_181	TUB	ERCB_TUB_H1	7	0.314912	0.322464	0.58485	0.573504	0.95326
PMID36482994_182	TUB	ERCB_TUB_H1	3	0.701754	0.731884	0.58485	0.573504	0.95326
PMID36568106_184	TUB	ERCB_TUB_H1	2	0.461404	0.539855	0.58485	0.573504	0.95326
PMID36585417_185	TUB	ERCB_TUB_H1	8	0.616667	0.615942	0.58485	0.573504	0.95326
PMID36624863_186	TUB	ERCB_TUB_H1	5	0.224561	0.213768	0.58485	0.573504	0.95326
PMID36743936_187	TUB	ERCB_TUB_H1	3	0.478947	0.456522	0.58485	0.573504	0.95326
PMID32954999_188	TUB	ERCB_TUB_H1	10	0.577193	0.586957	0.58485	0.573504	0.95326
PMID33887734_190	TUB	ERCB_TUB_H1	2	0.724561	0.717391	0.58485	0.573504	0.95326
PMID34087849_191	TUB	ERCB_TUB_H1	4	0.630702	0.652174	0.58485	0.573504	0.95326
PMID34124269_192	TUB	ERCB_TUB_H1	7	0.600877	0.615942	0.58485	0.573504	0.95326
PMID34215202_193	TUB	ERCB_TUB_H1	5	0.54386	0.57971	0.58485	0.573504	0.95326
PMID34262312_194	TUB	ERCB_TUB_H1	2	0.640351	0.65942	0.58485	0.573504	0.95326
PMID34424825_195	TUB	ERCB_TUB_H1	3	0.675439	0.677536	0.58485	0.573504	0.95326
PMID34557161_198	TUB	ERCB_TUB_H1	7	0.694737	0.673913	0.58485	0.573504	0.95326
PMID34735495_199	TUB	ERCB_TUB_H1	6	0.599123	0.634058	0.58485	0.573504	0.95326
PMID32778679_201	TUB	ERCB_TUB_H1	11	0.721053	0.695652	0.58485	0.573504	0.95326
PMID32953797_202	TUB	ERCB_TUB_H1	16	0.658772	0.619565	0.58485	0.573504	0.95326
PMID33145306_203	TUB	ERCB_TUB_H1	13	0.616667	0.608696	0.58485	0.573504	0.95326
PMID30761531_204	TUB	ERCB_TUB_H1	19	0.736842	0.681159	0.58485	0.573504	0.95326
PMID30988245_205	TUB	ERCB_TUB_H1	5	0.520175	0.507246	0.58485	0.573504	0.95326
PMID31277135_206	TUB	ERCB_TUB_H1	7	0.55614	0.565217	0.58485	0.573504	0.95326
PMID29207157_208	TUB	ERCB_TUB_H1	4	0.612281	0.59058	0.58485	0.573504	0.95326
PMID40611469_0	TUB	ERCB_TUB_H7	2	0.544643	0.45283	0.58485	0.573504	0.95326
PMID41117762_1	TUB	ERCB_TUB_H7	2	0.580357	0.54717	0.58485	0.573504	0.95326
PMID41528564_2	TUB	ERCB_TUB_H7	4	0.486607	0.490566	0.58485	0.573504	0.95326
PMID41569454_4	TUB	ERCB_TUB_H7	3	0.428571	0.415094	0.58485	0.573504	0.95326
PMID41582386_5	TUB	ERCB_TUB_H7	7	0.566964	0.509434	0.58485	0.573504	0.95326
PMID41593805_6	TUB	ERCB_TUB_H7	5	0.763393	0.735849	0.58485	0.573504	0.95326
PMID41709877_7	TUB	ERCB_TUB_H7	4	0.549107	0.471698	0.58485	0.573504	0.95326
PMID41825713_8	TUB	ERCB_TUB_H7	2	0.495536	0.490566	0.58485	0.573504	0.95326
PMID41867465_10	TUB	ERCB_TUB_H7	2	0.830357	0.811321	0.58485	0.573504	0.95326
PMID41878449_11	TUB	ERCB_TUB_H7	6	0.504464	0.433962	0.58485	0.573504	0.95326
PMID41925798_12	TUB	ERCB_TUB_H7	9	0.566964	0.566038	0.58485	0.573504	0.95326
PMID41928356_13	TUB	ERCB_TUB_H7	4	0.674107	0.641509	0.58485	0.573504	0.95326
PMID41944350_14	TUB	ERCB_TUB_H7	4	0.482143	0.490566	0.58485	0.573504	0.95326
PMID41978270_15	TUB	ERCB_TUB_H7	3	0.46875	0.415094	0.58485	0.573504	0.95326
PMID42107160_17	TUB	ERCB_TUB_H7	2	0.517857	0.396226	0.58485	0.573504	0.95326
PMID42123756_18	TUB	ERCB_TUB_H7	5	0.415179	0.45283	0.58485	0.573504	0.95326
PMID42169644_19	TUB	ERCB_TUB_H7	3	0.553571	0.584906	0.58485	0.573504	0.95326
PMID42278229_21	TUB	ERCB_TUB_H7	4	0.607143	0.566038	0.58485	0.573504	0.95326
PMID42402786_22	TUB	ERCB_TUB_H7	5	0.71875	0.660377	0.58485	0.573504	0.95326
PMID42461218_23	TUB	ERCB_TUB_H7	4	0.544643	0.566038	0.58485	0.573504	0.95326
PMID42464365_24	TUB	ERCB_TUB_H7	9	0.607143	0.566038	0.58485	0.573504	0.95326
PMID42563361_27	TUB	ERCB_TUB_H7	2	0.696429	0.679245	0.58485	0.573504	0.95326
PMID42602622_28	TUB	ERCB_TUB_H7	4	0.754464	0.735849	0.58485	0.573504	0.95326
PMID42621048_29	TUB	ERCB_TUB_H7	3	0.544643	0.622642	0.58485	0.573504	0.95326
PMID42694848_32	TUB	ERCB_TUB_H7	2	0.745536	0.679245	0.58485	0.573504	0.95326
PMID42713097_33	TUB	ERCB_TUB_H7	3	0.379464	0.490566	0.58485	0.573504	0.95326
PMID42735794_34	TUB	ERCB_TUB_H7	7	0.647321	0.641509	0.58485	0.573504	0.95326
PMID42747041_35	TUB	ERCB_TUB_H7	2	0.669643	0.660377	0.58485	0.573504	0.95326
PMID42787683_36	TUB	ERCB_TUB_H7	5	0.669643	0.679245	0.58485	0.573504	0.95326
PMID39028495_37	TUB	ERCB_TUB_H7	7	0.660714	0.660377	0.58485	0.573504	0.95326
PMID39509016_38	TUB	ERCB_TUB_H7	4	0.665179	0.603774	0.58485	0.573504	0.95326
PMID39838413_39	TUB	ERCB_TUB_H7	5	0.459821	0.396226	0.58485	0.573504	0.95326
PMID39865825_41	TUB	ERCB_TUB_H7	5	0.424107	0.301887	0.58485	0.573504	0.95326
PMID39892769_43	TUB	ERCB_TUB_H7	2	0.410714	0.45283	0.58485	0.573504	0.95326
PMID39920798_44	TUB	ERCB_TUB_H7	2	0.59375	0.641509	0.58485	0.573504	0.95326
PMID39953123_45	TUB	ERCB_TUB_H7	4	0.5625	0.509434	0.58485	0.573504	0.95326
PMID39957315_46	TUB	ERCB_TUB_H7	2	0.638393	0.641509	0.58485	0.573504	0.95326
PMID39959271_47	TUB	ERCB_TUB_H7	2	0.558036	0.54717	0.58485	0.573504	0.95326
PMID39988817_48	TUB	ERCB_TUB_H7	2	0.59375	0.528302	0.58485	0.573504	0.95326
PMID39995931_49	TUB	ERCB_TUB_H7	4	0.303571	0.283019	0.58485	0.573504	0.95326
PMID40097518_50	TUB	ERCB_TUB_H7	4	0.4375	0.396226	0.58485	0.573504	0.95326
PMID40228227_52	TUB	ERCB_TUB_H7	3	0.647321	0.566038	0.58485	0.573504	0.95326
PMID40230799_53	TUB	ERCB_TUB_H7	3	0.276786	0.339623	0.58485	0.573504	0.95326
PMID40312440_56	TUB	ERCB_TUB_H7	7	0.625	0.584906	0.58485	0.573504	0.95326
PMID40374840_57	TUB	ERCB_TUB_H7	5	0.584821	0.54717	0.58485	0.573504	0.95326
PMID40376698_58	TUB	ERCB_TUB_H7	5	0.392857	0.358491	0.58485	0.573504	0.95326
PMID40460381_59	TUB	ERCB_TUB_H7	2	0.410714	0.45283	0.58485	0.573504	0.95326
PMID40470717_60	TUB	ERCB_TUB_H7	10	0.598214	0.603774	0.58485	0.573504	0.95326
PMID40505639_61	TUB	ERCB_TUB_H7	3	0.316964	0.283019	0.58485	0.573504	0.95326
PMID40555691_62	TUB	ERCB_TUB_H7	7	0.745536	0.716981	0.58485	0.573504	0.95326
PMID40615901_63	TUB	ERCB_TUB_H7	2	0.799107	0.811321	0.58485	0.573504	0.95326
PMID40624623_64	TUB	ERCB_TUB_H7	2	0.388393	0.490566	0.58485	0.573504	0.95326
PMID40640102_65	TUB	ERCB_TUB_H7	3	0.584821	0.471698	0.58485	0.573504	0.95326
PMID40703651_68	TUB	ERCB_TUB_H7	2	0.473214	0.45283	0.58485	0.573504	0.95326
PMID40742465_69	TUB	ERCB_TUB_H7	2	0.473214	0.320755	0.58485	0.573504	0.95326
PMID40764924_71	TUB	ERCB_TUB_H7	2	0.433036	0.415094	0.58485	0.573504	0.95326
PMID40825025_73	TUB	ERCB_TUB_H7	6	0.589286	0.528302	0.58485	0.573504	0.95326
PMID40898746_74	TUB	ERCB_TUB_H7	3	0.446429	0.509434	0.58485	0.573504	0.95326
PMID40948769_75	TUB	ERCB_TUB_H7	4	0.491071	0.528302	0.58485	0.573504	0.95326
PMID40950408_76	TUB	ERCB_TUB_H7	6	0.25	0.245283	0.58485	0.573504	0.95326
PMID40958910_77	TUB	ERCB_TUB_H7	2	0.566964	0.584906	0.58485	0.573504	0.95326
PMID40969366_78	TUB	ERCB_TUB_H7	4	0.366071	0.339623	0.58485	0.573504	0.95326
PMID41122706_79	TUB	ERCB_TUB_H7	3	0.584821	0.528302	0.58485	0.573504	0.95326
PMID41162187_80	TUB	ERCB_TUB_H7	2	0.303571	0.377358	0.58485	0.573504	0.95326
PMID41164826_81	TUB	ERCB_TUB_H7	3	0.446429	0.471698	0.58485	0.573504	0.95326
PMID41311665_83	TUB	ERCB_TUB_H7	6	0.526786	0.528302	0.58485	0.573504	0.95326
PMID41329505_84	TUB	ERCB_TUB_H7	2	0.375	0.377358	0.58485	0.573504	0.95326
PMID41332907_85	TUB	ERCB_TUB_H7	5	0.633929	0.622642	0.58485	0.573504	0.95326
PMID41353443_86	TUB	ERCB_TUB_H7	3	0.504464	0.54717	0.58485	0.573504	0.95326
PMID41438111_87	TUB	ERCB_TUB_H7	5	0.642857	0.660377	0.58485	0.573504	0.95326
PMID41479901_88	TUB	ERCB_TUB_H7	8	0.517857	0.509434	0.58485	0.573504	0.95326
PMID41503644_89	TUB	ERCB_TUB_H7	3	0.6875	0.660377	0.58485	0.573504	0.95326
PMID41669232_90	TUB	ERCB_TUB_H7	6	0.526786	0.471698	0.58485	0.573504	0.95326
PMID37737517_91	TUB	ERCB_TUB_H7	5	0.517857	0.54717	0.58485	0.573504	0.95326
PMID37777674_92	TUB	ERCB_TUB_H7	4	0.428571	0.45283	0.58485	0.573504	0.95326
PMID37957539_93	TUB	ERCB_TUB_H7	2	0.571429	0.471698	0.58485	0.573504	0.95326
PMID38104515_94	TUB	ERCB_TUB_H7	4	0.477679	0.490566	0.58485	0.573504	0.95326
PMID38292407_95	TUB	ERCB_TUB_H7	12	0.522321	0.54717	0.58485	0.573504	0.95326
PMID38304805_96	TUB	ERCB_TUB_H7	5	0.683036	0.698113	0.58485	0.573504	0.95326
PMID38332898_97	TUB	ERCB_TUB_H7	2	0.571429	0.528302	0.58485	0.573504	0.95326
PMID38375694_98	TUB	ERCB_TUB_H7	2	0.482143	0.415094	0.58485	0.573504	0.95326
PMID38390317_99	TUB	ERCB_TUB_H7	3	0.857143	0.792453	0.58485	0.573504	0.95326
PMID38643193_100	TUB	ERCB_TUB_H7	5	0.46875	0.528302	0.58485	0.573504	0.95326
PMID38691241_101	TUB	ERCB_TUB_H7	5	0.651786	0.679245	0.58485	0.573504	0.95326
PMID38764052_102	TUB	ERCB_TUB_H7	8	0.383929	0.45283	0.58485	0.573504	0.95326
PMID38766319_103	TUB	ERCB_TUB_H7	2	0.5625	0.54717	0.58485	0.573504	0.95326
PMID38774257_104	TUB	ERCB_TUB_H7	2	0.816964	0.754717	0.58485	0.573504	0.95326
PMID38851464_105	TUB	ERCB_TUB_H7	3	0.723214	0.698113	0.58485	0.573504	0.95326
PMID38951833_106	TUB	ERCB_TUB_H7	7	0.866071	0.830189	0.58485	0.573504	0.95326
PMID38968594_107	TUB	ERCB_TUB_H7	4	0.65625	0.641509	0.58485	0.573504	0.95326
PMID39085362_108	TUB	ERCB_TUB_H7	2	0.611607	0.641509	0.58485	0.573504	0.95326
PMID39187837_109	TUB	ERCB_TUB_H7	4	0.397321	0.320755	0.58485	0.573504	0.95326
PMID39224660_110	TUB	ERCB_TUB_H7	3	0.334821	0.320755	0.58485	0.573504	0.95326
PMID39265357_111	TUB	ERCB_TUB_H7	6	0.491071	0.433962	0.58485	0.573504	0.95326
PMID39290792_112	TUB	ERCB_TUB_H7	2	0.486607	0.415094	0.58485	0.573504	0.95326
PMID39333211_114	TUB	ERCB_TUB_H7	3	0.486607	0.471698	0.58485	0.573504	0.95326
PMID39378104_116	TUB	ERCB_TUB_H7	5	0.700893	0.716981	0.58485	0.573504	0.95326
PMID39444490_117	TUB	ERCB_TUB_H7	7	0.464286	0.415094	0.58485	0.573504	0.95326
PMID39609849_119	TUB	ERCB_TUB_H7	9	0.59375	0.509434	0.58485	0.573504	0.95326
PMID39916957_120	TUB	ERCB_TUB_H7	12	0.441964	0.45283	0.58485	0.573504	0.95326
PMID35713142_121	TUB	ERCB_TUB_H7	5	0.352679	0.396226	0.58485	0.573504	0.95326
PMID35834115_122	TUB	ERCB_TUB_H7	6	0.504464	0.45283	0.58485	0.573504	0.95326
PMID36627452_123	TUB	ERCB_TUB_H7	6	0.348214	0.320755	0.58485	0.573504	0.95326
PMID36891052_124	TUB	ERCB_TUB_H7	6	0.705357	0.641509	0.58485	0.573504	0.95326
PMID36911691_126	TUB	ERCB_TUB_H7	3	0.40625	0.320755	0.58485	0.573504	0.95326
PMID36919187_127	TUB	ERCB_TUB_H7	3	0.78125	0.773585	0.58485	0.573504	0.95326
PMID36969169_128	TUB	ERCB_TUB_H7	3	0.705357	0.660377	0.58485	0.573504	0.95326
PMID37038746_129	TUB	ERCB_TUB_H7	10	0.535714	0.54717	0.58485	0.573504	0.95326
PMID37063851_130	TUB	ERCB_TUB_H7	3	0.433036	0.471698	0.58485	0.573504	0.95326
PMID37113991_131	TUB	ERCB_TUB_H7	8	0.464286	0.471698	0.58485	0.573504	0.95326
PMID37127580_132	TUB	ERCB_TUB_H7	11	0.651786	0.641509	0.58485	0.573504	0.95326
PMID37143982_133	TUB	ERCB_TUB_H7	7	0.59375	0.584906	0.58485	0.573504	0.95326
PMID37250717_134	TUB	ERCB_TUB_H7	5	0.424107	0.471698	0.58485	0.573504	0.95326
PMID37312900_135	TUB	ERCB_TUB_H7	10	0.495536	0.509434	0.58485	0.573504	0.95326
PMID37396184_137	TUB	ERCB_TUB_H7	5	0.647321	0.622642	0.58485	0.573504	0.95326
PMID37404805_138	TUB	ERCB_TUB_H7	3	0.616071	0.622642	0.58485	0.573504	0.95326
PMID37480090_139	TUB	ERCB_TUB_H7	15	0.169643	0.132075	0.58485	0.573504	0.95326
PMID37492198_140	TUB	ERCB_TUB_H7	6	0.53125	0.528302	0.58485	0.573504	0.95326
PMID37554330_141	TUB	ERCB_TUB_H7	3	0.325893	0.433962	0.58485	0.573504	0.95326
PMID37593129_142	TUB	ERCB_TUB_H7	6	0.147321	0.132075	0.58485	0.573504	0.95326
PMID37622120_143	TUB	ERCB_TUB_H7	4	0.34375	0.415094	0.58485	0.573504	0.95326
PMID37656997_144	TUB	ERCB_TUB_H7	7	0.642857	0.660377	0.58485	0.573504	0.95326
PMID37745718_145	TUB	ERCB_TUB_H7	5	0.620536	0.584906	0.58485	0.573504	0.95326
PMID37760894_146	TUB	ERCB_TUB_H7	4	0.540179	0.509434	0.58485	0.573504	0.95326
PMID37776100_147	TUB	ERCB_TUB_H7	4	0.379464	0.396226	0.58485	0.573504	0.95326
PMID37960829_148	TUB	ERCB_TUB_H7	2	0.419643	0.396226	0.58485	0.573504	0.95326
PMID37964514_149	TUB	ERCB_TUB_H7	3	0.633929	0.54717	0.58485	0.573504	0.95326
PMID37988198_150	TUB	ERCB_TUB_H7	2	0.629464	0.622642	0.58485	0.573504	0.95326
PMID38020922_151	TUB	ERCB_TUB_H7	7	0.392857	0.433962	0.58485	0.573504	0.95326
PMID38028597_152	TUB	ERCB_TUB_H7	4	0.558036	0.528302	0.58485	0.573504	0.95326
PMID38028994_153	TUB	ERCB_TUB_H7	6	0.455357	0.433962	0.58485	0.573504	0.95326
PMID38390397_155	TUB	ERCB_TUB_H7	4	0.544643	0.54717	0.58485	0.573504	0.95326
PMID34908186_156	TUB	ERCB_TUB_H7	6	0.59375	0.509434	0.58485	0.573504	0.95326
PMID34932275_157	TUB	ERCB_TUB_H7	3	0.276786	0.320755	0.58485	0.573504	0.95326
PMID35559414_160	TUB	ERCB_TUB_H7	3	0.897321	0.90566	0.58485	0.573504	0.95326
PMID35592524_161	TUB	ERCB_TUB_H7	17	0.495536	0.471698	0.58485	0.573504	0.95326
PMID35637650_162	TUB	ERCB_TUB_H7	10	0.950893	0.962264	0.58485	0.573504	0.95326
PMID35663304_163	TUB	ERCB_TUB_H7	2	0.522321	0.490566	0.58485	0.573504	0.95326
PMID35721731_164	TUB	ERCB_TUB_H7	4	0.424107	0.471698	0.58485	0.573504	0.95326
PMID35845512_165	TUB	ERCB_TUB_H7	3	0.723214	0.679245	0.58485	0.573504	0.95326
PMID35909518_166	TUB	ERCB_TUB_H7	5	0.473214	0.490566	0.58485	0.573504	0.95326
PMID35923621_167	TUB	ERCB_TUB_H7	4	0.316964	0.320755	0.58485	0.573504	0.95326
PMID35991124_168	TUB	ERCB_TUB_H7	11	0.580357	0.566038	0.58485	0.573504	0.95326
PMID36035169_169	TUB	ERCB_TUB_H7	5	0.553571	0.54717	0.58485	0.573504	0.95326
PMID36059966_170	TUB	ERCB_TUB_H7	15	0.459821	0.490566	0.58485	0.573504	0.95326
PMID36064366_171	TUB	ERCB_TUB_H7	6	0.513393	0.509434	0.58485	0.573504	0.95326
PMID36071835_172	TUB	ERCB_TUB_H7	3	0.209821	0.150943	0.58485	0.573504	0.95326
PMID36071835_173	TUB	ERCB_TUB_H7	8	0.245536	0.245283	0.58485	0.573504	0.95326
PMID36092962_174	TUB	ERCB_TUB_H7	9	0.767857	0.792453	0.58485	0.573504	0.95326
PMID36154667_175	TUB	ERCB_TUB_H7	3	0.424107	0.471698	0.58485	0.573504	0.95326
PMID36250071_177	TUB	ERCB_TUB_H7	2	0.602679	0.622642	0.58485	0.573504	0.95326
PMID36329882_178	TUB	ERCB_TUB_H7	9	0.388393	0.396226	0.58485	0.573504	0.95326
PMID36385790_180	TUB	ERCB_TUB_H7	10	0.700893	0.660377	0.58485	0.573504	0.95326
PMID36466094_181	TUB	ERCB_TUB_H7	7	0.71875	0.792453	0.58485	0.573504	0.95326
PMID36482994_182	TUB	ERCB_TUB_H7	3	0.8125	0.849057	0.58485	0.573504	0.95326
PMID36568106_184	TUB	ERCB_TUB_H7	2	0.473214	0.490566	0.58485	0.573504	0.95326
PMID36585417_185	TUB	ERCB_TUB_H7	8	0.65625	0.566038	0.58485	0.573504	0.95326
PMID36624863_186	TUB	ERCB_TUB_H7	5	0.486607	0.584906	0.58485	0.573504	0.95326
PMID36743936_187	TUB	ERCB_TUB_H7	3	0.415179	0.396226	0.58485	0.573504	0.95326
PMID32954999_188	TUB	ERCB_TUB_H7	10	0.433036	0.396226	0.58485	0.573504	0.95326
PMID33887734_190	TUB	ERCB_TUB_H7	2	0.84375	0.830189	0.58485	0.573504	0.95326
PMID34087849_191	TUB	ERCB_TUB_H7	4	0.589286	0.584906	0.58485	0.573504	0.95326
PMID34124269_192	TUB	ERCB_TUB_H7	7	0.299107	0.301887	0.58485	0.573504	0.95326
PMID34215202_193	TUB	ERCB_TUB_H7	5	0.540179	0.54717	0.58485	0.573504	0.95326
PMID34262312_194	TUB	ERCB_TUB_H7	2	0.397321	0.433962	0.58485	0.573504	0.95326
PMID34424825_195	TUB	ERCB_TUB_H7	3	0.28125	0.283019	0.58485	0.573504	0.95326
PMID34557161_198	TUB	ERCB_TUB_H7	7	0.754464	0.660377	0.58485	0.573504	0.95326
PMID34735495_199	TUB	ERCB_TUB_H7	6	0.504464	0.433962	0.58485	0.573504	0.95326
PMID32778679_201	TUB	ERCB_TUB_H7	11	0.584821	0.584906	0.58485	0.573504	0.95326
PMID32953797_202	TUB	ERCB_TUB_H7	17	0.611607	0.584906	0.58485	0.573504	0.95326
PMID33145306_203	TUB	ERCB_TUB_H7	14	0.660714	0.660377	0.58485	0.573504	0.95326
PMID30761531_204	TUB	ERCB_TUB_H7	19	0.566964	0.54717	0.58485	0.573504	0.95326
PMID30988245_205	TUB	ERCB_TUB_H7	5	0.758929	0.792453	0.58485	0.573504	0.95326
PMID31277135_206	TUB	ERCB_TUB_H7	7	0.772321	0.811321	0.58485	0.573504	0.95326
PMID29207157_208	TUB	ERCB_TUB_H7	4	0.383929	0.415094	0.58485	0.573504	0.95326
