dataset	gene	top_type	second_type	top_log2cpm	top_z	tau	top_share	expressed
snRNA	ACKR1	ENDO_PT	NK	2.8572303713753433	3.6884562824306037	0.9659238395424458	0.619820282671096	True
snRNA	ACKR3	PT	PT_injured	3.324203375136805	1.5522408992362031	0.6506955362395538	0.13722163934440332	True
snRNA	ACP3	LOH	DC	7.554172227373952	2.7319806310576364	0.9455421776116518	0.5049890894531301	True
snRNA	ADGRG6	PEC	MAC	7.726583005828963	2.035151016493586	0.874136795508143	0.3062282838943236	True
snRNA	ADH1B	STROMA	PERI	6.947765244090849	3.277076098632439	0.9673687298925923	0.6299756810374348	True
snRNA	ADH1C	CNT_PC	MAST	3.2192567498633693	3.177586094911885	0.8475232307935863	0.2670525151277033	True
snRNA	AGR2	CNT_PC	LOH	2.3248748631769214	2.4253937954792626	0.7768544107935025	0.19933737840571356	True
snRNA	ALDH8A1	PT	PT_injured	6.823857703827343	2.264128297132231	0.8671985382533397	0.294948159358549	True
snRNA	ALOX5	MAST	DC	9.546944242576297	2.3503956843108544	0.9568369522463074	0.5627668311059953	True
snRNA	ANGPTL3	PT_injured	PT	4.304741968309347	2.2546883256670127	0.7882773764550985	0.2078566822870764	True
snRNA	ANGPTL4	PT	PODO	4.180156438287742	1.8376743771620736	0.7633297605696536	0.1901117440992227	True
snRNA	ANKS1B	PT	PT_injured	9.841178511722433	2.1876036812344752	0.8823825064562683	0.32080947840621055	True
snRNA	APOC1	IC	MAC	3.583814759945279	3.0820355065114913	0.90665040392468	0.3730935763274769	True
snRNA	AQP9	PEC	MAC	3.8074400354171165	2.9068076048219447	0.9373305975479036	0.46991393773177387	True
snRNA	ASPN	STROMA	PERI	5.890410200389985	3.236102663043148	0.9617812289341879	0.5924388642092902	True
snRNA	C1QA	MAC	DC	7.574603094183401	2.994686062451591	0.9702142293971145	0.6509806919617482	True
snRNA	C1orf115	PT_injured	PT	4.43542017482962	2.083133650986783	0.6711267821023678	0.1445145613230679	True
snRNA	C1orf21	STROMA	NK	8.463722978576289	1.6086702402008106	0.7986473394054187	0.2162467062676141	True
snRNA	C5AR1	MAC	LOH	6.972409212226378	2.2469815510471625	0.8864641150829891	0.328553328307404	True
snRNA	CALB1	CNT_PC	DCT	8.66920805585281	2.18288597099155	0.7794335940312107	0.20119933687584374	True
snRNA	CALML3	PT_injured	MAST	2.689889098267646	2.70416503310448	0.8456424420845925	0.26465976630482213	True
snRNA	CAMK1	ENDO	ENDO_PT	4.008005001245432	1.3484075057649074	0.6087044084832622	0.12432676053210048	True
snRNA	CCDC181	CNT_PC	LOH	4.483359334832855	2.011343784002074	0.7652911921694705	0.19139640466872324	True
snRNA	CCL20	PT_injured	TCELL	1.5381675332094642	2.0987468041339135	0.7512937674297177	0.18259130039866892	True
snRNA	CCL5	NK	TCELL	8.305449090251905	2.753666185873809	0.9478479132001509	0.5157995694700821	True
snRNA	CCL8	MAC	ENDO_PT	2.926199697966975	3.996643748719317	0.986055798356127	0.7993633041929109	True
snRNA	CCN6	PEC	PODO	2.6224197831546423	2.6566031071737215	0.8623932805731664	0.2876107954340817	True
snRNA	CD36	MAC	PERI	6.547584603321653	2.59449915160818	0.9386687509864843	0.4752936463647232	True
snRNA	CD37	BCELL	DC	6.8904387948744965	1.863717432162423	0.8777132360768043	0.3123865889647977	True
snRNA	CDH10	PODO	MES	3.6610114001794	3.109635960623156	0.9364555388625551	0.46646135826120055	True
snRNA	CDH12	IC	PODO	5.487620109531543	2.8303983515154183	0.899703248213268	0.35646283653369965	True
snRNA	CDH13	ENDO	ENDO_PT	9.849135755000987	2.5478685061121835	0.9556689858635222	0.5561864395468006	True
snRNA	CEBPD	DC	MAC	8.401447178376033	1.758958078676997	0.7131888503592415	0.16226915384105367	True
snRNA	CFB	PT_injured	PEC	3.3863938598116206	2.060512399484114	0.6632941210651523	0.1416289001943881	True
snRNA	CHGA	PODO	ENDO_PT	1.2094397588904084	3.8610163926392547	0.9251898471748807	0.4261516026382494	True
snRNA	CHI3L1	PODO	NK	6.789098584690162	3.6729418329117483	0.9813388667617061	0.7485588007014237	True
snRNA	CHODL	BCELL	LOH	6.942738085520033	1.9209691886538782	0.8608104312089322	0.28527315249583685	True
snRNA	CLDN8	IC	MAST	6.2027204960302305	2.021735510028603	0.7676238932950752	0.19294701777290382	True
snRNA	CLEC2B	NK	TCELL	6.746893207467875	1.7940644656855669	0.8669801918275658	0.29460664668631326	True
snRNA	CLEC4E	MAC	DC	5.267533921482331	2.617805049906718	0.9310435395616907	0.4461862986644661	True
snRNA	CLIC5	PODO	PEC	11.103507767735623	3.332728023253553	0.9843955350157609	0.7807130342871021	True
snRNA	COL15A1	STROMA	ENDO_PT	5.790759850665264	2.658239217029151	0.9236620427840099	0.42121522422245705	True
snRNA	COL1A2	STROMA	PERI	8.051438462634604	2.892098231962478	0.9674808011810688	0.6307772976503309	True
snRNA	COLEC12	MAC	STROMA	8.583046907661439	2.9025329959652706	0.9762812099610948	0.7008011878112216	True
snRNA	CPA3	MAST	BCELL	10.897935383472847	4.1142888684626895	0.9998822910806244	0.9978857191061828	True
snRNA	CPE	PERI	STROMA	7.3376800260042785	3.0057645028526254	0.9399167932900266	0.48042329809781975	True
snRNA	CPM	MAST	MES	10.575395050462182	1.7624151127459564	0.8042012335417456	0.22102486685111844	True
snRNA	CPN2	PT	PT_injured	2.6639572115552563	2.70998429598979	0.848277178261011	0.2680238830536452	True
snRNA	CPNE6	PT	PT_injured	1.673748894151984	2.6969176411031226	0.838042452804189	0.25541245494083104	True
snRNA	CR2	BCELL	PT_injured	2.9477120671607984	2.3804814563735377	0.8349677839545087	0.25185238126446324	True
snRNA	CSTA	DC	MAC	3.1380146740137733	3.5262420151125133	0.9657937320677004	0.6189218689731796	True
snRNA	CTSZ	DC	MAC	6.943994919226535	2.533457120147907	0.8134516035532959	0.22946984176051965	True
snRNA	CX3CR1	NK	MAC	6.981511129085473	3.462035696869473	0.9901818972813135	0.8498156141499608	True
snRNA	CXCL10	MAC	ENDO_PT	1.4630748040530013	2.5899346441811937	0.7835231060161655	0.20422400213498448	True
snRNA	CXCL13	BCELL	DC	2.232918589121972	1.8318182278109438	0.7170844487447463	0.16413677397459875	True
snRNA	CXCL6	PT_injured	PEC	1.2303818566068332	2.881372400041782	0.829507221846684	0.24576848076683627	True
snRNA	CXCL8	MAC	STROMA	2.018749288992204	2.495152404529846	0.8095883113474458	0.22586566652154874	True
snRNA	CXCR1	TCELL	MAC	0.17456429047671357	2.9574105301623246	0.8839604143659708	0.3237594909147452	False
snRNA	CXCR2	NK	DC	2.742619246506155	4.073483237315219	0.9794671790518428	0.7301451037377275	True
snRNA	CYP17A1	PT_injured	PT	3.744053543508494	2.626674246895215	0.823536082414284	0.23944350361369648	True
snRNA	CYP24A1	PT	NK	3.674897703162795	2.2747267891448013	0.8175550555123373	0.23342621358132218	True
snRNA	CYP27B1	PT	PT_injured	4.3681238049262925	2.822612230640202	0.9067813844661947	0.37342204731345735	True
snRNA	CYP4F11	PT	PT_injured	2.4692069466450604	2.5435028214464994	0.8266208333808683	0.24266985378106615	True
snRNA	CYP4F2	PT	PT_injured	4.763810673991494	2.8758618418890562	0.9131828136779395	0.3902120224902904	True
snRNA	DDX3Y	BCELL	MES	4.212785872638306	1.3895052881993475	0.5819953206115476	0.11731465493955745	True
snRNA	DPYS	PT	PT_injured	8.858377215027584	2.621822657016348	0.8981354062777833	0.35291260877618696	True
snRNA	EGF	DCT	LOH	11.899697465567002	2.81683367607493	0.943292129680728	0.49486780866191765	True
snRNA	EGR1	MAST	STROMA	7.364704676227209	2.260430422809537	0.7974924561753491	0.21527895963810276	True
snRNA	EGR2	MAC	STROMA	2.7326189708322417	2.7425014231089544	0.814261420028132	0.2302399742708602	True
snRNA	EMX2	CNT_PC	PT_injured	6.528587591605002	1.5286196887643595	0.6460562004918091	0.1356670160003221	True
snRNA	ERF	PT	PT_injured	5.494855780611343	1.4033877939393293	0.5675868458603124	0.11385065159249845	True
snRNA	EXOC5	NK	DC	7.010567966234139	1.2807291712668931	0.536137985585359	0.10695740530830095	True
snRNA	FABP4	MES	NK	3.531831686477901	2.9753404389701257	0.93119515452908	0.4467302702225966	True
snRNA	FCER1A	DC	MAC	6.440407661827046	4.008625737378535	0.9974489944588806	0.9560978056010487	True
snRNA	FGB	NK	PT_injured	3.54327115312565	2.897487281230302	0.8767851722321663	0.310764873480473	True
snRNA	FGF1	PODO	PERI	10.018816625411207	3.4979863459632092	0.9889880571666462	0.8345747834924122	True
snRNA	FGL2	DC	MAC	8.387732061704714	2.410300203276849	0.9101246229341322	0.3820064586959232	True
snRNA	FKBP5	MAC	ENDO	11.044742072634833	1.0642658049260212	0.5570212126259236	0.1114377702227772	True
snRNA	FLRT3	PODO	PT_injured	7.733993051507715	2.514365972062502	0.9034041020472166	0.3651332555459969	True
snRNA	FMO3	STROMA	NK	5.96987664765661	3.5462239762553884	0.9785720196455223	0.7216550253092936	True
snRNA	FOS	MAST	DC	7.5214048385940515	1.7948903776697132	0.701321375549697	0.15683284869527955	True
snRNA	FOSB	STROMA	MAST	6.09857024547951	2.2747586547174	0.8694272682853802	0.29847991603185275	True
snRNA	FPR1	MAC	DC	5.230004943710247	2.9350529996455323	0.9485885851803109	0.5193711232604048	True
snRNA	G0S2	IC	PODO	5.4117609532405355	1.5774932848897074	0.7128462454297335	0.16210693411030289	True
snRNA	G6PC1	PT	PT_injured	7.344561635432431	2.571657477117465	0.9092175760546114	0.37963866759002635	True
snRNA	GC	PT	PT_injured	3.11510225619033	2.748048963861509	0.847062610291112	0.26646251979932506	True
snRNA	GDF15	CNT_PC	MAST	6.496169382436401	2.150063180845485	0.7448354477944279	0.17879613892984444	True
snRNA	GPER1	PT	PT_injured	3.317065337534722	2.0140058305036415	0.7503077622088073	0.1820014976895821	True
snRNA	GPR18	DC	TCELL	2.7517531068634136	2.3748693168187254	0.8251899348134903	0.24116252840413097	True
snRNA	HBB	TCELL	BCELL	2.80647192149133	1.8277298597560834	0.6515426051985707	0.13750934346648108	True
snRNA	HIPK2	ENDO	ENDO_PT	9.867571921859115	1.5398823604571963	0.5154506485481855	0.10286067546280853	True
snRNA	HLA-DPA1	DC	MAC	9.809290495292723	2.352601177333778	0.9559927923677686	0.5579953164896729	True
snRNA	HLA-DQA1	DC	MAC	8.791083912453526	2.369279016741384	0.958587291673211	0.5729251337629709	True
snRNA	HTR2B	STROMA	MES	3.283672605296526	2.7490472051563395	0.8210691253079412	0.23692439471606871	True
snRNA	IFIT3	ENDO	ENDO_PT	4.542523142179141	1.529328856800322	0.6962772935329322	0.15463099616100456	True
snRNA	IFITM1	MES	NK	2.345234242978211	1.6318397850947177	0.6978302966128346	0.15530230020585545	True
snRNA	IGF1	MAC	BCELL	6.557554381333209	2.1979996590330497	0.8892399827130948	0.33403700330683195	True
snRNA	IGFBP1	IC	PEC	1.9059787767405052	2.8355493544119668	0.8784306958492538	0.3136519382296083	True
snRNA	IGSF6	MAC	DC	5.209765777590298	2.567979082346655	0.9003419414385829	0.35792965631020984	True
snRNA	IL1R2	DC	LOH	7.899257342867008	3.444823496899753	0.9886962240330944	0.8309319625322813	True
snRNA	IL33	ENDO	STROMA	4.134674102187953	2.6284875247838277	0.9182972859883937	0.40475197400304497	True
snRNA	INSL4	PODO	TCELL	0.2736419588489669	3.709792780449685	0.9169661820460999	0.4008644685257379	False
snRNA	IRAK3	MAC	MAST	9.256159030772787	1.4663088148812546	0.8235082867803921	0.23941482202656153	True
snRNA	ITIH2	PEC	TCELL	2.207350131667099	3.279774126609396	0.883579372732754	0.3230421483001388	True
snRNA	JCHAIN	BCELL	DC	9.28031202930666	3.8118764733835424	0.9960535800236084	0.9336758159521464	True
snRNA	JUNB	DC	STROMA	6.608013198938536	1.3774346492961347	0.5764982337942389	0.1159684927709646	True
snRNA	KDM5D	BCELL	TCELL	4.695305322065962	1.898282021741296	0.6987638540602007	0.1557086538804386	True
snRNA	KLK1	NK	CNT_PC	5.300375617370823	2.542319536800621	0.8113334884401735	0.22747967131613334	True
snRNA	KLK7	PODO	PEC	5.830051086429912	3.846977933542571	0.9824743914322271	0.7601898002308872	True
snRNA	LGALS4	MAST	PT	2.2849127756296865	1.9526575024060098	0.7047405864474001	0.1583614168368377	True
snRNA	LIFR	ENDO_PT	ENDO	9.70733573861124	1.540422289625554	0.7647621520582347	0.1910481974054385	True
snRNA	LPL	LOH	DCT	5.25971553921923	2.254357800381877	0.7883274638164616	0.20789564148740391	True
snRNA	LTF	ENDO_PT	NK	3.6181648517927063	2.1977650892752383	0.733774554536788	0.17265020426830466	True
snRNA	LUM	STROMA	DC	6.856459698068922	3.2849852989765083	0.9706847065490797	0.6545893696823482	True
snRNA	LYVE1	MAC	ENDO_PT	8.054824183653771	3.237542023446838	0.986136553034056	0.8002931983695569	True
snRNA	LYZ	DC	MAC	8.240377495217475	3.2761739871694653	0.9866738961989537	0.8065362547081336	True
snRNA	MAP9	PODO	LOH	5.6299327702399315	1.0607111464901513	0.5517104354234179	0.11026316091140143	True
snRNA	MGAM	PT	PT_injured	7.4714116722004835	2.7304264226543427	0.8666809812341332	0.29413993786697834	True
snRNA	MMP9	MAC	DC	1.4327225787434126	3.535964115550154	0.9194834447411616	0.40828025098610243	True
snRNA	MN1	ENDO	ENDO_PT	5.3753583049795255	2.5095306238866906	0.9154608592816006	0.39655716478313274	True
snRNA	MPZL2	ENDO_PT	ENDO	4.529986017146155	2.1272743537916177	0.82273321147242	0.23861780008414823	True
snRNA	MS4A4A	MAC	DC	8.566037700894892	2.875856370578375	0.9767775610186489	0.7052166773492572	True
snRNA	MT1M	ENDO	ENDO_PT	4.881122303903327	1.8232597522623941	0.77330051616181	0.1968275063392341	True
snRNA	NDNF	PODO	ENDO	8.825941810942423	3.61399889422841	0.9887727827829063	0.8318845302318458	True
snRNA	NELL1	LOH	DCT	9.12738853218045	2.0158710724362146	0.8791894315837543	0.3150012842853999	True
snRNA	NPHS1	PODO	PEC	11.06422120950652	3.2615987330933147	0.9917138968897894	0.8702085239734854	True
snRNA	NPHS2	PODO	NK	11.089539448458305	3.844652879039915	0.9940143161834523	0.902737028411863	True
snRNA	NR4A2	MAST	MAC	6.4211594937141925	1.9815100383097688	0.7576316142869165	0.18647563307260406	True
snRNA	OLFML3	STROMA	MES	4.233878429641223	3.423006471991359	0.9444706759987969	0.5001180698689492	True
snRNA	OMD	STROMA	ENDO	3.0409529986427786	2.3817170571654387	0.8161404821069127	0.2320470250903535	True
snRNA	PBK	BCELL	TCELL	1.0733060358138018	2.6122766679129077	0.8560301932227454	0.27843856493203134	True
snRNA	PCOLCE2	PODO	TCELL	8.841226423377277	3.9264045731612733	0.9884907275074224	0.8283858644307946	True
snRNA	PI3	LOH	ENDO	0.08157032867677717	2.231668157913213	0.8100244154599321	0.2262668414798546	False
snRNA	PLA2G4A	STROMA	MAST	7.30874628934522	1.6949164407661956	0.8244818696678364	0.24042354862747145	True
snRNA	PLA2R1	PODO	MES	12.267268909963692	3.2397250431487525	0.9860924580023315	0.7997851738901737	True
snRNA	PLK2	ENDO_PT	ENDO	4.323671530515841	2.419685523198393	0.8799299140961305	0.3163294100673037	True
snRNA	PLN	PERI	STROMA	6.803071517472447	3.474757742888253	0.9818486635963948	0.7537362392968168	True
snRNA	PPBP	BCELL	ENDO_PT	0.22533497399719488	2.773331929662159	0.8290544347811054	0.24527717728367682	False
snRNA	PROM1	PEC	MAST	7.458154505179208	2.274861559122137	0.8808056692851687	0.3179146879076945	True
snRNA	PSPH	PT	PT_injured	4.972440005814556	1.5052524305366268	0.6703718371767877	0.14423131847157483	True
snRNA	PTGS2	MAST	STROMA	7.2650873194760575	3.0353301709458744	0.9782052957064864	0.7182335995245313	True
snRNA	PTPRO	PODO	PEC	12.522206080942823	3.4615025753073048	0.995230918257188	0.9209430515226492	True
snRNA	PVALB	DCT	CNT_PC	4.515510910595146	1.941639877321063	0.6449690150658786	0.13530778551409783	True
snRNA	QPCT	BCELL	DC	2.7032585664843958	1.9271098350340135	0.7494797330801516	0.18150912772604924	True
snRNA	RARRES1	MAST	STROMA	5.804071532159023	3.500563465820428	0.9180966259753922	0.40416112452814695	True
snRNA	RBP4	PT_injured	PT	5.299541884062846	2.4330254583756368	0.8625886326694672	0.2879019612514062	True
snRNA	RGCC	ENDO_PT	PERI	7.380929078487004	2.368861008696198	0.9383594643656819	0.47403932154654854	True
snRNA	RGS1	DC	MAST	8.433129483466463	1.9628018277074988	0.9110729610243334	0.38451382836671033	True
snRNA	RPS4Y1	BCELL	TCELL	4.352210716165137	1.3276849215327322	0.5499712029282638	0.10988385076962029	True
snRNA	RRM2	PT	PT_injured	4.733228408172948	2.0228580805971745	0.827224868700883	0.243311822518682	True
snRNA	S100A12	STROMA	TCELL	0.2093120158723568	1.9484126395921673	0.7037936967767888	0.15793513187592081	False
snRNA	SALL1	PT	LOH	5.774759491405225	1.8313701505562996	0.7398196734135124	0.1759557867754829	True
snRNA	SCGB1D2	LOH	BCELL	1.3284717440022455	1.7661649527117682	0.6455403781918656	0.1354963392153534	True
snRNA	SELE	ENDO_PT	ENDO	4.373902012637341	3.9556810461529546	0.9824715150873311	0.7601598816872366	True
snRNA	SLC14A1	ENDO	TCELL	6.6143627014574236	2.051175908267717	0.8790487995314389	0.31475030648664826	True
snRNA	SLC22A8	PT	PT_injured	7.36037258039416	2.587291601108556	0.8865491357503232	0.3287186109236499	True
snRNA	SOX9	MAST	PT_injured	5.154443940171765	2.3673823619428584	0.8403406286485614	0.25813988069499516	True
snRNA	SST	PEC	NK	2.4992650009077173	2.9482955036021155	0.8944919074766415	0.34492920170490443	True
snRNA	STK26	NK	TCELL	6.280594349069264	2.594068277832986	0.9278821136730158	0.4351379169887658	True
snRNA	TAC1	STROMA	IC	1.0281695818348255	3.2090122533981336	0.8694200698259704	0.29846837285071165	True
snRNA	TCF21	PODO	STROMA	7.2079663206400975	3.1505825259956	0.9705112890341913	0.6532545676268313	True
snRNA	TFPI2	ENDO	LOH	3.1117981580039658	1.9210364807685918	0.6898928539297461	0.15193115214796607	True
snRNA	THBS2	STROMA	PT_injured	4.974449345670665	3.336204358072428	0.9585403745216943	0.572648063566073	True
snRNA	TIMP1	STROMA	PODO	6.4376522142821635	2.0238576447192838	0.8236778401698304	0.23958988669152137	True
snRNA	TMOD3	MAST	PODO	8.247931828552165	2.131324056003549	0.5360215132815197	0.10693342694616295	True
snRNA	TNFRSF21	PT	MAC	7.7573765112102135	1.5942684408168506	0.71705880342704	0.16412433858290823	True
snRNA	TNFSF15	STROMA	PT_injured	3.658466771250377	1.9670457569904538	0.7650831289854035	0.19125930888360115	True
snRNA	TNMD	PT_injured	LOH	0.8975376835157244	2.611683975716764	0.7650234181577878	0.1912200008339102	False
snRNA	TNNC1	PODO	DCT	2.967910225086223	2.481217607479142	0.801878158348049	0.21900081034851324	True
snRNA	TPM2	PERI	PODO	7.836240316564662	2.288326546003698	0.9043259317285928	0.36735894826480564	True
snRNA	TPM3	MAC	DC	7.433498824958913	1.6054434801854829	0.5208542235101593	0.10390016299947899	True
snRNA	TREH	PT	PT_injured	4.302837020984959	2.6541067769118736	0.8565251156687383	0.27913094895004287	True
snRNA	TUBB2B	LOH	DCT	3.5239596241377593	2.6190383817965515	0.7692325419919059	0.19403105207678054	True
snRNA	TYRP1	LOH	MAST	2.912340599130352	2.508938347728276	0.8186314663292915	0.23448673259429148	True
snRNA	UGT2A3	PT_injured	PT	6.9825056109368	2.610721363088383	0.8670339356822704	0.2946906333230993	True
snRNA	UMOD	LOH	TCELL	11.367640660411357	3.3268427504907643	0.8537043594177223	0.2752302518812903	True
snRNA	UPK1B	PT_injured	PEC	2.3399146542984597	2.3977273500562264	0.831576383979903	0.248038936677528	True
snRNA	VCAN	PEC	STROMA	7.068760008424746	2.334188815237584	0.9142207161808023	0.3930775723899743	True
snRNA	VNN2	NK	DC	4.149045559352781	2.053930794888896	0.8534589016745107	0.27489596927345256	True
snRNA	VWF	ENDO_PT	ENDO	6.762198541231297	2.512789305948486	0.9295559791033702	0.4409185897274596	True
snRNA	XIST	MAST	NK	10.337793441468646	3.691048769762137	0.9798792104507386	0.7341204900766154	True
scRNA	ACKR1	ENDO_PT	PEC	5.312699314392703	3.8650062471175	0.9953538296083229	0.9267970321890833	True
scRNA	ACKR3	STROMA	CNT_PC	7.2401943504378465	2.9670838847578933	0.9769689268023595	0.7186343533113075	True
scRNA	ACP3	LOH	DC	7.351061596990574	3.017974839531162	0.9842470073068755	0.7887673995983742	True
scRNA	ADGRG6	PEC	PT_injured	7.157251708276915	2.3141624531324942	0.9438367638190405	0.5115678235538268	True
scRNA	ADH1B	STROMA	MES	7.357305552707906	3.152498118116958	0.9866189319327143	0.8146784479870736	True
scRNA	ADH1C	CNT_PC	IC	5.845155435433679	3.244019864686355	0.9825143628125458	0.7708579720272432	True
scRNA	AGR2	LOH	CNT_PC	4.552104998144083	2.669743654098014	0.9414326386918942	0.5010910902118564	True
scRNA	ALDH8A1	PT	PT_injured	6.794076314625895	2.968513253764759	0.9726982718735724	0.6829997505166042	True
scRNA	ALOX5	MAC	BCELL	6.859360527185311	2.4252105480474704	0.9506154039150625	0.5436147160090731	True
scRNA	ANGPTL3	PT	PT_injured	7.46278044945066	3.0603143715944787	0.9826075995774853	0.7718009809716617	True
scRNA	ANGPTL4	STROMA	MES	8.008271214334027	2.7514555532135243	0.9758384522364565	0.7088446671863428	True
scRNA	ANKS1B	PODO	PEC	6.065187093456556	1.8733849744018145	0.8719083392729531	0.31470705707801777	True
scRNA	APOC1	IC	MAC	7.177268745486373	2.2488048971552472	0.9167531169235318	0.4140448977484045	True
scRNA	AQP9	MAC	PEC	4.689408433359718	3.5877996558868257	0.9888140115860975	0.8402218903755146	True
scRNA	ASPN	STROMA	PERI	5.565540146891327	3.712395872835092	0.9914497414468928	0.8730922097245376	True
scRNA	C1QA	MAC	DC	9.882497262014514	3.737413480566447	0.9986157871411898	0.9770093877197789	True
scRNA	C1orf115	PODO	PT	6.334912734222454	1.3430727802868776	0.7626750439896818	0.19862849991593268	True
scRNA	C1orf21	NK	PODO	7.488118977879823	1.5599553496967713	0.8437441099657182	0.27349678348244005	True
scRNA	C5AR1	MAC	LOH	7.678876733705105	3.0012393472491934	0.9823385573414956	0.7690861069769529	True
scRNA	CALB1	DCT	CNT_PC	10.162088353200676	2.268905136564432	0.9293064323631282	0.45417578645756024	True
scRNA	CALML3	PT	PT_injured	7.152750339508023	3.4960200579679013	0.9922188136658157	0.8831736424810365	True
scRNA	CAMK1	PERI	MAC	5.565856380535322	1.4138455546626856	0.715730109048955	0.17145047360441742	True
scRNA	CCDC181	CNT_PC	PT_injured	4.213967417160916	1.9293019756938017	0.839430219571866	0.26811906641404293	True
scRNA	CCL20	PEC	PT_injured	3.9116021224855175	2.2138111288843008	0.8931332571434524	0.35502101968003597	True
scRNA	CCL5	NK	TCELL	10.836373762251672	2.6335584229267806	0.9567238097900329	0.5761380112472321	True
scRNA	CCL8	MAC	ENDO_PT	1.0020430292030948	2.335304127984082	0.8651417284407739	0.3037122182713423	True
scRNA	CCN6	PEC	PODO	4.407881000835003	3.090857641146033	0.9666478450046929	0.6381675361582335	True
scRNA	CD36	MAC	DC	6.498958353813667	2.5771543094437717	0.95744716787566	0.5802489704743851	True
scRNA	CD37	BCELL	MAC	9.565037429129864	1.841999461294282	0.9068644843334033	0.3871012046793971	True
scRNA	CDH10	PODO	MES	3.684760027887663	3.42264340364155	0.977709374145013	0.7251943784449131	True
scRNA	CDH12	PODO	IC	2.6978649082733064	2.8798239576183704	0.9116396902777992	0.3996602463821389	True
scRNA	CDH13	ENDO	ENDO_PT	8.505442713665545	2.3096629117791956	0.9526027027135597	0.5537852720624561	True
scRNA	CEBPD	STROMA	MAC	10.399894580003103	1.2496111216346888	0.6755167216704617	0.15346330465245786	True
scRNA	CFB	STROMA	PEC	7.3731437946861025	2.6621321688187662	0.9708380653375438	0.6685596311925229	True
scRNA	CHGA	PODO	BCELL	0.48908870251478975	4.006903668504154	1.0000000000001459	0.9999999999975221	False
scRNA	CHI3L1	PODO	STROMA	8.882276771093064	3.2774046195511457	0.9927246002795547	0.8899316552331215	True
scRNA	CHODL	MES	LOH	4.560470482827308	2.2788830033444674	0.8660827882395145	0.3051950981094931	True
scRNA	CLDN8	DCT	IC	7.567391432681054	2.0434504969576257	0.8888272164735548	0.3460282661138975	True
scRNA	CLEC2B	NK	TCELL	8.732466230706823	1.6160500825849524	0.8890757966495135	0.34653499316042613	True
scRNA	CLEC4E	MAC	DC	7.546143941215598	3.7048913439366027	0.9970007752943353	0.9514867179813996	True
scRNA	CLIC5	PODO	PEC	11.056498422458155	3.1720395003179798	0.9942895810482966	0.9115129463404094	True
scRNA	COL15A1	ENDO_PT	STROMA	5.817029001618189	2.491048320417569	0.9406752078631314	0.49787867183157347	True
scRNA	COL1A2	STROMA	MES	11.802842174506884	3.1128503294512306	0.9964516897979252	0.943110380837837	True
scRNA	COLEC12	STROMA	MAC	6.1264853626315325	3.3880106823312968	0.9873800039339069	0.823357036460836	True
scRNA	CPA3	NK	ENDO_PT	0.2918411071674617	3.7893385314904133	0.9640692947763767	0.6208010611630279	False
scRNA	CPE	STROMA	PERI	9.078135995685019	2.301589434203984	0.9545616138692193	0.5641899931117311	True
scRNA	CPM	MES	PEC	9.975207345953207	1.6870873390894428	0.9106794005426545	0.39706959608056386	True
scRNA	CPN2	PT	PT_injured	3.607952362422382	3.5451657139507855	0.9836602195285796	0.7826096203476891	True
scRNA	CPNE6	PT	PT_injured	4.0288696419820855	3.617526923204045	0.9865473812934532	0.8138719472912036	True
scRNA	CR2	PT	BCELL	2.9661609701570324	2.529775038864606	0.9071657674264054	0.38787021937875776	True
scRNA	CSTA	MAC	DC	7.577843069594807	2.8631416264103238	0.9734485663451428	0.6890021066932882	True
scRNA	CTSZ	DC	MAC	8.863864864380986	2.44837807878644	0.8748566406043967	0.3197506344381283	True
scRNA	CX3CR1	NK	MAC	7.153963854796482	3.2997777468960665	0.9900531266008066	0.8553611293140594	True
scRNA	CXCL10	MAC	CNT_PC	3.041192682069609	2.4339914090431187	0.885090687226849	0.33858612264653976	True
scRNA	CXCL13	BCELL	DC	1.316162399088228	2.594155695800642	0.7927785189428681	0.22110367455507537	True
scRNA	CXCL6	PEC	PT_injured	4.165636592731998	3.6598290107736235	0.9871192312480034	0.8203626688795531	True
scRNA	CXCL8	MAC	DC	5.580066074724101	2.6744853301847544	0.9510314196542758	0.5457127571220589	True
scRNA	CXCR1	NK	BCELL	0.7147293437466276	4.0069146416375165	1.0000000000000917	0.9999999999984404	False
scRNA	CXCR2	NK	DC	2.5778539713915927	3.515899236349044	0.9781199968833496	0.728884195881178	True
scRNA	CYP17A1	PT	PT_injured	5.013310259784785	3.1300590388371026	0.9732762522697869	0.6876142803953375	True
scRNA	CYP24A1	PT	PT_injured	3.1621532231011114	3.3709795299735648	0.9692387392086229	0.6566240684201476	True
scRNA	CYP27B1	PT	PT_injured	5.0340271101346366	3.2937602714949907	0.9790607689853249	0.7374811139593243	True
scRNA	CYP4F11	PT	PT_injured	1.7472889762158796	2.5043778330026547	0.871539808989958	0.31408778765846607	True
scRNA	CYP4F2	PT	PT_injured	4.6683390890242284	3.378693548932467	0.9826873320763876	0.7726092380559145	True
scRNA	DDX3Y	BCELL	NK	3.1576020137008567	1.7704443982523674	0.5175877142068859	0.10868373407530225	True
scRNA	DPYS	PT	PT_injured	8.78056460136674	3.019196829684687	0.9781804444592749	0.7294305450544194	True
scRNA	EGF	DCT	LOH	10.313347686454051	2.509587213316575	0.9618593641535421	0.6066522540065532	True
scRNA	EGR1	STROMA	PERI	8.870202278660994	1.723647402648898	0.8135097032218793	0.23978888726081055	True
scRNA	EGR2	STROMA	MAC	4.323624238497442	2.21591433454465	0.8349956462992338	0.2628069773692446	True
scRNA	EMX2	CNT_PC	PT_injured	7.408292632016007	1.3273768629178369	0.752222697327785	0.1918570442615504	True
scRNA	ERF	ENDO_PT	PT_injured	5.044527656750302	1.1563602432459275	0.48727300252689026	0.10291921124168835	True
scRNA	EXOC5	ENDO_PT	PODO	5.798588447665306	1.4145033889901777	0.4966215755575888	0.10463060295059236	True
scRNA	FABP4	MES	PERI	9.222918649230714	2.927372363204576	0.9899831739642264	0.8544919477731729	True
scRNA	FCER1A	DC	MAC	6.690859992446782	2.7968641786787827	0.9489196719660984	0.5352271592545752	True
scRNA	FGB	PEC	PT_injured	3.2762319036021066	3.334162407052303	0.9691761323840092	0.6561655035398436	True
scRNA	FGF1	PODO	MES	10.227316270158958	3.283702847657647	0.9967960915616761	0.9483469163103706	True
scRNA	FGL2	MAC	DC	8.802390720662943	1.8075616518435813	0.8563753428908071	0.29056091053537336	True
scRNA	FKBP5	ENDO	MAC	9.98106262713834	1.0315762129986692	0.6893055818758489	0.15918991162410914	True
scRNA	FLRT3	PODO	PEC	8.551472959400073	2.424662188581726	0.9709406973409749	0.669340393632079	True
scRNA	FMO3	STROMA	PERI	1.750469025004254	3.7532991231434254	0.9736596862484238	0.6907101326897777	True
scRNA	FOS	MAC	STROMA	10.67215480623937	1.2368088686454344	0.6946466096687937	0.16152459484055484	True
scRNA	FOSB	STROMA	MAC	8.393540066468123	1.4161425778905956	0.8027976657092998	0.22975619947571013	True
scRNA	FPR1	MAC	DC	7.412803744557408	3.5950104214047705	0.9956651434441722	0.9313653050277005	True
scRNA	G0S2	IC	PT	8.313409029252156	1.4079061189158235	0.7954417691776274	0.22333941940198282	True
scRNA	G6PC1	PT	PT_injured	7.171558916244613	3.1683146682768966	0.982525891793616	0.770974452789242	True
scRNA	GC	PT_injured	PT	1.2232430600632338	3.193986196227954	0.9573357306037531	0.5796118361279438	True
scRNA	GDF15	CNT_PC	DCT	8.653630827927852	1.8113846346319114	0.9023566312896821	0.37594871578439426	True
scRNA	GPER1	DC	ENDO	2.780625211417826	1.5095966706492594	0.6954672337982136	0.16188939099686067	True
scRNA	GPR18	BCELL	NK	3.521544268384689	2.2547770017074273	0.8943695394415193	0.35768988896164833	True
scRNA	HBB	STROMA	DC	7.2283802020044545	2.863175947252004	0.9767631608743973	0.7168323815774451	True
scRNA	HIPK2	PODO	ENDO	8.498962736435065	1.2949503593208815	0.5825869320098295	0.12351744853854338	True
scRNA	HLA-DPA1	DC	MAC	12.892005423601223	2.0542614224515674	0.9557828737348056	0.5708768934485565	True
scRNA	HLA-DQA1	DC	MAC	10.93813029274836	2.093763346585176	0.9556762917812501	0.5702870068365514	True
scRNA	HTR2B	MES	STROMA	2.465145464236933	3.1484330480645757	0.9486215007758695	0.5337790069736038	True
scRNA	IFIT3	ENDO	ENDO_PT	5.576672824310549	1.77632226816665	0.7721122044333063	0.20516639660530603	True
scRNA	IFITM1	NK	TCELL	8.142833557674482	1.8256217423793273	0.908954998879108	0.3925008752851331	True
scRNA	IGF1	STROMA	PODO	8.619546748810327	2.879302744624414	0.9865206902395179	0.8135715012743756	True
scRNA	IGFBP1	PEC	IC	4.327637492882164	2.7863574259070036	0.9453565242173696	0.5184196878289139	True
scRNA	IGSF6	MAC	DC	7.0452464523256415	2.892343282315736	0.9630567822091538	0.6142375211649701	True
scRNA	IL1R2	MAC	DC	6.328153474951684	2.3553454233264985	0.9291005609475987	0.4534550057572322	True
scRNA	IL33	STROMA	ENDO	4.983027599712366	2.6496147609423124	0.9500864748900384	0.5409704140919915	True
scRNA	INSL4	BCELL	CNT_PC	0.0	0.0	1.0588235294117647	0.0	False
scRNA	IRAK3	MAC	ENDO_PT	8.739925819030763	1.7812950406878811	0.9125509337497546	0.40215003463592836	True
scRNA	ITIH2	PEC	PODO	2.1653648004124793	3.962956251632325	0.9878053861391747	0.828288754127949	True
scRNA	JCHAIN	BCELL	DC	11.065129230745582	3.36690315715833	0.9965448461613654	0.9445210839679655	True
scRNA	JUNB	STROMA	PERI	10.751329822583182	1.5132847105423817	0.7540104703209981	0.19298231377366387	True
scRNA	KDM5D	PODO	BCELL	2.7419266187807385	1.825571051800149	0.6266718999510819	0.13611780079404912	True
scRNA	KLK1	CNT_PC	IC	8.434126103901294	2.215176148805488	0.9076057641686509	0.38899880127968745	True
scRNA	KLK7	PODO	PEC	7.05582881032649	3.5949878270444224	0.9956880087934443	0.9317026110765115	True
scRNA	LGALS4	PT_injured	PT	1.3878525624437916	2.3024272090858817	0.7961306217092534	0.22392507634174635	True
scRNA	LIFR	ENDO_PT	ENDO	9.407993702047568	1.536763185577241	0.8919648997719711	0.3525351343154981	True
scRNA	LPL	DCT	LOH	5.891563772445173	1.9887376384327748	0.8772823189046187	0.3240230096926004	True
scRNA	LTF	ENDO_PT	ENDO	3.6973146635719827	3.0661612534037577	0.9440797872676089	0.512651307274393	True
scRNA	LUM	STROMA	PERI	11.550843276775847	3.989642452596242	0.999924675808181	0.9987211263511855	True
scRNA	LYVE1	MAC	ENDO_PT	4.867597869942721	2.4667317110094302	0.9290924557940796	0.4534266754402533	True
scRNA	LYZ	DC	MAC	11.716206052963312	2.818008723811891	0.9610629369258551	0.601710033828233	True
scRNA	MAP9	PODO	PEC	6.03050145393437	1.3194838946197365	0.7115957414624967	0.16940904919844166	True
scRNA	MGAM	PT	PT_injured	4.629102926399152	2.3452270122927708	0.8913594020960065	0.3512604780177664	True
scRNA	MMP9	DC	MAC	1.76968742022533	3.525381451753247	0.9557000458254092	0.5704183699580667	True
scRNA	MN1	ENDO	ENDO_PT	4.81133630763948	2.4680685017135913	0.9253448235977743	0.4406959825766908	True
scRNA	MPZL2	ENDO_PT	CNT_PC	5.5465572141425525	2.146763505130572	0.8955926125068231	0.3603700238112313	True
scRNA	MS4A4A	MAC	DC	7.261308780318116	3.433871713999441	0.9922801549457799	0.8839877731453633	True
scRNA	MT1M	PERI	ENDO_PT	9.33750270380577	1.4812076428465968	0.8463856966626857	0.27689761588390904	True
scRNA	NDNF	PODO	ENDO	9.773356668367091	3.6756105606575913	0.9988265420046522	0.9804413847084441	True
scRNA	NELL1	DCT	LOH	6.89104269152816	2.024556381490191	0.8972045668815879	0.3639642804957418	True
scRNA	NPHS1	PODO	PEC	11.126208839897238	3.3200080477189724	0.9962039207470553	0.9393787451903353	True
scRNA	NPHS2	PODO	PEC	11.274249070479982	3.6176301843235117	0.9992338572266315	0.9871430275536944	True
scRNA	NR4A2	MAC	NK	7.059952306106156	1.4737822330374135	0.7511351541178142	0.1911789139110862	True
scRNA	OLFML3	STROMA	MES	7.176663555919146	3.535258596580451	0.992925868299435	0.8926497301853057	True
scRNA	OMD	STROMA	ENDO	6.212765741336277	3.656501844857274	0.9923326188233778	0.8846852733888876	True
scRNA	PBK	PT_injured	STROMA	0.9151817238468027	3.0305037994641255	0.9219616799207226	0.4298022394876369	False
scRNA	PCOLCE2	PODO	STROMA	9.783373844901176	3.3079889385171084	0.9949312693285104	0.9206675321097587	True
scRNA	PI3	STROMA	LOH	0.2820392676144141	2.9592805936056705	0.9024562812834073	0.3761883010379718	False
scRNA	PLA2G4A	MES	MAC	5.453323702167307	2.089016704057967	0.888527189984572	0.34541863676941753	True
scRNA	PLA2R1	PODO	MES	11.329823643466215	2.8581179949606357	0.9934555914217914	0.8998835089579773	True
scRNA	PLK2	ENDO_PT	ENDO	5.046013656866291	2.0989084181680013	0.8433422594767471	0.27298674000529943	True
scRNA	PLN	PERI	ENDO	9.187647530582316	3.4131623923689833	0.9950873584549853	0.9229222359726276	True
scRNA	PPBP	DC	STROMA	2.554340359318516	2.9009769079604384	0.9293928293634159	0.45447895584102993	True
scRNA	PROM1	PEC	PT_injured	6.718799715449288	2.226327524394229	0.9270443931810495	0.446379685694535	True
scRNA	PSPH	PT	PT_injured	4.505365690950657	2.215143483308339	0.8202718335841092	0.24658608779817306	True
scRNA	PTGS2	MES	MAC	5.076910341095105	2.30651699949795	0.9146925319822412	0.4081254585123192	True
scRNA	PTPRO	PODO	PEC	11.216701954108734	3.2502619735251437	0.9974263072933063	0.9580812841706717	True
scRNA	PVALB	DCT	CNT_PC	8.373972022089164	2.1368166204762638	0.9302553654585616	0.4575279571790051	True
scRNA	QPCT	DC	PEC	5.561293099383195	2.142672037227409	0.8903799957851568	0.34921809193434683	True
scRNA	RARRES1	STROMA	ENDO_PT	9.334953253497	3.9022989483202184	0.9978492817060349	0.9647274320735394	True
scRNA	RBP4	PEC	PT_injured	6.904534641208604	2.462169231013537	0.942726236124558	0.5066744257873753	True
scRNA	RGCC	ENDO_PT	PERI	9.383773499213515	1.7223852238585142	0.8924862351472294	0.35364005211131017	True
scRNA	RGS1	DC	MAC	8.65507447515449	1.9892103421784242	0.9072789850861934	0.3881599939710844	True
scRNA	RPS4Y1	BCELL	PEC	5.225680295988476	2.3174490504972285	0.6763548055510955	0.15379958083367853	True
scRNA	RRM2	PT_injured	NK	2.915943361926099	1.974985783005388	0.8144236473923163	0.24068558841232415	True
scRNA	S100A12	MAC	PERI	4.520060967331855	4.005801189352184	0.9996462632271734	0.9940224211823404	True
scRNA	SALL1	LOH	PT_injured	5.551832401326913	1.7109905685061049	0.8422361731126548	0.27159262856750976	True
scRNA	SCGB1D2	LOH	CNT_PC	3.801164684880638	2.147390091721396	0.8838092820711608	0.33610709016894635	True
scRNA	SELE	ENDO_PT	BCELL	3.8822818772698104	3.9387752883670615	0.9930493072488059	0.8943249722667739	True
scRNA	SLC14A1	ENDO	ENDO_PT	7.736016034549109	2.7771991582117876	0.9793358803974453	0.7400335793195667	True
scRNA	SLC22A8	PT	PT_injured	8.835164551736629	3.073943290223525	0.9836263683529325	0.7822573164130829	True
scRNA	SOX9	PT_injured	PEC	5.894557985778288	2.60928881564513	0.9549753747915029	0.5664378883463184	True
scRNA	SST	PEC	CNT_PC	5.315172398558233	3.171021638824824	0.9785672310537358	0.7329459570804814	True
scRNA	STK26	NK	TCELL	5.587185919616265	2.399922726185339	0.9280149273716575	0.44969159898006555	True
scRNA	TAC1	STROMA	MES	2.332694114244368	3.3593989206848796	0.9449872545356276	0.516738003555961	True
scRNA	TCF21	PODO	STROMA	9.17606979198973	3.1440526303170206	0.9942563755568017	0.9110441749360615	True
scRNA	TFPI2	ENDO	PEC	5.256068621660277	1.7479609453942107	0.8413478330854192	0.27048323286429077	True
scRNA	THBS2	STROMA	PT_injured	8.298304108323077	3.6979101941124983	0.9976802919194071	0.9620610851546233	True
scRNA	TIMP1	STROMA	PODO	12.775545540793754	1.9874119240213162	0.9762074092865864	0.7120103113367799	True
scRNA	TMOD3	PODO	ENDO_PT	7.316912822549094	1.8662785723230801	0.6034658942042449	0.12918094452277423	True
scRNA	TNFRSF21	PT_injured	MES	6.670649919177983	1.6926311792257356	0.854276444486497	0.28757940712406355	True
scRNA	TNFSF15	CNT_PC	PT_injured	1.8680673705407946	1.4789888040786572	0.6555612400125687	0.14586915503400535	True
scRNA	TNMD	PT_injured	MES	2.959246541070512	3.509097199886894	0.9712530178052375	0.6717275979390963	True
scRNA	TNNC1	DCT	PODO	6.6716602326490175	2.0954246914768317	0.9095159893441849	0.39397561158089556	True
scRNA	TPM2	PERI	MES	10.940188430413206	1.853597084888918	0.9307578423357896	0.4593231079677697	True
scRNA	TPM3	DC	MAC	8.727552255089781	1.8675263299672686	0.6904132382024836	0.15966852939607196	True
scRNA	TREH	PT	PT_injured	4.223461088038637	3.1231042911994327	0.9647701309312117	0.6254269421633082	True
scRNA	TUBB2B	LOH	DCT	6.60931382589073	2.4020819542235903	0.9326728135636504	0.4662956449853793	True
scRNA	TYRP1	LOH	DCT	5.323335133049515	3.55532660607333	0.9855616192057987	0.802921043778242	True
scRNA	UGT2A3	PT_injured	PT	7.967990435906506	2.6786131258379173	0.966194931377891	0.6350471739867303	True
scRNA	UMOD	LOH	PT_injured	13.657898120677388	3.3105464837272764	0.9979365256992	0.9661097742542689	True
scRNA	UPK1B	PEC	PT	2.8090683046205958	2.70013920569713	0.9250055077006573	0.4395785310497383	True
scRNA	VCAN	STROMA	MAC	9.991386753839421	2.4278022684086493	0.972808043435414	0.6838713836708146	True
scRNA	VNN2	MAC	NK	4.432178290380309	2.61209219323207	0.9280624972654553	0.44985519344893604	True
scRNA	VWF	ENDO_PT	ENDO	7.6233301920325065	3.099915557665747	0.9852215990962874	0.799211775555762	True
scRNA	XIST	STROMA	MES	5.798533069848039	1.203850664816585	0.5624439536479251	0.11850513656055367	True
