dataset	donors	program	score	n	spearman	p_perm	n_up	n_down	genes_shared_with_score
snRNA	REF+CKD	prog_noSCP_PT:aPT	scp_full	108	0.6553392971124258	0.000999000999000999	75	64	0
snRNA	REF+CKD	prog_noSCP_PT:aPT	scp_no_driver	108	0.5582802214029171	0.000999000999000999	75	64	0
snRNA	REF+CKD	prog_noSCP_PT:frPT	scp_full	108	0.5977974029933217	0.000999000999000999	79	66	0
snRNA	REF+CKD	prog_noSCP_PT:frPT	scp_no_driver	108	0.49889012737336497	0.000999000999000999	79	66	0
snRNA	REF+CKD	prog_noSCP_PT:rfPT	scp_full	108	0.678041670239218	0.000999000999000999	77	64	0
snRNA	REF+CKD	prog_noSCP_PT:rfPT	scp_no_driver	108	0.5831356521573446	0.000999000999000999	77	64	0
snRNA	REF+CKD	prog_noSCP_TAL:rfTAL	scp_full	108	0.4558194480169958	0.000999000999000999	75	78	0
snRNA	REF+CKD	prog_noSCP_TAL:rfTAL	scp_no_driver	108	0.33505768479617404	0.000999000999000999	75	78	0
snRNA	REF+CKD	prog_REF_noSCP_PT:aPT	scp_full	108	0.5909285775529451	0.000999000999000999	76	69	0
snRNA	REF+CKD	prog_REF_noSCP_PT:aPT	scp_no_driver	108	0.4939266626654091	0.000999000999000999	76	69	0
snRNA	REF+CKD	prog_REF_noSCP_PT:frPT	scp_full	108	0.5689407147008108	0.000999000999000999	79	71	0
snRNA	REF+CKD	prog_REF_noSCP_PT:frPT	scp_no_driver	108	0.4716815761143978	0.000999000999000999	79	71	0
snRNA	REF+CKD	prog_REF_noSCP_PT:rfPT	scp_full	108	0.6636276162984557	0.000999000999000999	78	59	0
snRNA	REF+CKD	prog_REF_noSCP_PT:rfPT	scp_no_driver	108	0.5706841197709757	0.000999000999000999	78	59	0
snRNA	REF+CKD	prog_REF_noSCP_TAL:rfTAL	scp_full	108	0.34924309544904586	0.001998001998001998	72	79	0
snRNA	REF+CKD	prog_REF_noSCP_TAL:rfTAL	scp_no_driver	108	0.23075823830346678	0.015984015984015984	72	79	0
scRNA	REF+CKD	prog_noSCP_PT:aPT	scp_full	79	0.5332035053554041	0.000999000999000999	75	64	0
scRNA	REF+CKD	prog_noSCP_PT:aPT	scp_no_driver	79	0.4270691333982473	0.000999000999000999	75	64	0
scRNA	REF+CKD	prog_noSCP_PT:frPT	scp_full	79	0.5651411879259981	0.000999000999000999	79	66	0
scRNA	REF+CKD	prog_noSCP_PT:frPT	scp_no_driver	79	0.4552823758519961	0.000999000999000999	79	66	0
scRNA	REF+CKD	prog_noSCP_PT:rfPT	scp_full	79	0.6475900681596884	0.000999000999000999	77	64	0
scRNA	REF+CKD	prog_noSCP_PT:rfPT	scp_no_driver	79	0.5523369036027265	0.000999000999000999	77	64	0
scRNA	REF+CKD	prog_noSCP_TAL:rfTAL	scp_full	79	0.7821080817916262	0.000999000999000999	75	78	0
scRNA	REF+CKD	prog_noSCP_TAL:rfTAL	scp_no_driver	79	0.7416260954235637	0.000999000999000999	75	78	0
scRNA	REF+CKD	prog_REF_noSCP_PT:aPT	scp_full	79	0.3814508276533593	0.001998001998001998	76	69	0
scRNA	REF+CKD	prog_REF_noSCP_PT:aPT	scp_no_driver	79	0.274634858812074	0.017982017982017984	76	69	0
scRNA	REF+CKD	prog_REF_noSCP_PT:frPT	scp_full	79	0.5224683544303798	0.000999000999000999	79	71	0
scRNA	REF+CKD	prog_REF_noSCP_PT:frPT	scp_no_driver	79	0.40866601752677706	0.000999000999000999	79	71	0
scRNA	REF+CKD	prog_REF_noSCP_PT:rfPT	scp_full	79	0.4175754625121714	0.000999000999000999	78	59	0
scRNA	REF+CKD	prog_REF_noSCP_PT:rfPT	scp_no_driver	79	0.311222005842259	0.003996003996003996	78	59	0
scRNA	REF+CKD	prog_REF_noSCP_TAL:rfTAL	scp_full	79	0.7194011684518014	0.000999000999000999	72	79	0
scRNA	REF+CKD	prog_REF_noSCP_TAL:rfTAL	scp_no_driver	79	0.6715676728334957	0.000999000999000999	72	79	0
