compartment	head	program	n_markers	pi_full	z_enrich_full	p_enrich_full	fdr_enrich_full	pi_e1_mean	pi_e1_sd	z_enrich_e1_min	z_enrich_e1_max	sign_consistency	frac_folds_same_sign	abs_rank	is_key
GLOM	DKD	STROMA	64	0.054052896236694695	12.050566449203084	1.9262162781043046e-33	3.8524325562086095e-32	0.0504586905426144	0.005993648730224679	10.848722409268465	12.580068107482901	1.0	1.0	1	True
GLOM	DKD	ENDO_ART	40	0.019347126762755403	5.977448808493884	2.2665911864599568e-09	2.2665911864599568e-08	0.017308512326506095	0.004957348886766916	3.5656783367781473	6.2438824398906805	1.0	1.0	2	True
GLOM	DKD	PODO	28	-0.01752066959884709	-5.184420531691733	2.166875120407164e-07	1.444583413604776e-06	-0.016374896066608486	0.0034114596231929217	-6.179022513356651	-3.6287062194075332	1.0	1.0	3	True
GLOM	DKD	ENDO_GC	34	-0.014668952238452854	-3.8567101411152116	0.00011492330357142175	0.0005746165178571088	-0.013161894716286456	0.002736753221588467	-4.446034636182615	-2.420811821966553	1.0	1.0	5	True
GLOM	DKD	NK	28	0.011698332107801097	3.636989931400426	0.00027584270924784117	0.0009194756974928039	0.010303069507482875	0.003425774497196365	1.8201721555682298	3.8050615329515622	1.0	1.0	6	True
GLOM	DKD	PERI	52	0.010143254204200921	3.367418999979667	0.0007587531194122289	0.0018968827985305723	0.009196020170074466	0.004244000936382852	1.3429521397891475	4.503834962880374	1.0	1.0	7	True
GLOM	DKD	MAST	17	0.0073458283569910465	3.741620502292354	0.00018283747111729127	0.0007313498844691651	0.006569946774087042	0.0017573288583586895	2.33912584114725	4.313433412472671	1.0	1.0	11	True
GLOM	FSGS	MAC	51	-0.045674311671687826	-5.140936200496793	2.733728762578591e-07	1.8224858417190606e-06	-0.03987749018872844	0.00886034958507123	-5.759038497931259	-3.0943756611026463	1.0	1.0	2	True
GLOM	FSGS	NK	28	0.045309702841272295	6.2888288512333	3.1986987711503374e-10	3.1986987711503376e-09	0.038218737091771315	0.010358996833892697	4.511216648700576	6.735288808992207	1.0	1.0	3	True
GLOM	FSGS	PT_injured	23	-0.04275223455778957	-4.706261884378387	2.5230036798437796e-06	1.2615018399218898e-05	-0.03548073246820082	0.013824006213076109	-6.616272006820756	-1.2914140567849284	1.0	1.0	4	True
GLOM	FSGS	PEC	38	0.018803931985975485	2.6952259433627823	0.007034091531598694	0.028136366126394773	0.016725837713040075	0.005409382005631393	1.2838712243982726	4.041025564216828	1.0	1.0	7	True
GLOM	HT	MAC	51	0.024566005160347848	7.92242607297334	2.3292057627206367e-15	4.6584115254412734e-14	0.026409576711863957	0.003956431124806556	7.153496022461752	8.640774161810018	1.0	1.0	1	True
GLOM	HT	ENDO_PT	38	0.016601981060333802	5.722370872843085	1.0504768003768229e-08	1.0504768003768229e-07	0.01804507382534979	0.002340016913567589	5.389729160911569	6.010552890824982	1.0	1.0	2	True
GLOM	HT	MES	38	0.013014967748311007	2.8556005723633957	0.004295551583210071	0.012273004523457347	0.014002195938183392	0.001604509140398389	2.6098304193009865	2.8865500436818237	1.0	1.0	3	True
GLOM	HT	PODO	28	0.01227891371475497	4.066769631402828	4.766932401613746e-05	0.0003177954934409164	0.01330072428573543	0.001247773547008879	3.645077408815041	4.281820484709284	1.0	1.0	4	True
GLOM	HT	PT	38	-0.010766575672368757	-2.805046783825921	0.005030927699720937	0.012577319249302343	-0.0113320067882653	0.000892032276329542	-3.0269434039949124	-2.5281262141569627	1.0	1.0	5	True
GLOM	HT	ENDO_GC	34	0.010500531442148997	3.07170866829985	0.0021283734254846066	0.0070945780849486885	0.011224676809403556	0.001109965550449889	2.7531165037669356	3.239184296428197	1.0	1.0	6	True
GLOM	HT	NK	28	0.008579968991241766	3.117559498229129	0.00182355134529559	0.0070945780849486885	0.009099925642873137	0.0009621555836950795	2.8847241659266656	3.169729567072513	1.0	1.0	7	True
GLOM	HT	PEC	38	0.00842340358129928	3.678277149475887	0.00023481472881739567	0.0011740736440869783	0.00943957553690319	0.0008642897654097066	3.523795793942263	4.142176131920122	1.0	1.0	8	True
GLOM	HT	PERI	52	0.004334159005778728	2.297452034607211	0.021592996313946487	0.04798443625321441	0.005020299650605175	0.0012286285438548126	2.0910676672909885	2.390918645129502	1.0	1.0	14	True
GLOM	IgAN	STROMA	64	0.021242878484963222	4.6644140194297	3.094977020295018e-06	5.29948264612729e-05	0.0209773747289163	0.01068178295729328	0.8611878923824573	10.887051895895256	1.0	1.0	1	True
GLOM	IgAN	PT	38	-0.01621233988546914	-3.2793085539841167	0.0010406178960544014	0.004162471584217606	-0.018758700215904752	0.010128460010297475	-14.184951139021726	-1.2175503262916219	1.0	1.0	2	True
GLOM	IgAN	PEC	38	-0.015114115741671486	-4.527445187193099	5.97010798790748e-06	5.29948264612729e-05	-0.01280756616206657	0.0037287265170834636	-4.640580934033989	-3.0073607231815758	1.0	1.0	3	True
GLOM	IgAN	PT_injured	23	-0.014935823058169446	-4.466546905385047	7.949223969190936e-06	5.29948264612729e-05	-0.016194397447344706	0.005574575370992449	-10.031296258524474	-2.696723803061707	1.0	1.0	4	True
GLOM	IgAN	ENDO_ART	40	0.011048518556791289	3.4326271388066942	0.0005977635435622286	0.002988817717811143	0.010603826640788537	0.0017260732787171026	2.4796315379485088	5.172309297381003	1.0	1.0	6	True
GLOM	IgAN	DCT	31	-0.006874031634550559	-2.596338911994592	0.009422307577221298	0.02692087879206085	-0.0070076870426642	0.0012425498634921544	-3.2161117892811233	-2.180802302969319	1.0	1.0	10	True
GLOM	LN	MAC	51	0.024417281469796725	12.546853851041675	4.1361972779019e-36	8.2723945558038e-35	0.023775073215803695	0.0009260662173271175	12.340738673809149	12.647660879583276	1.0	1.0	1	True
GLOM	LN	PT_injured	23	-0.013897724796882196	-6.576038090188215	4.8314882941584984e-11	4.831488294158498e-10	-0.013526508195764222	0.0012713714063690435	-6.664766742676808	-6.081954949142899	1.0	1.0	2	True
GLOM	LN	MES	38	0.01293255204359669	4.517080657418504	6.269802803024339e-06	3.13490140151217e-05	0.01263174134954687	0.0009539088263387866	4.272845327618612	4.632670942798761	1.0	1.0	3	True
GLOM	LN	PT	38	-0.008887926128967005	-4.2727015486046165	1.931188622280042e-05	7.724754489120169e-05	-0.008799856987683452	0.0005344478337545556	-4.874492875483355	-4.005422877384828	1.0	1.0	4	True
GLOM	LN	DC	33	0.008210006943192178	4.957524750223892	7.139694934086664e-07	4.759796622724443e-06	0.008625099610202287	0.0008991953996089424	4.924934695267522	5.467258837358793	1.0	1.0	5	True
GLOM	LN	NK	28	0.006080374443027371	3.6898923253800064	0.00022434899019665812	0.0007478299673221938	0.005970184423242574	0.0003633285309488763	3.167967669874858	3.8174792559937893	1.0	1.0	6	True
GLOM	LN	PEC	38	-0.004325118137535085	-2.530894443179709	0.011377208180444045	0.03250630908698299	-0.004363299481004347	0.0002713077289489491	-2.7065773110193847	-2.471840174421705	1.0	1.0	8	True
GLOM	MCD	STROMA	64	-0.03405173586984119	-3.7276681857528073	0.0001932595894336756	0.001932595894336756	-0.03127639293276798	0.010044572578332406	-5.9787461403774556	-2.375296280212134	1.0	1.0	1	True
GLOM	MCD	CNT_PC	37	-0.02536869436710895	-3.7994940452814405	0.0001449917958641289	0.001932595894336756	-0.02195978891681727	0.005723399798405734	-4.118866604795792	-3.043581094647632	1.0	1.0	2	True
GLOM	MCD	MES	38	-0.02519605494162517	-2.658054756993535	0.007859312245735762	0.03143724898294305	-0.020043695860829505	0.010102883602209685	-3.6420085136955684	-0.466451776384031	1.0	1.0	3	True
GLOM	MCD	PT_injured	23	0.022582184445239257	3.153349890723705	0.0016140821662349693	0.010760547774899794	0.018340505128062914	0.0070057003308852455	1.8235897793389788	3.274729561277659	1.0	1.0	4	True
GLOM	MCD	DCT	31	-0.019935400053913276	-2.951007141425388	0.0031673959360760816	0.01583697968038041	-0.017964978839545818	0.004803327562368973	-3.860449052496417	-1.582405861149259	1.0	1.0	5	True
GLOM	MCD	ENDO_GC	34	0.019219829627266233	2.4420301981525854	0.014604924890938425	0.041728356831252644	0.017363405685943578	0.009300382857543485	0.03272222827801845	5.241169074690611	1.0	1.0	6	True
GLOM	MCD	IC	25	-0.008400034839976245	-2.53498322730295	0.011245271017248492	0.037484236724161644	-0.0070697904337122044	0.004189535245128297	-3.572270369684292	-0.4584745013353001	1.0	1.0	14	True
GLOM	MN	MAC	51	-0.0343559423957947	-8.020355512818323	1.0543954742549739e-15	2.1087909485099477e-14	-0.031151221044065733	0.016464159439088424	-13.55483542645022	-1.3498910011286256	1.0	1.0	1	True
GLOM	MN	TCELL	39	-0.018910638448830265	-3.407481201366184	0.0006556542471398388	0.0065565424713983885	-0.015858715564679018	0.0042536795817508105	-3.5582863788177663	-2.403504262464288	1.0	1.0	2	True
GLOM	MN	PT_injured	23	0.017562050320000595	2.538592084380988	0.011129950864910644	0.04366776617989095	0.013969750269357909	0.005530696380739148	0.8645944832825817	2.7227358545945033	1.0	1.0	3	True
GLOM	MN	PERI	52	0.0145185931065714	2.5365353504093937	0.0111955438889268	0.04366776617989095	0.011218572321190083	0.004250739662861348	0.7488835883364615	2.491244038664447	1.0	1.0	5	True
GLOM	MN	PEC	38	-0.013061246121087977	-3.218034124172624	0.0012907246091497027	0.008604830727664685	-0.011155101334774264	0.0043816977686208375	-3.542423309330885	-1.8136908076848033	1.0	1.0	6	True
GLOM	RPGN	MAC	51	0.046552718492016996	8.293596353217886	1.0987485837615275e-16	2.197497167523055e-15	0.039514990325876256	0.010170024749850686	6.26896019258985	10.561381584311405	1.0	1.0	1	True
GLOM	RPGN	PT	38	-0.04395586327365289	-6.498637881626841	8.105049084970864e-11	8.105049084970863e-10	-0.03754137720373418	0.010769223307564206	-7.18742360182379	-6.439467469410642	1.0	1.0	2	True
GLOM	RPGN	PERI	52	-0.030255788297907003	-5.359149334051635	8.36147199546998e-08	5.574314663646653e-07	-0.02318640989879218	0.01099535226638292	-5.730236436003785	-1.857254947120883	1.0	1.0	3	True
GLOM	RPGN	TCELL	39	0.026928972528250612	3.61193704821826	0.000303918352680834	0.001215673410723336	0.021976965931807715	0.008970957435967156	1.4615212982727939	4.603256101711457	1.0	1.0	4	True
GLOM	RPGN	STROMA	64	0.023342347197767194	4.114775256643277	3.875568345215e-05	0.00019377841726075001	0.019890811336096274	0.008696791190060808	2.9748557196062095	4.870337571624502	1.0	1.0	5	True
GLOM	RPGN	PODO	28	0.01626278295629091	3.542865026551064	0.0003958052260241132	0.001319350753413711	0.012466372947259515	0.005851565931351974	0.377616557463123	4.5322071575275045	1.0	1.0	6	True
GLOM	RPGN	MAST	17	-0.008281688666110506	-2.542199692960033	0.011015721733310486	0.027539304333276216	-0.005944897945218689	0.0031986314810668187	-2.805363967957335	-0.4632931635768437	0.9333333333333333	1.0	8	True
TUB	DKD	PODO	28	-0.042442448984554744	-15.102933440957765	1.5488660920868692e-51	3.0977321841737384e-50	-0.040286973563374504	0.006542241789052848	-17.45683744320277	-9.081526482105684	1.0	1.0	1	True
TUB	DKD	STROMA	64	0.029344461052566728	5.896688581135167	3.708688550380787e-09	3.708688550380787e-08	0.029422930214301653	0.002574053582993472	5.06567940287661	6.655549050015443	1.0	1.0	2	True
TUB	DKD	DCT	31	-0.020625238390349566	-5.603315108323625	2.102904169842576e-08	1.401936113228384e-07	-0.017118177922999356	0.003963519589847795	-5.997207916076541	-2.2113589772001623	1.0	1.0	3	True
TUB	DKD	MAC	51	-0.019794316649964016	-3.7524930772384257	0.00017508466837588713	0.0004377116709397178	-0.017263954853000082	0.0029647198326627684	-4.460772994135771	-1.566323284137264	1.0	1.0	4	True
TUB	DKD	CNT_PC	37	0.018032431073441595	4.800166463668715	1.5853380059452102e-06	7.926690029726051e-06	0.01658107171012168	0.002152591781522439	3.6612068062408234	5.065131412643422	1.0	1.0	5	True
TUB	DKD	ENDO_PT	38	0.01670762401122765	4.456589670877315	8.327377728296717e-06	3.330951091318687e-05	0.015869097597683107	0.0033983256864408523	2.284656305308443	5.272738945776541	0.9777777777777777	1.0	6	True
TUB	DKD	ENDO_ART	40	0.015036968676951474	3.502346260053224	0.00046117984899991067	0.0010248441088886904	0.011854424665160538	0.003514628557441372	1.7391976031308167	4.376608173437969	0.9777777777777777	1.0	7	True
TUB	DKD	MES	38	0.01502670898473496	3.9741200635185323	7.063992487183713e-05	0.00020182835677667752	0.010513370647755494	0.003273323364005793	2.300915119582947	4.453956199712595	1.0	1.0	8	True
TUB	DKD	TCELL	39	-0.011871575340063485	-2.472391051553563	0.013421261548385596	0.01789501539784746	-0.011497531282524402	0.0029863376973076556	-3.476343141428585	-1.6891631143900772	1.0	1.0	9	True
TUB	DKD	MAST	17	0.009958243665239586	4.29932784637153	1.7131689017172394e-05	5.710563005724132e-05	0.006649245361592562	0.002582305050940787	1.3435942563139733	4.554952328617978	0.9777777777777777	1.0	10	True
TUB	DKD	LOH	35	0.009252289110951325	2.6747811983301504	0.0074778036001447185	0.012463006000241196	0.01024239443576854	0.0024389057561883098	1.7842948251452415	4.2979871139444565	1.0	1.0	11	True
TUB	DKD	PERI	52	0.009193282586843867	2.5236250329673426	0.011615174716244465	0.016593106737492095	0.009272056457858953	0.0033284706753363147	0.8834673318629473	3.6404765456771906	1.0	1.0	12	True
TUB	DKD	IC	25	-0.007979931293916318	-2.644904848860911	0.008171389127708307	0.01257136788878201	-0.009443714674821814	0.005972502593243471	-7.931148824690743	-0.34061282633601786	0.9777777777777777	1.0	14	True
TUB	DKD	PT_injured	23	0.006714727959922088	2.1826625967396867	0.02906066631452598	0.036325832893157474	0.005582639616694176	0.0018712032423482928	1.1352552848723207	2.652898209771476	0.9555555555555556	1.0	15	True
TUB	DKD	DC	33	0.006380430497291235	2.839534796927114	0.004517936730215516	0.008572395108567858	0.00844296688268549	0.004390041795526772	1.1352957734368556	5.493783172633259	0.9777777777777777	1.0	16	True
TUB	FSGS	MAC	51	-0.0521510969268834	-3.8917053056394586	9.954210637268868e-05	0.0019908421274537737	-0.04966227055505371	0.006604683734260488	-4.504539057721097	-2.699919147306759	1.0	1.0	1	True
TUB	FSGS	PODO	28	-0.027824036555801908	-3.6396467648236537	0.00027301229721505616	0.0027301229721505616	-0.026334105993134953	0.007214598118992444	-5.081698727410382	-2.329125916723413	1.0	1.0	2	True
TUB	HT	PT	38	0.008587914131659515	3.1160044417497486	0.0018331951117781281	0.0073327804471125125	0.008207024774703683	0.0013302789694657707	2.570605768607132	3.3365604261689215	1.0	1.0	1	True
TUB	HT	MAC	51	0.007881013162178563	3.566792661940267	0.0003613771797170061	0.0062957678831841776	0.008199735397675031	0.00033087716628665327	3.3005731121562163	4.13778133172648	1.0	1.0	2	True
TUB	HT	ENDO_PT	38	-0.007217501772404289	-2.770550881334155	0.0055961556071552334	0.01809245665058253	-0.0071187491123924345	0.0009237854714937441	-2.8934908083375204	-2.077070571666602	1.0	1.0	3	True
TUB	HT	CNT_PC	37	-0.006715168558523546	-2.7300558417384972	0.006332359827703884	0.01809245665058253	-0.00642927605732935	0.0013115140393587512	-2.796215912088629	-1.376369585205504	1.0	1.0	5	True
TUB	HT	PT_injured	23	0.006495999881287619	3.1163053674328363	0.0018313252559703733	0.0073327804471125125	0.006997659715969172	0.00036447890541321744	2.848370861130007	3.744349383699281	1.0	1.0	6	True
TUB	HT	DCT	31	0.006318875848402086	3.4185416615818602	0.0006295767883184178	0.0062957678831841776	0.0068772060816913744	0.0011671767265376567	2.935724295890051	5.2713918399592306	1.0	1.0	7	True
TUB	HT	ENDO_GC	34	-0.0062050006320111435	-3.207849621719403	0.0013373140384497651	0.0073327804471125125	-0.006442108042688865	0.0006630145599262015	-3.5293716736294756	-2.610577881294265	1.0	1.0	9	True
TUB	IgAN	PODO	28	-0.013250415425907588	-4.654377761420773	3.2496055142002607e-06	6.499211028400521e-05	-0.01272306721765424	0.0019076899698877308	-5.432851683441873	-3.276775587253425	1.0	1.0	1	True
TUB	IgAN	DC	33	0.012522475941158226	4.340712464764602	1.4202146900633929e-05	0.0001420214690063393	0.011784399191426188	0.0025535470166903407	2.6995378871772546	4.977685122534635	1.0	1.0	2	True
TUB	IgAN	NK	28	0.006073055177723439	2.751509589628248	0.005932128294603797	0.03954752196402531	0.0058506564415683	0.0016126872075369135	1.134955760952226	3.1555504825546294	0.9555555555555556	1.0	4	True
TUB	LN	STROMA	64	-0.03356357434263837	-5.746073746170079	9.133948242884755e-09	9.133948242884755e-08	-0.033753732466164366	0.00893399273900645	-8.271828818163014	-2.1167312337355186	1.0	1.0	1	True
TUB	LN	PODO	28	0.02224236228889427	8.1293674076682	4.315364963112113e-16	8.630729926224226e-15	0.02175366794689396	0.0048876514694568595	5.151679452037216	9.607992260001334	1.0	1.0	2	True
TUB	LN	DC	33	-0.018435580286831454	-4.642476006654125	3.4425862622484502e-06	2.2950575081656333e-05	-0.019470098941768734	0.004590288503986096	-6.738296111084215	-3.1206254301219136	1.0	1.0	3	True
TUB	LN	PERI	52	-0.016360127406480417	-3.2255585672229743	0.0012572710895055407	0.005029084358022163	-0.01589626930617842	0.002004955326758907	-3.4580882037684	-2.276372539536175	1.0	1.0	4	True
TUB	LN	MAC	51	0.01528142346455803	3.7464740449132363	0.00017933754945535056	0.0008966877472767528	0.014195180483916119	0.0013393130728286565	3.012125180322753	3.836421738837447	1.0	1.0	5	True
TUB	LN	ENDO_ART	40	-0.014515022679298226	-2.6517891556132627	0.008006652283480348	0.026688840944934494	-0.013502966846169428	0.0033087057438396937	-3.200298289838257	-1.280026662097495	1.0	1.0	6	True
TUB	MCD	PT	38	0.036911112278447525	4.159391483498083	3.190965772181476e-05	0.0006381931544362951	0.03516078567774829	0.005450378664994625	3.553694056494481	4.756494905445068	1.0	1.0	1	True
TUB	MCD	IC	25	0.034746785155849155	3.871438354675326	0.00010819502125609751	0.001081950212560975	0.032083737732748814	0.007308492344029128	1.7106527956425683	5.006399579953934	1.0	1.0	2	True
TUB	MCD	PT_injured	23	0.029196612338257544	2.5900818228732634	0.009595312204350417	0.03198437401450139	0.027821074826177676	0.006216833205651361	1.6392921674886523	3.4429908035159302	1.0	1.0	3	True
TUB	MCD	DC	33	-0.028703036304718245	-3.214478784063869	0.0013068157166097082	0.006534078583048541	-0.027399518103143863	0.005579610284891475	-3.8370950180584655	-2.3616008852806445	1.0	1.0	4	True
TUB	MCD	MAC	51	-0.026057213295203847	-2.8420875943204775	0.00448191755302253	0.01792767021209012	-0.025104778680001407	0.011403200989479058	-4.836235784961726	-1.4570764318799552	1.0	1.0	5	True
TUB	MCD	BCELL	32	-0.018409307618720342	-3.364025078378866	0.0007681456290815473	0.005120970860543648	-0.017646679847125292	0.003381450809533443	-3.9607613990465906	-2.3410118889269755	1.0	1.0	8	True
TUB	MN	PEC	38	0.030667874894225927	2.904828872576764	0.0036745394318561104	0.02591783721816281	0.02785578525766737	0.007415593819440219	1.4570337346961477	4.7267045124182285	1.0	1.0	1	True
TUB	MN	LOH	35	0.029905454125921917	2.5265564978932424	0.011518685964697642	0.04702042889932885	0.026871999505584977	0.00664853733428013	1.2740040801433061	3.198011653907292	1.0	1.0	3	True
TUB	MN	MAST	17	-0.02562301967920392	-3.5692662557597217	0.0003579824576636863	0.007159649153273726	-0.023163483972351614	0.004302208185265346	-4.628242765995904	-2.458130005398603	1.0	1.0	4	True
TUB	MN	IC	25	-0.02269053018211635	-2.8871348589544343	0.0038876755827244214	0.02591783721816281	-0.021278234723849133	0.0038000091906283243	-3.7185301956595125	-1.8542261808484635	1.0	1.0	6	True
TUB	MN	DC	33	-0.021071453546267882	-2.5194118435054564	0.011755107224832213	0.04702042889932885	-0.019369285111716348	0.007327123287531039	-3.327016735421013	-0.6283785918700954	1.0	1.0	8	True
TUB	RPGN	PT	38	-0.025974904325609848	-5.682470669838762	1.3276268724714246e-08	2.6552537449428494e-07	-0.024576546876655385	0.007975936092228391	-7.05811007356094	-1.9260712997079648	1.0	1.0	1	True
TUB	RPGN	MAC	51	0.022644655081434047	4.962961911076738	6.942620115582076e-07	4.628413410388051e-06	0.02182404570972761	0.003508889945414483	3.6457725771488945	8.213177206462726	1.0	1.0	2	True
TUB	RPGN	PERI	52	-0.021784380868618402	-5.217607639520066	1.8124889646355925e-07	1.8124889646355926e-06	-0.021893777288459808	0.004822217929910406	-5.890449928418812	-3.8410486309724035	1.0	1.0	3	True
TUB	RPGN	STROMA	64	-0.017988962851750133	-3.250388838654467	0.001152473136813032	0.005762365684065161	-0.017504197122839047	0.005430945877551555	-4.197005070568013	-1.4007885782482545	1.0	1.0	4	True
TUB	RPGN	TCELL	39	0.015282857266289678	3.0217893215063207	0.002512853737212787	0.007179582106322248	0.013928872177999842	0.004223515038485915	1.662954630112829	3.456273894263844	0.9777777777777777	1.0	5	True
TUB	RPGN	LOH	35	-0.014461205535251537	-3.120115179148869	0.001807803369726197	0.006299855385891766	-0.01494156831157465	0.003232400903532341	-4.370125652375172	-2.5203813837660083	1.0	1.0	6	True
TUB	RPGN	ENDO_ART	40	-0.011805556638411301	-2.6249452090914134	0.008666291165241832	0.02166572791310458	-0.011373350868354549	0.003058984479378054	-3.389514936397034	-1.8361116949647993	1.0	1.0	7	True
TUB	RPGN	CNT_PC	37	-0.010332951657462546	-2.376347586038474	0.017484983265734257	0.03769649709266946	-0.009486205366932614	0.003164778152748503	-4.350810523074735	-0.7294059854670476	1.0	1.0	8	True
TUB	RPGN	MAST	17	-0.010013587166932401	-3.1070011529667303	0.0018899566157675296	0.006299855385891766	-0.008723887860030807	0.0021980544930322327	-3.7037657243697546	-1.8382271638367111	1.0	1.0	9	True
