compartment	head	program	b_full	b_full_seed_sd	b_e1_mean	b_e1_sd	b_e1_min	b_e1_max	sign_consistency	frac_folds_same_sign	struct_full	abs_rank
GLOM	DKD	BCELL	-0.00028036043	0.00019617815	-0.00014196063	0.00017322917	-0.00040715357	9.1241345e-05	0.5666666666666667	0.8333333333333334	0.38854682	13
GLOM	DKD	CNT_PC	-0.00040294635	0.00049583387	6.670587e-05	0.00033791462	-0.0002302295	0.0006422322	0.5	0.5	0.21727416	7
GLOM	DKD	DC	0.000260488	0.00039273128	-0.00042523316	0.0009021061	-0.0021878704	0.00034326472	0.4	0.3333333333333333	0.39828715	15
GLOM	DKD	DCT	-0.0003396123	0.0005200134	-0.0001361091	0.00022172349	-0.00043911237	0.00017034155	0.6333333333333333	0.8333333333333334	-0.071792565	9
GLOM	DKD	ENDO_ART	-0.00020692774	0.00032829106	-0.00019187975	0.00032390543	-0.00068683556	8.9035e-05	0.6666666666666666	0.5	0.4404414	16
GLOM	DKD	ENDO_GC	-1.1633324e-05	9.567361e-05	6.0134273e-05	0.0003237029	-0.00026214067	0.0006306094	0.4666666666666667	0.5	-0.28445086	19
GLOM	DKD	ENDO_PT	-0.00014425967	0.00025143923	-0.00015453015	0.0006584252	-0.0014092632	0.0004815145	0.5	0.6666666666666666	0.05459319	18
GLOM	DKD	IC	0.00029830856	0.0005027892	6.159268e-05	0.0002540309	-0.00030167965	0.0003861851	0.5333333333333333	0.6666666666666666	0.024505187	12
GLOM	DKD	LOH	0.0002780311	0.0004829998	0.0001415743	0.00017319451	-1.9199488e-06	0.00047391996	0.7	0.8333333333333334	0.19179764	14
GLOM	DKD	MAC	-0.000596078	0.0006056194	0.0001349859	0.00033077583	-8.769654e-05	0.0007904664	0.4666666666666667	0.5	0.29274178	4
GLOM	DKD	MAST	0.00037751294	0.00036756648	9.6461e-05	0.0002815091	-0.00023826859	0.00059698615	0.5333333333333333	0.5	0.6197776	8
GLOM	DKD	MES	-0.00031498427	0.00022989187	0.0001743603	0.0003688842	-0.00026493723	0.00084088865	0.4	0.16666666666666666	0.024210984	11
GLOM	DKD	NK	-3.5671728e-06	6.582035e-05	9.633888e-05	0.00036683222	-0.00024205665	0.00068672193	0.7	0.5	0.17257874	20
GLOM	DKD	PEC	-0.0004697842	0.00046299148	-2.6526815e-05	0.00020863234	-0.00035235324	0.00022734252	0.4666666666666667	0.6666666666666666	0.20544778	6
GLOM	DKD	PERI	0.00066459074	0.0008425905	2.643273e-05	0.00034691353	-0.0005332834	0.00051883154	0.5333333333333333	0.5	0.45434344	3
GLOM	DKD	PODO	-0.0003344893	0.000331005	-0.00024949506	0.0003726638	-0.0009100409	0.00017459897	0.7666666666666667	0.8333333333333334	-0.58436185	10
GLOM	DKD	PT	-0.0010904734	0.0012411261	-0.00010501518	0.0007586938	-0.0011535792	0.000900329	0.43333333333333335	0.5	-0.32212186	1
GLOM	DKD	PT_injured	0.0010604798	0.001269671	-0.0001174547	0.0008113119	-0.0011886812	0.0007949721	0.43333333333333335	0.6666666666666666	-0.15928435	2
GLOM	DKD	STROMA	-0.00019616967	0.0002584897	4.0345978e-05	0.00036942263	-0.0006282937	0.0004215465	0.43333333333333335	0.3333333333333333	0.70318496	17
GLOM	DKD	TCELL	-0.0004825674	0.0006329906	-8.544399e-08	0.00025627215	-0.0002785599	0.00030980635	0.4666666666666667	0.5	0.44340622	5
GLOM	FSGS	BCELL	-7.449088e-05	0.00023522819	-7.470346e-05	0.00032172917	-0.00069614203	0.00020747437	0.43333333333333335	0.6666666666666666	-0.06909037	7
GLOM	FSGS	CNT_PC	-2.8659304e-05	0.00038666342	0.0001133873	0.00022093239	-0.0001912314	0.00033036087	0.43333333333333335	0.5	0.12491166	15
GLOM	FSGS	DC	0.00011936014	0.0002831058	-0.0003737814	0.00051619875	-0.0013132266	0.00019430686	0.3333333333333333	0.16666666666666666	-0.18263179	4
GLOM	FSGS	DCT	6.849533e-05	0.00037616494	-9.166485e-05	0.0002364352	-0.00045712967	0.00017437132	0.5	0.5	0.116955236	8
GLOM	FSGS	ENDO_ART	4.4391636e-05	0.00023661868	1.4697402e-05	0.0005120646	-0.00074784056	0.0008203575	0.4666666666666667	0.6666666666666666	0.13549376	12
GLOM	FSGS	ENDO_GC	-3.9292172e-05	7.0750066e-05	8.85159e-05	0.0003287498	-0.00029074322	0.0005827214	0.5333333333333333	0.3333333333333333	0.17937869	13
GLOM	FSGS	ENDO_PT	1.5407688e-05	0.00017921884	-0.00022281751	0.0003410422	-0.0007403407	0.00015974835	0.5	0.3333333333333333	0.22921784	18
GLOM	FSGS	IC	-4.5278517e-05	0.0003615541	-8.1352955e-05	0.00015717797	-0.00033517677	5.665405e-05	0.6666666666666666	0.5	-0.029715432	11
GLOM	FSGS	LOH	-3.13938e-05	0.00034086534	3.9327733e-05	0.0002350966	-0.00016113605	0.00048106798	0.43333333333333335	0.5	0.14828153	14
GLOM	FSGS	MAC	-0.00014020281	0.000538628	0.00016936568	0.00025583478	-7.4332595e-05	0.0005908338	0.4	0.3333333333333333	-0.26640487	3
GLOM	FSGS	MAST	0.00010014832	0.00033660166	2.8548298e-05	0.00015087661	-0.00011164679	0.00031710166	0.4666666666666667	0.5	-0.047643088	5
GLOM	FSGS	MES	-5.1634554e-05	0.00024535047	6.1731384e-06	0.00018263243	-0.00019591593	0.00022566257	0.4666666666666667	0.5	0.13858968	9
GLOM	FSGS	NK	-1.024599e-05	4.5496763e-05	4.9055103e-05	0.0001809555	-0.00023321083	0.0002688184	0.43333333333333335	0.3333333333333333	0.21638323	19
GLOM	FSGS	PEC	-9.11471e-05	0.00041790088	-8.416217e-05	0.00015131794	-0.00028859192	9.992749e-05	0.5333333333333333	0.6666666666666666	0.15938582	6
GLOM	FSGS	PERI	2.323998e-05	0.00065142417	0.00013689352	0.00026912265	-9.731717e-05	0.00052859745	0.6	0.5	0.0935232	16
GLOM	FSGS	PODO	-3.5539088e-06	0.00027707033	-0.000102306214	0.00028732404	-0.0006352662	0.00021651163	0.5666666666666667	0.6666666666666666	-0.0042604064	20
GLOM	FSGS	PT	-0.00016609574	0.0010205515	-6.1434104e-05	0.00047203858	-0.00064853084	0.0007098664	0.5	0.5	0.0984674	2
GLOM	FSGS	PT_injured	0.00017935324	0.0010203749	-9.4390416e-05	0.00088527444	-0.0011284386	0.0008760779	0.36666666666666664	0.5	0.05469123	1
GLOM	FSGS	STROMA	-1.829273e-05	0.00019799503	-0.00012696686	0.00025769515	-0.00059100764	0.00015822522	0.5	0.6666666666666666	-0.05505745	17
GLOM	FSGS	TCELL	-4.5591853e-05	0.00048182986	4.669678e-05	0.00022355084	-0.00025175037	0.00031326647	0.6	0.3333333333333333	0.011759952	10
GLOM	MCD	BCELL	-0.00026760707	0.00064812036	9.359869e-06	0.00062336866	-0.0005914764	0.0011019832	0.5	0.6666666666666666	-0.3223309	5
GLOM	MCD	CNT_PC	-2.2865188e-05	0.0007700171	-3.7752932e-05	0.0002619584	-0.00050215394	0.00025525346	0.5	0.3333333333333333	-0.36790377	19
GLOM	MCD	DC	0.00023853937	0.0008095205	-0.00023665733	0.00047555965	-0.0010868039	0.00023774974	0.4	0.3333333333333333	-0.42970303	7
GLOM	MCD	DCT	0.00021486715	0.000856888	-0.00041243635	0.00049646106	-0.0013453134	1.2127205e-05	0.43333333333333335	0.16666666666666666	-0.10078143	8
GLOM	MCD	ENDO_ART	0.00013042233	0.00059149635	3.719944e-05	0.0005969702	-0.0008880114	0.0006561541	0.4	0.5	-0.153052	12
GLOM	MCD	ENDO_GC	-0.00012322442	0.00027750936	0.00022482534	0.00056474045	-0.00061798183	0.00093300873	0.4666666666666667	0.3333333333333333	0.4111978	13
GLOM	MCD	ENDO_PT	9.582787e-05	0.0003967693	-0.00012051163	0.00044121165	-0.00085318397	0.00029417727	0.5	0.6666666666666666	0.18746431	14
GLOM	MCD	IC	-0.00020647312	0.00080499606	-0.00028410263	0.00029533973	-0.00078785914	4.6823574e-05	0.7333333333333333	0.8333333333333334	-0.1399815	10
GLOM	MCD	LOH	-0.00018641281	0.000710135	0.00019080106	0.0003290326	-0.00016742862	0.0007972235	0.36666666666666664	0.16666666666666666	-0.19121008	11
GLOM	MCD	MAC	-0.00035863396	0.0012738638	9.200263e-05	0.00039795754	-0.00026472082	0.00086610595	0.4666666666666667	0.5	-0.4363053	1
GLOM	MCD	MAST	0.00027541252	0.0008521424	0.00022146385	0.00026478653	-0.00011191414	0.0006235185	0.6666666666666666	0.8333333333333334	-0.32949585	4
GLOM	MCD	MES	-0.00020851576	0.0005795723	-0.00032262874	0.00047245898	-0.0011114799	0.00029389214	0.4666666666666667	0.8333333333333334	0.16024612	9
GLOM	MCD	NK	-6.589146e-05	0.00012896149	-0.00014787755	0.00039094355	-0.00051388453	0.0005802425	0.5	0.8333333333333334	0.0034848978	15
GLOM	MCD	PEC	-0.000245894	0.000959389	-0.00016599144	0.00022038512	-0.00045691506	0.00013070542	0.4666666666666667	0.6666666666666666	-0.2004269	6
GLOM	MCD	PERI	-2.905695e-05	0.0012871114	-0.00036499472	0.0007042336	-0.0016524835	0.00048613703	0.5333333333333333	0.8333333333333334	-0.28515527	17
GLOM	MCD	PODO	-5.045464e-05	0.0005646327	0.00015592334	0.0005165369	-0.00017869736	0.0011838081	0.5666666666666667	0.6666666666666666	0.35926738	16
GLOM	MCD	PT	-0.00033360868	0.0021623604	6.6589128e-06	0.0005827935	-0.0007710132	0.0008798684	0.5666666666666667	0.5	0.22450994	2
GLOM	MCD	PT_injured	0.00032246122	0.0021910833	-8.425672e-05	0.0009237705	-0.001505518	0.0013314283	0.43333333333333335	0.3333333333333333	0.08474425	3
GLOM	MCD	STROMA	-9.171117e-06	0.00039236966	0.00015855297	0.000574781	-0.0006110145	0.0010740785	0.5	0.3333333333333333	-0.5574123	20
GLOM	MCD	TCELL	-2.8151073e-05	0.0009602891	-0.00017657387	0.00081270305	-0.0015187471	0.0009255398	0.4666666666666667	0.5	-0.32390502	18
GLOM	MN	BCELL	-0.0003558904	0.00020737793	-0.00017103327	0.00030799737	-0.0006392717	0.0001914774	0.7	0.6666666666666666	-0.28577676	12
GLOM	MN	CNT_PC	-0.0005025192	0.0005595709	-7.413766e-05	0.00045083818	-0.00061482925	0.0006819221	0.6333333333333333	0.6666666666666666	-0.019617604	7
GLOM	MN	DC	0.00034076677	0.00051704864	-0.00058464304	0.0009349484	-0.0023496193	0.00012746832	0.3333333333333333	0.16666666666666666	-0.41526264	14
GLOM	MN	DCT	-0.00038668275	0.00054865173	-0.0001873276	0.00031269353	-0.00060555694	9.199888e-05	0.5666666666666667	0.6666666666666666	0.06704112	11
GLOM	MN	ENDO_ART	-0.00025799806	0.00038620716	-6.83681e-06	0.00045897416	-0.00039757363	0.000905066	0.6666666666666666	0.8333333333333334	-0.06994603	16
GLOM	MN	ENDO_GC	-2.2105549e-05	0.00011557404	0.0002767751	0.00035336497	-0.00016306674	0.0007332321	0.3333333333333333	0.3333333333333333	0.03127915	19
GLOM	MN	ENDO_PT	-0.00017683387	0.00029067785	-0.00045696553	0.0005710569	-0.0014372312	0.0001007288	0.6333333333333333	0.8333333333333334	-0.16788624	18
GLOM	MN	IC	0.0003526896	0.00056274864	2.3294493e-05	0.0002831311	-0.00033953498	0.0003699399	0.3333333333333333	0.5	-0.032804195	13
GLOM	MN	LOH	0.00031456613	0.0005323119	0.0001177259	0.00020813156	-8.152034e-05	0.00049573136	0.5666666666666667	0.6666666666666666	0.13942084	15
GLOM	MN	MAC	-0.000751769	0.0006936746	8.135542e-05	0.0004298832	-0.00038043136	0.00089474116	0.5666666666666667	0.5	-0.44049743	4
GLOM	MN	MAST	0.00048101944	0.000423438	0.00019572307	0.00021680786	-5.079844e-06	0.0006002932	0.8666666666666667	0.8333333333333334	-0.18512791	8
GLOM	MN	MES	-0.00039756545	0.00023749599	2.411266e-05	0.00043618647	-0.00048748107	0.000765541	0.5333333333333333	0.5	-0.014474202	10
GLOM	MN	NK	-6.885092e-06	8.862302e-05	4.2309603e-05	0.000346338	-0.00031253207	0.0006837988	0.5666666666666667	0.6666666666666666	-0.27997383	20
GLOM	MN	PEC	-0.00057860394	0.00050271134	-0.00018759468	0.00029766135	-0.00056754734	0.0001047546	0.6666666666666666	0.5	-0.09447942	6
GLOM	MN	PERI	0.0008121473	0.00092972745	0.00019185191	0.0002502443	-7.1698705e-05	0.0005720782	0.6	0.8333333333333334	0.04907241	3
GLOM	MN	PODO	-0.00041390146	0.00035044787	-0.00031906404	0.00035873216	-0.0009399302	-2.8330664e-05	0.7666666666666667	1.0	0.401147	9
GLOM	MN	PT	-0.0013249579	0.0013642246	-0.0005508392	0.0006849011	-0.0013147675	0.0004962323	0.6666666666666666	0.8333333333333334	0.23762502	1
GLOM	MN	PT_injured	0.0012791904	0.0014161639	0.00044917167	0.0010336715	-0.0009955651	0.0018413769	0.5666666666666667	0.6666666666666666	0.13827707	2
GLOM	MN	STROMA	-0.0002374982	0.00029117815	-0.00012685916	0.00022719688	-0.0004569401	9.158409e-05	0.5	0.6666666666666666	-0.28064567	17
GLOM	MN	TCELL	-0.00059259316	0.000725564	-3.6025387e-05	0.00025929778	-0.0004533926	0.0003374479	0.5333333333333333	0.5	-0.4061539	5
GLOM	RPGN	BCELL	0.0002989318	0.00019126144	-2.2081627e-05	0.00013754696	-0.00016118171	0.00020539793	0.4666666666666667	0.5	0.32967335	11
GLOM	RPGN	CNT_PC	0.00034303503	0.00034674993	-5.6157343e-05	0.00014606536	-0.00031823307	0.00011281334	0.6	0.3333333333333333	-0.016753431	8
GLOM	RPGN	DC	-0.0002601593	0.00041157813	0.00019262132	0.00026486744	-2.4871075e-05	0.0006551059	0.4	0.16666666666666666	0.5463554	12
GLOM	RPGN	DCT	0.00022726893	0.00045316166	0.00023929267	0.000274351	-3.483786e-05	0.00072065194	0.6666666666666666	0.8333333333333334	-0.22102429	13
GLOM	RPGN	ENDO_ART	0.0001555298	0.0003406157	4.547167e-05	0.00024971925	-0.00025301444	0.00049948087	0.6333333333333333	0.5	0.010842496	17
GLOM	RPGN	ENDO_GC	3.4963545e-05	0.00012780182	-2.040406e-05	0.00020586394	-0.00030353418	0.00022463649	0.43333333333333335	0.5	-0.07966072	19
GLOM	RPGN	ENDO_PT	9.833197e-05	0.00021815117	4.9851962e-05	0.000228761	-0.0003385293	0.00031892554	0.5333333333333333	0.6666666666666666	0.01598018	18
GLOM	RPGN	IC	-0.0001987463	0.00043118015	4.958484e-05	0.00012864995	-9.5980045e-05	0.0002108942	0.36666666666666664	0.5	0.07931568	14
GLOM	RPGN	LOH	-0.00017038795	0.00038743246	-9.806294e-05	0.00010958138	-0.00027584593	-4.8353394e-07	0.6666666666666666	1.0	-0.32179135	15
GLOM	RPGN	MAC	0.0005722925	0.00044999554	-5.804976e-05	0.00014510944	-0.00024894258	0.00010567056	0.5	0.5	0.65882105	3
GLOM	RPGN	MAST	-0.00037215027	0.00028768228	-4.3559532e-05	6.776887e-05	-0.00015179902	3.499548e-05	0.7	0.6666666666666666	0.11034818	7
GLOM	RPGN	MES	0.00031824844	0.0001658791	-1.618269e-05	0.0001620501	-0.00012965871	0.00021962605	0.43333333333333335	0.3333333333333333	-0.09022104	9
GLOM	RPGN	NK	2.2725962e-05	8.24464e-05	8.490487e-05	9.2528935e-05	-3.438576e-05	0.00023702106	0.6666666666666666	0.8333333333333334	0.169413	20
GLOM	RPGN	PEC	0.00043663857	0.00031914722	1.3951163e-06	0.00015353721	-0.00015297491	0.00029606654	0.43333333333333335	0.16666666666666666	0.11435203	5
GLOM	RPGN	PERI	-0.0005410156	0.0005933158	0.00010808147	0.00029812794	-0.00017078838	0.0006907887	0.43333333333333335	0.3333333333333333	-0.06887241	4
GLOM	RPGN	PODO	0.00030201586	0.00025000738	9.63127e-05	0.00022548324	-0.00027474933	0.00039055373	0.6666666666666666	0.6666666666666666	-0.17648456	10
GLOM	RPGN	PT	0.0009500867	0.0008438134	-5.7675305e-05	0.00053499563	-0.0007540392	0.00059768267	0.6	0.6666666666666666	-0.53122103	1
GLOM	RPGN	PT_injured	-0.00091218355	0.00091289304	0.00017488404	0.0008087251	-0.00081660337	0.0012632029	0.5333333333333333	0.6666666666666666	-0.42011452	2
GLOM	RPGN	STROMA	0.00015830647	0.00018345215	-7.5298253e-06	0.00016974781	-0.00029908042	0.00014516943	0.5333333333333333	0.5	0.2844421	16
GLOM	RPGN	TCELL	0.0003938113	0.00045574896	3.8061076e-05	6.2595034e-05	-4.233932e-05	0.00012152268	0.5	0.6666666666666666	0.3816592	6
GLOM	IgAN	BCELL	-0.0001961193	6.333502e-05	-0.00020433306	0.0002930483	-0.0006460431	0.00010710578	0.7	0.6666666666666666	0.21373066	15
GLOM	IgAN	CNT_PC	-0.00030059784	0.00024369867	-1.6932094e-05	0.0004696489	-0.00054095354	0.00084386236	0.5666666666666667	0.6666666666666666	-0.1338502	7
GLOM	IgAN	DC	0.00020513425	0.0001973714	-0.00038447263	0.00040447683	-0.00091373705	3.448748e-05	0.26666666666666666	0.16666666666666666	0.38850465	14
GLOM	IgAN	DCT	-0.00024608162	0.00028006485	-0.00038276784	0.00040878705	-0.0008132115	0.00020656634	0.7	0.6666666666666666	-0.2200166	9
GLOM	IgAN	ENDO_ART	-0.00015011859	0.00017849903	-9.6559095e-05	0.000714901	-0.001169577	0.0007718821	0.6666666666666666	0.5	0.33166924	16
GLOM	IgAN	ENDO_GC	-8.264795e-06	6.0636572e-05	0.00018555186	0.00020674973	-9.009343e-05	0.0004458569	0.3333333333333333	0.16666666666666666	0.13899973	19
GLOM	IgAN	ENDO_PT	-0.0001118683	0.0001375	-0.0002769643	0.00034724156	-0.0007437782	0.00012890641	0.7	0.8333333333333334	0.30660182	18
GLOM	IgAN	IC	0.00022555355	0.00027479112	-8.216567e-05	0.0003888949	-0.0007992275	0.00032128542	0.3333333333333333	0.3333333333333333	-0.07963986	11
GLOM	IgAN	LOH	0.00021384023	0.00026165432	-1.34847e-05	0.00023740817	-0.00036804032	0.00028886212	0.4666666666666667	0.6666666666666666	-0.21716744	13
GLOM	IgAN	MAC	-0.00043986746	0.0002680307	9.291089e-05	0.00030142703	-0.00031723588	0.00058661273	0.4666666666666667	0.5	0.3808274	4
GLOM	IgAN	MAST	0.00027847968	0.00015871802	-1.5002782e-06	0.00019059905	-0.00031525627	0.00023247089	0.5666666666666667	0.5	0.24261011	8
GLOM	IgAN	MES	-0.00021992244	7.312386e-05	-0.00011853091	0.00024740704	-0.0004326474	0.00017212651	0.4666666666666667	0.5	0.2194315	12
GLOM	IgAN	NK	3.5685607e-06	3.9922576e-05	-0.0002595421	0.00038522962	-0.0009409083	0.00012540356	0.3	0.3333333333333333	0.19121137	20
GLOM	IgAN	PEC	-0.0003436575	0.0002011881	-0.00027604797	0.00026024017	-0.0005243124	6.588244e-05	0.7333333333333333	0.6666666666666666	-0.11210854	6
GLOM	IgAN	PERI	0.0004953854	0.0004194894	0.00027870305	0.0004059837	-0.00024542582	0.000691524	0.6	0.6666666666666666	0.09726623	3
GLOM	IgAN	PODO	-0.00023588313	0.00014879838	-0.00021349698	0.00015816279	-0.00043144225	2.0076353e-05	0.7	0.8333333333333334	-0.46025056	10
GLOM	IgAN	PT	-0.0008113296	0.00058041664	5.0239167e-05	0.0010099884	-0.0012732636	0.0011863234	0.6333333333333333	0.5	-0.27445897	1
GLOM	IgAN	PT_injured	0.000795971	0.0006030292	-0.00026405163	0.0015623086	-0.0018809673	0.0017868138	0.5	0.5	-0.24705096	2
GLOM	IgAN	STROMA	-0.00014889214	0.0001285307	-8.856121e-06	0.00037267353	-0.0004479199	0.0005665197	0.5	0.5	0.26303035	17
GLOM	IgAN	TCELL	-0.00036616158	0.00031407614	1.9800043e-05	0.0004170749	-0.00036715632	0.00083143887	0.5333333333333333	0.8333333333333334	0.28228173	5
GLOM	LN	BCELL	0.000115471856	0.00012068505	8.699295e-05	9.561866e-05	-7.415932e-05	0.00015991094	0.76	0.8	0.3990478	15
GLOM	LN	CNT_PC	0.0002021802	0.00028494754	5.7011202e-05	0.00026045582	-0.0003525486	0.00036972968	0.6	0.8	-0.17435643	7
GLOM	LN	DC	-0.00014762577	0.00019883347	0.00028764427	0.00048353526	-3.716883e-05	0.0011179118	0.24	0.4	0.6979154	12
GLOM	LN	DCT	0.00016347699	0.00025331567	4.1933155e-05	0.00016356166	-0.0001296258	0.00025682297	0.68	0.6	-0.28751898	9
GLOM	LN	ENDO_ART	9.694424e-05	0.00016176698	-8.877805e-05	0.0002941967	-0.00045817872	0.00030696392	0.56	0.4	0.370073	17
GLOM	LN	ENDO_GC	3.723355e-06	2.7504702e-05	-0.00018042924	0.00014534836	-0.00032463865	4.8437923e-05	0.2	0.2	0.12594026	20
GLOM	LN	ENDO_PT	7.980554e-05	0.00013061771	0.0002863462	0.00029699592	-2.5918862e-05	0.0006872113	0.8	0.8	0.3539927	18
GLOM	LN	IC	-0.00015862327	0.00025582206	-3.1849836e-06	0.00015272666	-0.00019438154	0.00016409977	0.4	0.4	-0.08391569	10
GLOM	LN	LOH	-0.00015561482	0.00024231074	-1.2577036e-05	8.410172e-05	-0.00012000266	0.00011338181	0.48	0.6	-0.29329398	11
GLOM	LN	MAC	0.00028808136	0.00035870587	-2.0273434e-05	0.00022318373	-0.0003982641	0.00019612307	0.44	0.8	0.7177904	4
GLOM	LN	MAST	-0.00017966592	0.0002184196	-0.000113799804	0.0001057804	-0.00029980435	-3.774851e-05	0.72	1.0	0.2588324	8
GLOM	LN	MES	0.0001300587	0.0001466593	2.1598424e-05	0.00026909233	-0.00042893426	0.00019795012	0.52	0.6	0.20575282	14
GLOM	LN	NK	-8.382456e-06	2.5612588e-05	-5.3544652e-05	0.00022706312	-0.00043991636	0.00010681547	0.4	0.4	0.41244015	19
GLOM	LN	PEC	0.00022298237	0.0002707816	0.00012253372	0.00013283151	1.9905972e-05	0.00030540145	0.72	1.0	0.016264502	6
GLOM	LN	PERI	-0.00033405118	0.00047112667	-9.290817e-05	0.00021741231	-0.00036688003	0.00010658832	0.56	0.4	0.14888598	3
GLOM	LN	PODO	0.00014403037	0.00018756154	0.00015257791	0.00014426793	5.1509805e-06	0.00037811967	0.8	1.0	-0.40592378	13
GLOM	LN	PT	0.0005451781	0.00070027885	0.0003633062	0.0004237975	-0.00021482419	0.0008163617	0.6	0.8	-0.59413064	1
GLOM	LN	PT_injured	-0.0005436627	0.000698422	-0.00037458743	0.0005951795	-0.0011819991	0.00044775807	0.6	0.8	-0.50555295	2
GLOM	LN	STROMA	0.00010308223	0.00014250673	8.6909815e-05	0.00019346163	-0.0001897652	0.00032449397	0.48	0.8	0.32470185	16
GLOM	LN	TCELL	0.0002528808	0.00035532913	9.265222e-06	0.00021249549	-0.00025206985	0.0002803452	0.44	0.6	0.4512615	5
GLOM	HT	BCELL	0.00012406822	3.6411067e-05	7.421128e-05	9.024126e-05	-3.7864975e-05	0.00016175813	0.76	0.6	-0.38236386	14
GLOM	HT	CNT_PC	0.00018596917	0.00015104584	-0.00010457353	0.00021008922	-0.00032666425	0.00013072256	0.56	0.4	-0.18558145	7
GLOM	HT	DC	-0.00012314387	0.00013746714	0.0003975387	0.00037279862	1.1325433e-05	0.0010081718	0.28	0.0	-0.34561253	15
GLOM	HT	DCT	0.00015150462	0.00016785308	0.00014928277	0.00019435867	-8.3859806e-05	0.00033845627	0.76	0.6	-0.018563982	9
GLOM	HT	ENDO_ART	9.5901094e-05	0.0001123355	-8.0124955e-05	0.0001687954	-0.00028852854	0.00010164259	0.56	0.4	0.013909761	16
GLOM	HT	ENDO_GC	5.412003e-06	3.708288e-05	-0.00010001312	0.000105652325	-0.0002530042	1.3934698e-05	0.24	0.2	0.48161	19
GLOM	HT	ENDO_PT	6.8046545e-05	8.5392756e-05	0.00025296863	0.00023266529	8.078365e-05	0.0006454672	0.8	1.0	0.33632457	18
GLOM	HT	IC	-0.00013776714	0.00016818839	8.245133e-05	0.00016287804	-0.00013422094	0.0003078189	0.24	0.2	-0.17641649	12
GLOM	HT	LOH	-0.0001272234	0.00016080751	-2.1004225e-05	0.00010424305	-0.0001447641	0.00012989348	0.56	0.6	0.04855506	13
GLOM	HT	MAC	0.000272019	0.00017058683	-0.00012525768	0.00018131363	-0.00034795344	6.1170336e-05	0.44	0.4	-0.35796946	4
GLOM	HT	MAST	-0.00017210803	0.00010143792	-6.334408e-05	0.00014921256	-0.0002818631	0.000118721255	0.72	0.6	-0.33388582	8
GLOM	HT	MES	0.00014009725	4.2210402e-05	-6.455543e-05	0.00021402295	-0.00040778416	0.00018465942	0.44	0.2	0.2511739	11
GLOM	HT	NK	-4.2080575e-07	2.7007463e-05	1.658015e-05	0.0002697693	-0.0003951622	0.00036150328	0.4	0.2	0.15045317	20
GLOM	HT	PEC	0.00021172773	0.00012432452	9.693216e-05	0.00011324307	-1.1485149e-05	0.0002438735	0.8	0.8	-0.14163516	6
GLOM	HT	PERI	-0.00030517858	0.00025783226	-2.7103579e-05	0.00013627556	-0.00022242735	0.00010952669	0.56	0.6	0.03322977	3
GLOM	HT	PODO	0.00015033304	9.0009475e-05	0.00017351944	0.0001231209	4.691395e-05	0.0003736596	0.8	1.0	0.60357213	10
GLOM	HT	PT	0.00049507985	0.0003620668	0.0001159555	0.00046865942	-0.00046991842	0.00063481607	0.56	0.6	0.11790745	1
GLOM	HT	PT_injured	-0.00048183516	0.00038188454	-1.1459796e-05	0.0005899652	-0.0006249868	0.00076070963	0.52	0.6	-0.024655892	2
GLOM	HT	STROMA	9.051237e-05	8.093857e-05	0.00012352694	0.00013659753	-1.1996963e-05	0.00033258216	0.64	0.8	-0.41430318	17
GLOM	HT	TCELL	0.00022318093	0.00019842193	-9.094521e-05	0.00016731027	-0.00033833162	4.3152348e-05	0.52	0.6	-0.33573553	5
TUB	DKD	BCELL	0.0009320546	0.0032517703	0.0012250033	0.0014169825	-0.0003597938	0.004108395	0.6888888888888889	0.6666666666666666	0.3058907	12
TUB	DKD	CNT_PC	-1.4440809e-05	0.0033317024	-0.00030150052	0.0010427905	-0.002177778	0.0010443239	0.6	0.5555555555555556	0.30205795	20
TUB	DKD	DC	-0.00089500594	0.0015183226	0.0008213543	0.0026693624	-0.0010373238	0.0072934986	0.4666666666666667	0.5555555555555556	0.46053326	13
TUB	DKD	DCT	-0.005317371	0.001728853	-0.001975706	0.001702589	-0.004649806	0.00039614597	0.7777777777777778	0.7777777777777778	-0.4706964	2
TUB	DKD	ENDO_ART	0.0032392717	0.0032227372	0.0009606905	0.0020286283	-0.00041634007	0.006081174	0.5777777777777777	0.5555555555555556	0.46391845	3
TUB	DKD	ENDO_GC	-0.00065281877	0.00085714797	0.0011710466	0.0012464497	5.1266516e-06	0.0035111823	0.26666666666666666	0.0	-0.056076568	16
TUB	DKD	ENDO_PT	-0.0009511712	0.0011444261	-0.0007247561	0.0015505776	-0.0038616476	0.0013657922	0.6666666666666666	0.6666666666666666	0.3580249	11
TUB	DKD	IC	0.0019079761	0.001393413	0.00036606897	0.0013620914	-0.0013392133	0.0035232496	0.6	0.6666666666666666	-0.26140413	8
TUB	DKD	LOH	-0.0016339503	0.0035009442	-0.00015154439	0.00058889965	-0.0010465728	0.00049177685	0.5555555555555556	0.4444444444444444	0.3518152	9
TUB	DKD	MAC	-0.0030460053	0.0008516949	-0.0013544427	0.0011857854	-0.0038537923	-6.692746e-05	0.7777777777777778	1.0	0.2883272	4
TUB	DKD	MAST	0.002954552	0.006977966	-0.00017578804	0.0017781608	-0.004509823	0.0017450296	0.35555555555555557	0.5555555555555556	0.56695837	6
TUB	DKD	MES	0.006089972	0.0045194714	0.0020924897	0.0036393788	-0.00075155275	0.010758008	0.6444444444444445	0.6666666666666666	0.22648567	1
TUB	DKD	NK	-0.0011160497	0.0027832948	-0.0013076114	0.0018385048	-0.0045909984	0.0010247055	0.6888888888888889	0.7777777777777778	0.315644	10
TUB	DKD	PEC	0.00047115475	0.005864699	0.00084265065	0.0012118829	-0.00013529703	0.0029502467	0.7111111111111111	0.6666666666666666	0.23690519	17
TUB	DKD	PERI	-0.00029740453	0.0025697765	0.0007673416	0.0010017086	-0.0007966265	0.0022280286	0.35555555555555557	0.2222222222222222	0.28716645	18
TUB	DKD	PODO	-0.002713731	0.0013950326	-0.0023247164	0.002491684	-0.007943766	-2.1888862e-05	0.9111111111111111	1.0	-0.48968694	7
TUB	DKD	PT	0.00029401504	0.00070054084	0.00023319725	0.000639806	-0.00040800328	0.0015322742	0.4666666666666667	0.5555555555555556	-0.5162795	19
TUB	DKD	PT_injured	-0.0008447796	0.0010351985	-0.001267984	0.0011305843	-0.0031428232	0.0001393011	0.7333333333333333	0.8888888888888888	-0.30978283	14
TUB	DKD	STROMA	-0.002991956	0.0035924343	-0.0015952478	0.0018832046	-0.0055435174	0.00021917203	0.7555555555555555	0.7777777777777778	0.5662635	5
TUB	DKD	TCELL	-0.0007763306	0.006206167	-0.00126961	0.0018676574	-0.0052144746	0.0011948969	0.5555555555555556	0.6666666666666666	0.3586132	15
TUB	FSGS	BCELL	0.00019945196	0.0015886449	0.00048725805	0.0009670693	-0.0014586311	0.0015189915	0.6444444444444445	0.6666666666666666	0.13019581	18
TUB	FSGS	CNT_PC	-0.00063341286	0.0019084559	-0.0008323659	0.0012173625	-0.002520334	0.00045870207	0.6666666666666666	0.5555555555555556	0.036407564	14
TUB	FSGS	DC	-0.0010117234	0.0016930514	0.00025911644	0.001380289	-0.0011077668	0.0028636535	0.5111111111111111	0.6666666666666666	0.13885003	9
TUB	FSGS	DCT	-0.004491672	0.0011937341	-0.0021352156	0.0013647543	-0.0042377533	0.00013549774	0.8444444444444444	0.8888888888888888	-0.107884414	1
TUB	FSGS	ENDO_ART	0.0029090124	0.0032767705	0.0016585793	0.0017755931	-0.00088683673	0.0043521505	0.6888888888888889	0.7777777777777778	0.11632786	5
TUB	FSGS	ENDO_GC	-0.00042844648	0.0006971871	0.0014683584	0.0012105266	0.00024242171	0.0035561651	0.17777777777777778	0.0	-0.0052452222	16
TUB	FSGS	ENDO_PT	-0.00064517313	0.00081342505	-0.0013838992	0.0013994921	-0.0038466689	0.00022596396	0.7555555555555555	0.7777777777777778	0.084398314	13
TUB	FSGS	IC	0.0017292378	0.0015045194	0.00069523434	0.00075350096	-0.0001411869	0.0019783885	0.6444444444444445	0.6666666666666666	-0.0036402198	8
TUB	FSGS	LOH	-0.0006570608	0.0013420612	0.00027440308	0.0009479048	-0.00089531287	0.0015861944	0.4666666666666667	0.4444444444444444	0.056205984	12
TUB	FSGS	MAC	-0.0029539843	0.0014386247	-0.0014777181	0.0010023618	-0.002881493	4.466367e-05	0.7777777777777778	0.8888888888888888	0.014070705	4
TUB	FSGS	MAST	0.00096121524	0.002981278	0.00019725728	0.0014482586	-0.002501425	0.0029052598	0.4444444444444444	0.6666666666666666	0.26678428	11
TUB	FSGS	MES	0.0044200383	0.0016708204	0.0015106705	0.0025411292	-0.00054629974	0.0075331046	0.6666666666666666	0.7777777777777778	0.037098624	2
TUB	FSGS	NK	-0.00036358452	0.0019112177	-0.0008555434	0.0015808814	-0.0043799705	0.0016472712	0.6888888888888889	0.7777777777777778	0.12740059	17
TUB	FSGS	PEC	0.0020319058	0.003260862	0.0010227659	0.0020542694	-0.0024461925	0.0049547777	0.6666666666666666	0.6666666666666666	0.10155221	7
TUB	FSGS	PERI	0.0001363141	0.0017509455	0.0006493516	0.0004995279	-9.994581e-05	0.001189604	0.6444444444444445	0.8888888888888888	0.022354927	20
TUB	FSGS	PODO	-0.0027078195	0.0017354962	-0.0018789792	0.0018534892	-0.0055177547	0.00044467935	0.8222222222222222	0.8888888888888888	-0.13111891	6
TUB	FSGS	PT	0.00014185537	0.0006424225	0.00016148888	0.0004914793	-0.000467168	0.001055069	0.4666666666666667	0.5555555555555556	-0.15112221	19
TUB	FSGS	PT_injured	-0.0009894359	0.00076139526	-0.001064321	0.0007845305	-0.0022232227	-2.871661e-05	0.7333333333333333	1.0	-0.16193296	10
TUB	FSGS	STROMA	-0.003000156	0.00298942	-0.0014881962	0.0017127412	-0.0049561155	0.00028096343	0.7555555555555555	0.7777777777777778	0.16533855	3
TUB	FSGS	TCELL	0.0005671329	0.0031446684	-0.00031879696	0.0014681526	-0.0021586756	0.00238133	0.4888888888888889	0.4444444444444444	0.13889432	15
TUB	MCD	BCELL	-0.00026673544	0.00076723273	-0.0004888816	0.0009892617	-0.002624097	0.00037014805	0.5333333333333333	0.5555555555555556	-0.4685407	12
TUB	MCD	CNT_PC	-0.00033001203	0.0006565143	0.00018587374	0.0013594512	-0.0027186144	0.0024656882	0.4	0.3333333333333333	0.04038459	10
TUB	MCD	DC	-0.0006863511	0.0014895743	-0.0007326096	0.0012927704	-0.0030124246	0.0009022044	0.6	0.6666666666666666	-0.60320187	3
TUB	MCD	DCT	-0.0006426988	0.0027284678	-0.00031571684	0.00093183515	-0.0021211833	0.0011456909	0.5555555555555556	0.5555555555555556	0.40514183	5
TUB	MCD	ENDO_ART	-0.00042983826	0.00081201503	0.00023414224	0.0012127535	-0.0019632424	0.002264716	0.37777777777777777	0.5555555555555556	-0.25877672	8
TUB	MCD	ENDO_GC	-0.0001417974	0.0006356395	-0.0003615433	0.00080177106	-0.0019781408	0.0006403682	0.4888888888888889	0.5555555555555556	0.022437848	18
TUB	MCD	ENDO_PT	0.00023955907	0.00038897054	-0.0006860453	0.0006614024	-0.0016612556	9.284513e-05	0.37777777777777777	0.1111111111111111	-0.19910741	15
TUB	MCD	IC	0.0005737863	0.0015961935	0.0008185491	0.00092315715	-3.6559802e-06	0.0027120484	0.8222222222222222	0.8888888888888888	0.18170962	6
TUB	MCD	LOH	0.00048457662	0.00090350886	-0.00016755039	0.00065843726	-0.00096809474	0.0013147519	0.35555555555555557	0.3333333333333333	0.069268905	7
TUB	MCD	MAC	-0.00035269017	0.0010798753	-7.2857074e-05	0.0006840387	-0.00078149	0.0014208594	0.6	0.6666666666666666	-0.53976125	9
TUB	MCD	MAST	-0.00026034666	0.0023728523	-1.7008327e-06	0.0009047331	-0.0008805953	0.0021921943	0.6	0.6666666666666666	-0.4567089	13
TUB	MCD	MES	-0.00025815968	0.0020732842	-0.0004081509	0.001638278	-0.003597028	0.0017289097	0.5111111111111111	0.4444444444444444	-0.25669786	14
TUB	MCD	NK	0.0007729189	0.0011105932	0.0009586908	0.0014126262	-0.0011620581	0.0034124576	0.4444444444444444	0.7777777777777778	-0.51654	2
TUB	MCD	PEC	0.00094884465	0.0012182392	0.00041838494	0.0009987585	-0.0009565128	0.0022236411	0.7111111111111111	0.6666666666666666	-0.35664383	1
TUB	MCD	PERI	-0.00013864576	0.0009175037	0.00010595302	0.00085155666	-0.0007012791	0.0021104692	0.35555555555555557	0.4444444444444444	-0.120642684	19
TUB	MCD	PODO	-0.00020438599	0.000678531	3.3889533e-05	0.0008090359	-0.0010856036	0.0015357472	0.6444444444444445	0.7777777777777778	0.11081745	17
TUB	MCD	PT	0.00010199742	0.00044424756	0.0002255952	0.00052099564	-0.00066380465	0.0011595313	0.5555555555555556	0.5555555555555556	0.45443732	20
TUB	MCD	PT_injured	-0.00023587444	0.00044773737	0.0003120022	0.001051425	-0.0010884325	0.0025578258	0.5555555555555556	0.4444444444444444	0.3455218	16
TUB	MCD	STROMA	-0.00028201388	0.00089528953	0.00046006296	0.0013677875	-0.0005909468	0.0035185125	0.5333333333333333	0.5555555555555556	-0.49489698	11
TUB	MCD	TCELL	0.0006584971	0.0013260032	0.00067677244	0.0016048821	-0.001803894	0.0038998916	0.5777777777777777	0.6666666666666666	-0.5428351	4
TUB	MN	BCELL	-0.0012291817	0.0018345849	0.0006011424	0.0017378979	-0.0008346591	0.003981421	0.4666666666666667	0.5555555555555556	-0.22118576	8
TUB	MN	CNT_PC	-0.0013936625	0.0020328811	0.00033700655	0.0017582336	-0.002134897	0.004114777	0.5555555555555556	0.5555555555555556	-0.10001851	6
TUB	MN	DC	0.00039886148	0.00084901054	-0.0003026244	0.0018010807	-0.004609382	0.0019584268	0.37777777777777777	0.5555555555555556	-0.2694242	14
TUB	MN	DCT	0.000265963	0.0037908948	-0.00017419374	0.0016231508	-0.003187909	0.003064112	0.4222222222222222	0.2222222222222222	0.07638375	15
TUB	MN	ENDO_ART	0.0016410153	0.003373034	-0.0006350994	0.003813629	-0.010598285	0.002057849	0.5555555555555556	0.6666666666666666	-0.24565893	5
TUB	MN	ENDO_GC	0.0002315098	0.0006476479	-0.0005397262	0.002256086	-0.006012564	0.0021903994	0.3111111111111111	0.2222222222222222	0.009143433	16
TUB	MN	ENDO_PT	-3.8054307e-06	0.00089839095	0.0012978448	0.0027925866	-0.00089083484	0.008474566	0.4222222222222222	0.2222222222222222	-0.104097664	20
TUB	MN	IC	-0.00059860933	0.0011224614	-0.0005812639	0.00085949403	-0.002317053	5.716693e-05	0.5111111111111111	0.7777777777777778	-0.052958716	11
TUB	MN	LOH	0.0009242708	0.0021431716	-2.5097597e-05	0.0011923193	-0.0026289136	0.0019303232	0.5111111111111111	0.5555555555555556	0.07008691	9
TUB	MN	MAC	-0.0005906759	0.0020918304	-3.135362e-06	0.00089243206	-0.0012926428	0.0017790288	0.5333333333333333	0.6666666666666666	-0.26909092	12
TUB	MN	MAST	-0.0023810524	0.003801335	-0.0019012179	0.0026978285	-0.007982768	-4.948599e-05	0.7111111111111111	1.0	-0.21163459	2
TUB	MN	MES	7.705856e-05	0.0057155415	0.0014152139	0.0024395138	-0.0012151689	0.0073248325	0.6444444444444445	0.8888888888888888	0.04460399	19
TUB	MN	NK	-0.00010399555	0.0019506158	0.00032894406	0.0037765119	-0.0035507132	0.009274392	0.4444444444444444	0.5555555555555556	-0.336204	18
TUB	MN	PEC	0.001816734	0.002634266	0.0015499571	0.0027383822	-0.00038134385	0.008234171	0.6444444444444445	0.6666666666666666	0.049952827	4
TUB	MN	PERI	0.0012652383	0.0012858874	-0.0005528988	0.0019528334	-0.0055081714	0.0011147836	0.5333333333333333	0.4444444444444444	-0.017590648	7
TUB	MN	PODO	-0.00083162077	0.0019315957	-0.0009093893	0.0014331033	-0.0036099893	0.00033549994	0.4888888888888889	0.6666666666666666	0.13721131	10
TUB	MN	PT	-0.00019016187	0.00038699465	-0.00032121188	0.0011349524	-0.0028754005	0.0014429674	0.6	0.7777777777777778	0.2828296	17
TUB	MN	PT_injured	-0.0004778786	0.00095111283	-0.0002933737	0.0016980019	-0.0034391799	0.0022203105	0.5333333333333333	0.3333333333333333	0.30557615	13
TUB	MN	STROMA	-0.0018440842	0.004019064	-0.00058862066	0.0018887173	-0.0042098947	0.0029452587	0.5111111111111111	0.6666666666666666	-0.17294773	3
TUB	MN	TCELL	0.0024063736	0.003507506	-0.0004932449	0.0028263784	-0.005596198	0.0028092721	0.5111111111111111	0.6666666666666666	-0.25375366	1
TUB	RPGN	BCELL	-0.000705421	0.0017083498	-0.00044985733	0.00098516	-0.0017971821	0.0016485138	0.7333333333333333	0.7777777777777778	0.26915786	9
TUB	RPGN	CNT_PC	-0.0003885926	0.0015391	0.00026057495	0.00069182646	-0.0004078119	0.0017331665	0.4222222222222222	0.3333333333333333	-0.074523285	15
TUB	RPGN	DC	0.00017027787	0.00018738375	-0.00046576798	0.00089454383	-0.0020980174	0.0005648671	0.4666666666666667	0.3333333333333333	0.48025438	18
TUB	RPGN	DCT	0.0018992018	0.0017024458	0.00083239074	0.000564918	2.388138e-06	0.0017157758	0.8222222222222222	1.0	-0.37547928	2
TUB	RPGN	ENDO_ART	-0.0011408774	0.0007562313	-0.0007479086	0.0018253564	-0.0054426217	0.0004975995	0.6666666666666666	0.6666666666666666	-0.01796644	4
TUB	RPGN	ENDO_GC	0.00023113347	0.00044559082	-0.0006594308	0.0006540694	-0.0020122516	-2.2981321e-05	0.3111111111111111	0.0	-0.12193968	17
TUB	RPGN	ENDO_PT	0.00047213823	0.0006124009	0.00074597896	0.0013170425	-0.00018056508	0.0039611636	0.7111111111111111	0.6666666666666666	0.02729332	13
TUB	RPGN	IC	-0.0006569772	0.0006258307	-0.00023813189	0.00065035594	-0.0015766775	0.00064363686	0.6	0.4444444444444444	0.04245452	12
TUB	RPGN	LOH	0.0009973831	0.0020226499	-0.00013341964	0.0005799999	-0.0014852711	0.00037733777	0.5111111111111111	0.4444444444444444	-0.15112057	6
TUB	RPGN	MAC	0.000975464	0.00045468615	0.000528486	0.0003894008	-6.013611e-05	0.001042851	0.7333333333333333	0.8888888888888888	0.56978565	7
TUB	RPGN	MAST	-0.001647314	0.0040787556	-0.00067673525	0.0012635128	-0.0039015054	0.00019417665	0.4888888888888889	0.7777777777777778	0.23718874	3
TUB	RPGN	MES	-0.002443369	0.003010624	-0.000394372	0.0008163347	-0.0016227526	0.0006848887	0.7555555555555555	0.5555555555555556	0.061156426	1
TUB	RPGN	NK	0.00070283	0.0013197829	0.00094045856	0.0015124363	-0.0008245578	0.0044691567	0.7333333333333333	0.7777777777777778	0.35462824	10
TUB	RPGN	PEC	0.0004442736	0.0030750956	0.0005053183	0.0018140674	-0.0008564691	0.0051466776	0.4222222222222222	0.5555555555555556	0.28221387	14
TUB	RPGN	PERI	0.00029559463	0.0011509022	-0.00082421745	0.0011612764	-0.003735892	7.064056e-05	0.3111111111111111	0.1111111111111111	-0.1972776	16
TUB	RPGN	PODO	0.00086080655	0.0004863397	0.0006006096	0.00072519033	-0.0007381238	0.0014683297	0.7777777777777778	0.7777777777777778	-0.065641835	8
TUB	RPGN	PT	-9.893421e-05	0.00031319336	-0.00026143712	0.0006100575	-0.0018104945	0.00014616786	0.5111111111111111	0.4444444444444444	-0.49879664	20
TUB	RPGN	PT_injured	0.00015634838	0.00037506572	0.0005639283	0.00048356238	2.5737181e-05	0.0013455267	0.7333333333333333	1.0	-0.31263244	19
TUB	RPGN	STROMA	0.0007024145	0.0008077385	0.00037529174	0.00051404355	-0.0004689225	0.001001762	0.7555555555555555	0.7777777777777778	0.28532562	11
TUB	RPGN	TCELL	0.0010118365	0.0031238506	0.00045184683	0.0015594896	-0.0031662087	0.0023271397	0.5333333333333333	0.6666666666666666	0.40010723	5
TUB	IgAN	BCELL	-0.00017225552	0.00031766033	0.00022936848	0.00038111294	-0.00014197189	0.00082428346	0.4444444444444444	0.4444444444444444	-0.1418692	13
TUB	IgAN	CNT_PC	-0.00032155597	0.00039219134	9.1448324e-05	0.0004668353	-0.0003990655	0.001250715	0.6	0.4444444444444444	-0.08153462	9
TUB	IgAN	DC	-0.00027963164	0.0005825618	-7.7536046e-05	0.0009183048	-0.0013832035	0.002029263	0.4666666666666667	0.6666666666666666	-0.20249441	11
TUB	IgAN	DCT	-0.0007664521	0.0009372571	-0.0003905695	0.0007010179	-0.0011373989	0.0010883636	0.7777777777777778	0.7777777777777778	0.22344919	1
TUB	IgAN	ENDO_ART	0.00042899573	0.0009153063	-5.380497e-05	0.0014703635	-0.0034782593	0.0020776507	0.5555555555555556	0.6666666666666666	-0.16895573	8
TUB	IgAN	ENDO_GC	-9.7098135e-05	0.00023703754	2.8276954e-05	0.0007089455	-0.0016239304	0.0010507619	0.4888888888888889	0.4444444444444444	-0.25167784	17
TUB	IgAN	ENDO_PT	-1.594659e-05	0.0002068428	2.7954975e-06	0.0010718602	-0.001548181	0.0025069502	0.5111111111111111	0.4444444444444444	-0.20013186	20
TUB	IgAN	IC	0.00031604496	0.0005886353	0.00010810105	0.00047998488	-0.0007136754	0.0011094887	0.6444444444444445	0.6666666666666666	-0.05830983	10
TUB	IgAN	LOH	0.00012279901	0.00025014978	-0.000118874945	0.0002878473	-0.000851895	0.00013142906	0.4	0.3333333333333333	-0.10475446	15
TUB	IgAN	MAC	-0.0005256055	0.0004410439	-0.00021461183	0.000457739	-0.0011639367	0.0005144322	0.6444444444444445	0.7777777777777778	-0.23323233	5
TUB	IgAN	MAST	-7.078525e-05	0.0007157295	-0.00042885484	0.0008430898	-0.0023910801	0.00021498317	0.7333333333333333	0.6666666666666666	-0.2757135	18
TUB	IgAN	MES	0.0006062025	0.0010019377	0.0005495453	0.0012957411	-0.000711361	0.0037144297	0.5777777777777777	0.7777777777777778	-0.31132331	3
TUB	IgAN	NK	0.00012857464	0.00054811256	0.00023395935	0.0010143204	-0.0009077592	0.002758741	0.4888888888888889	0.6666666666666666	-0.09472412	14
TUB	IgAN	PEC	0.00059697335	0.00018621764	0.00067749317	0.00087141216	-0.000121641926	0.002560928	0.6888888888888889	0.8888888888888888	-0.29802704	4
TUB	IgAN	PERI	9.7207274e-05	0.00047215246	-9.370519e-05	0.0005923009	-0.0016036781	0.00034119975	0.6444444444444445	0.6666666666666666	-0.11475489	16
TUB	IgAN	PODO	-0.0004691774	0.0004036797	-0.0005737736	0.0007061987	-0.0023294631	5.9121267e-05	0.7777777777777778	0.7777777777777778	-0.12801798	7
TUB	IgAN	PT	4.938934e-05	0.00017638903	2.315139e-05	0.0003638767	-0.0008315848	0.0005106523	0.5111111111111111	0.5555555555555556	0.31678388	19
TUB	IgAN	PT_injured	-0.0002409454	0.00019449294	-0.00017226626	0.00035306418	-0.0004999875	0.000589143	0.7333333333333333	0.6666666666666666	0.2067008	12
TUB	IgAN	STROMA	-0.0007022179	0.00086974417	-0.0003175253	0.000785414	-0.0019327013	0.0010145063	0.7111111111111111	0.8888888888888888	-0.3077396	2
TUB	IgAN	TCELL	0.0004940781	0.0005818596	-0.0002699235	0.0006216223	-0.0014978687	0.0004135922	0.4666666666666667	0.4444444444444444	-0.18723014	6
TUB	LN	BCELL	2.8788369e-05	0.0010101527	-0.00012396414	0.0009443502	-0.0011687728	0.0020902166	0.28888888888888886	0.3333333333333333	-0.16725373	20
TUB	LN	CNT_PC	0.0004058037	0.0013117554	0.0003177188	0.00045382846	-0.00015762539	0.0012401819	0.6222222222222222	0.7777777777777778	-0.06085259	12
TUB	LN	DC	0.0001933561	0.00032982643	-0.00077646994	0.0012968729	-0.003593517	0.00041436878	0.4	0.3333333333333333	-0.22348358	17
TUB	LN	DCT	0.0017739397	0.00078674825	0.0005647969	0.0007047993	-0.00041883456	0.0016897746	0.8	0.8888888888888888	0.223925	2
TUB	LN	ENDO_ART	-0.0016023666	0.0019291731	-0.0009387826	0.0010598119	-0.0026824148	0.00023981297	0.6888888888888889	0.8888888888888888	-0.1799264	3
TUB	LN	ENDO_GC	0.00016221248	0.00022768383	-0.00050718244	0.00068959605	-0.0016985353	5.173505e-05	0.3333333333333333	0.3333333333333333	0.17570059	18
TUB	LN	ENDO_PT	0.00033325626	0.00026309057	0.0005479392	0.0008014456	-0.00023020827	0.002292266	0.6888888888888889	0.6666666666666666	-0.12618591	14
TUB	LN	IC	-0.0004886043	0.00034189716	-0.00034335078	0.00054424285	-0.0015225025	5.2397918e-05	0.6	0.7777777777777778	0.09549581	8
TUB	LN	LOH	0.0003059868	0.0006757968	-6.9309186e-05	0.00042162964	-0.00086952915	0.00043343013	0.5333333333333333	0.4444444444444444	-0.057739083	15
TUB	LN	MAC	0.0012271056	0.00088233623	0.00074586866	0.0005581372	6.032046e-05	0.0016843096	0.7111111111111111	1.0	-0.07512333	5
TUB	LN	MAST	-0.0003542052	0.0013707605	7.516609e-05	0.0011814	-0.0022426527	0.0023654657	0.37777777777777777	0.4444444444444444	-0.32736474	13
TUB	LN	MES	-0.0021506671	0.0018414033	-0.0007799911	0.0015747388	-0.004591167	0.00061625254	0.6444444444444445	0.6666666666666666	0.029536393	1
TUB	LN	NK	0.00042320657	0.00068382546	0.0009532044	0.0013331837	-0.0008334418	0.0033559918	0.6666666666666666	0.8888888888888888	-0.15789548	10
TUB	LN	PEC	-0.00067232084	0.0014663188	0.000118407625	0.0014106916	-0.00093446655	0.0036572113	0.6444444444444445	0.6666666666666666	-0.18276554	7
TUB	LN	PERI	-0.00026085443	0.0009788431	-0.0007305692	0.0010564731	-0.0033281292	1.9755582e-05	0.7555555555555555	0.8888888888888888	-0.13067341	16
TUB	LN	PODO	0.0011804954	0.0009985581	0.00080941035	0.0011850365	-0.00024080377	0.0036759838	0.8	0.7777777777777778	0.34878978	6
TUB	LN	PT	-4.9298676e-05	0.00020226522	-0.00023766661	0.00050897565	-0.0014327525	0.00023252964	0.4888888888888889	0.6666666666666666	0.2146464	19
TUB	LN	PT_injured	0.00043038893	0.0005391845	0.00047059212	0.00045215024	-5.550865e-05	0.0010726723	0.6666666666666666	0.7777777777777778	0.085953966	9
TUB	LN	STROMA	0.001575122	0.0023948073	0.0004781231	0.0008694716	-0.00037853402	0.0022427551	0.6888888888888889	0.6666666666666666	-0.28124544	4
TUB	LN	TCELL	-0.00041939836	0.002062605	-0.000116400806	0.0014144687	-0.0035390207	0.0013658626	0.37777777777777777	0.4444444444444444	-0.19415902	11
TUB	HT	BCELL	-7.1549715e-05	0.00040413285	-0.00014273095	0.00019685492	-0.00043159135	9.0435475e-05	0.7	0.625	-0.31353748	17
TUB	HT	CNT_PC	7.741349e-05	0.00046040645	7.7180914e-05	0.00025251534	-0.00013259763	0.00055201876	0.55	0.375	-0.18740807	15
TUB	HT	DC	0.00011235338	0.00017130174	1.0483691e-05	0.00035471233	-0.00054784847	0.00040356474	0.525	0.75	-0.3801876	14
TUB	HT	DCT	0.0007735736	0.00011675361	0.00042669714	0.00025598152	5.70519e-06	0.0007885975	0.875	1.0	0.32826525	2
TUB	HT	ENDO_ART	-0.00058173866	0.0005760388	-0.000106708336	0.00033535168	-0.0008868262	0.00021107138	0.625	0.5	-0.31742364	3
TUB	HT	ENDO_GC	7.328087e-05	0.0001018509	-0.0002471391	0.00025314814	-0.0007761898	-3.0104871e-05	0.275	0.0	-0.10416179	16
TUB	HT	ENDO_PT	0.00014593327	0.00012935401	5.83828e-05	0.0001495676	-0.00012845536	0.00033301226	0.725	0.625	-0.28444028	13
TUB	HT	IC	-0.0002562872	0.00016261154	-5.7300895e-05	0.00013058916	-0.00025419905	0.00017542251	0.6	0.625	0.05576831	8
TUB	HT	LOH	0.00018675462	0.00036880642	-1.50408505e-05	0.00014743349	-0.00028501105	0.00017079107	0.575	0.5	-0.20237917	10
TUB	HT	MAC	0.0004999732	0.00024922955	0.00023005888	0.00016825834	6.9754997e-06	0.0005131647	0.75	1.0	-0.3285031	5
TUB	HT	MAST	-0.00025943696	0.00076605653	4.907751e-05	0.00039677086	-0.00023377899	0.0009921811	0.425	0.75	-0.38796788	7
TUB	HT	MES	-0.0008822366	0.0005338668	-0.0004707052	0.0006767305	-0.0019308912	3.8180013e-05	0.75	0.875	-0.28730693	1
TUB	HT	NK	0.00016360024	0.00031096238	0.00016539345	0.0003615049	-0.00030868055	0.00075977447	0.675	0.625	-0.28496742	11
TUB	HT	PEC	-0.00022252408	0.00073700264	-0.00017532274	0.00026597723	-0.0007664515	4.6834943e-05	0.7	0.625	-0.22350538	9
TUB	HT	PERI	-3.2305375e-05	0.00035530006	-7.0962065e-05	0.00015313107	-0.00036624918	5.6096826e-05	0.625	0.5	-0.13408338	18
TUB	HT	PODO	0.00046759075	0.00031074358	0.00041939336	0.00040590353	5.447261e-06	0.0012977293	0.875	1.0	0.20181595	6
TUB	HT	PT	-2.3592127e-05	9.469679e-05	-1.2214984e-05	5.865129e-05	-0.00010435411	4.622261e-05	0.475	0.375	0.5680173	19
TUB	HT	PT_injured	0.00015487525	0.00016667937	0.0002531872	0.00019942455	-5.2903926e-07	0.000580787	0.825	0.875	0.38347885	12
TUB	HT	STROMA	0.0005349311	0.0006695386	0.00033846812	0.00039731312	-2.9811625e-05	0.0011642008	0.825	0.875	-0.405946	4
TUB	HT	TCELL	-2.051252e-05	0.00079321663	0.00010782409	0.00033278755	-0.00027824673	0.0006282393	0.45	0.5	-0.37772086	20
