compartment	head	key_programs	top_up_genes	top_down_genes	n_key_genes	n_sex_chrom_key_genes	gene_spearman_e1_median	gene_jaccard_top100_e1_median	program_proj_spearman_e1_median	program_literal_spearman_e1_median	spearman_pi_vs_stage13_kpmp_z	sign_agree_pi_vs_z_absz2
GLOM	DKD	STROMA+, ENDO_ART+, PODO−, ENDO_GC−, NK+, PERI+, MAST+	COLEC12, JCHAIN, LUM, CHGA, TUBB2B, ASPN, INSL4, OMD	HLA-DQA1, IGFBP1, S100A12, PTGS2, FOS, CXCR2, IGF1, ALDH8A1	50	0	0.7810146243327319	0.4285714285714285	0.8872180451127819	0.0496240601503759	0.7649122807017543	0.8
GLOM	FSGS	MAC−, NK+, PT_injured−, PEC+	CLDN8, CALB1, RPS4Y1, DDX3Y, EIF1AY, NMU, UTY, PROM1	ERAP2, OMD, XIST, HSD17B2, ITGBL1, CD36, FCGR2B, SRPX2	50	6	0.7582214971180623	0.3986013986013986	0.8406015037593983	0.0090225563909774	0.6824561403508772	1.0
GLOM	HT	MAC+, ENDO_PT+, MES+, PODO+, PT−, ENDO_GC+, NK+, PEC+, PERI+	CD163, CXCL6, EIF1AY, C1QB, CALB1, MSLN, C1QA, RGCC	ALB, FOS, COLEC12, EGR2, XIST, PTGS2, PTX3, SAMSN1	50	4	0.991163206222096	0.7549261083743842	0.9962406015037591	0.1586466165413533	0.4403508771929824	1.0
GLOM	IgAN	STROMA+, PT−, PEC−, PT_injured−, ENDO_ART+, DCT−	COLEC12, LUM, HLA-DQA1, COL6A3, BCL2A1, SOX17, STK17B, ASAP1	MSLN, FOSB, S100A2, IGFBP1, EGR3, MAFF, CDH12, ELOVL4	50	0	0.910845074507416	0.5748031496062992	0.9142857142857144	-0.1112781954887217	0.2649122807017544	0.8
GLOM	LN	MAC+, PT_injured−, MES+, PT−, DC+, NK+, PEC−	MS4A4A, XIST, RIGI, IFI44L, C1QA, C1QB, CD163, OAS2	RPS4Y1, EIF1AY, PDK4, FOSB, IGFBP1, SCYL2, EGR3, PAK1	50	4	0.9882800976128412	0.8433571185864763	0.993984962406015	0.2368421052631579	0.5070175438596491	1.0
GLOM	MCD	STROMA−, CNT_PC−, MES−, PT_injured+, DCT−, ENDO_GC+, IC−	CYP24A1, FCGR2B, ACKR3, RSAD2, HTR2B, RRM2, OAS2, LIPC	COLEC12, ALB, HLA-DQA1, JCHAIN, FOS, OMD, EGR3, G6PC1	50	0	0.7183346009995549	0.4184397163120567	0.7984962406015037	-0.0481203007518796	0.5280701754385965	1.0
GLOM	MN	MAC−, TCELL−, PT_injured+, PERI+, PEC−	COLEC12, CDH12, MYOZ2, SRPX2, NELL1, OMD, INSL4, CHGA	C1QB, EIF1AY, CD163, C1QA, MS4A4A, HLA-DQA1, CALB1, ERAP2	50	3	0.7643038384163136	0.3422818791946309	0.7353383458646616	0.0706766917293233	0.7175438596491229	0.8571428571428571
GLOM	RPGN	MAC+, PT−, PERI−, TCELL+, STROMA+, PODO+, MAST−	FGB, C3, CD163, OLR1, SERPINA3, C1QB, CCL23, B3GALT2	REN, RBP4, SST, FMO3, TUBBP5, INSL4, TNFRSF21, FOS	50	0	0.6839851289198081	0.4492753623188406	0.9097744360902256	-0.0556390977443608	0.3982456140350877	0.5833333333333334
TUB	DKD	PODO−, STROMA+, DCT−, MAC−, CNT_PC+, ENDO_PT+, ENDO_ART+, MES+, TCELL−, MAST+, LOH+, PERI+, IC−, PT_injured+, DC+	CXCL6, JCHAIN, FCER1A, ADH1C, AGR2, ACKR1, CPA3, FMO3	NDNF, PCOLCE2, NPHS2, PTPRO, CALML3, CCL5, RRM2, CXCL13	50	2	0.9154442053635008	0.6667824154455171	0.9233082706766916	0.3932330827067669	0.8754385964912281	1.0
TUB	FSGS	MAC−, PODO−	FCER1A, REG1A, SULT1A1, UGT2B4, GAL, AGR2, CRHBP, KCNN2	TPM3, ABCG1, IFI44, IGLL3P, GCNT3, CALML3, ARSL, EZH2	50	0	0.8559364111707775	0.4388489208633093	0.806015037593985	0.4285714285714285	0.087719298245614	0.5714285714285714
TUB	HT	PT+, MAC+, ENDO_PT−, CNT_PC−, PT_injured+, DCT+, ENDO_GC−	GC, FOSB, MAFF, TAC1, ATF3, EIF1AY, RPS4Y1, PDK4	SYCP2, ARSL, CFB, AKR1B10, REN, FGB, CD48, FGL2	50	3	0.9825965188866496	0.7467581998474446	0.9796992481203006	0.3323308270676691	0.1175438596491227	0.6666666666666666
TUB	IgAN	PODO−, DC+, NK+	USP9Y, JCHAIN, REG1A, CYP24A1, CD48, CYP4F11, FCGR3B, FGL2	AKR1B10, PCOLCE2, FOSB, ZBTB16, MAFF, CMAHP, CYP17A1, ERAP2	50	3	0.923656705057416	0.6001024065540195	0.900751879699248	0.112781954887218	-0.1894736842105263	0.2857142857142857
TUB	LN	STROMA−, PODO+, DC−, PERI−, MAC+, ENDO_ART−	IFI44L, XIST, IFI44, RSAD2, OAS1, IFIT1, IFITM1, XAF1	EIF1AY, RPS4Y1, REG1A, DDX3Y, FCER1A, KDM5D, USP9Y, LTF	50	7	0.9889310424594304	0.7543859649122807	0.97593984962406	0.4112781954887218	0.463157894736842	0.75
TUB	MCD	PT+, IC+, PT_injured+, DC−, MAC−, BCELL−	KLK1, CYP17A1, TNFSF15, ANGPTL4, LIPC, VSNL1, MED27, REN	CHIT1, JCHAIN, GC, REG1A, LYZ, CR2, FGG, UTY	50	1	0.8504969203930608	0.4285714285714285	0.8323308270676691	0.0075187969924812	0.556140350877193	0.8888888888888888
TUB	MN	PEC+, LOH+, MAST−, IC−, DC−	CHIT1, PON1, TNNC1, CYP4F11, CXCL13, ABCG1, MFAP5, VNN1	JCHAIN, CCL21, IGLL3P, KLK1, EGR1, CD1E, FCER1A, ZBTB16	50	1	0.8538970864194528	0.4598540145985401	0.8473684210526315	0.1684210526315789	0.3526315789473684	0.6666666666666666
TUB	RPGN	PT−, MAC+, PERI−, STROMA−, TCELL+, LOH−, ENDO_ART−, CNT_PC−, MAST−	FGB, SERPINA3, SCGB1D2, TPM3, LTF, USP9Y, GZMA, CSTA	FCER1A, ADH1B, FMO3, REN, MYL7, CD36, MAFF, CYP2B6	50	1	0.9303668491119376	0.5385525770755666	0.9721804511278196	0.4390977443609022	0.912280701754386	1.0
