dataset	lineage	program	n_background	spearman_program_vs_bulk_scp_g	p_spearman_nominal	scp_direction	n_scp_core_expr	n_overlap_same_dir	frac_core_in_program	frac_background_in_program	fisher_or	fisher_p_greater	frac_core_lfc_same_sign	matched_n	matched_obs_mean	matched_null_mean	matched_null_sd	matched_z	matched_p_upper	matched_p_lower
scRNA	PT	aPT	8590	0.14025653313059677	5.427450649157414e-39	up	530	300	0.5660377358490566	0.4494761350407451	1.6479249844328046	1.8209839227779594e-08	0.8849056603773585	528	1.3198525299675785	0.9611321785576877	0.05440778482144833	6.593180600543121	0.000999000999000999	1.0
scRNA	PT	aPT	8590	0.14025653313059677	5.427450649157414e-39	down	220	23	0.10454545454545454	0.05168800931315483	2.2044081652338523	0.0009764016341695986	0.2818181818181818	220	0.9301729510818944	0.8914148611348093	0.0877190420509749	0.4418435158482499	0.3306693306693307	0.6703296703296703
scRNA	PT	cycPT	9047	0.1506817328849312	4.312959674471255e-47	up	578	303	0.5242214532871973	0.41837073062893776	1.5780491880319565	7.550962559398878e-08	0.8321799307958477	552	1.5044009968732652	0.6662407654683358	0.06622421899662666	12.656400393864477	0.000999000999000999	1.0
scRNA	PT	cycPT	9047	0.1506817328849312	4.312959674471255e-47	down	222	34	0.15315315315315314	0.0874322979993368	1.9274853143708368	0.0008508575502294744	0.34684684684684686	216	0.6020786859493918	0.5647510217988576	0.10585584179275813	0.3526273422232167	0.37462537462537465	0.6263736263736264
scRNA	PT	dPT	8839	0.12084860430658624	4.090978941092129e-30	up	571	265	0.46409807355516636	0.3693856771127956	1.5207189542483661	1.0467810967657607e-06	0.8371278458844134	548	1.0506215142064281	0.6625214727300693	0.04766224519220732	8.142714215478662	0.000999000999000999	1.0
scRNA	PT	dPT	8839	0.12084860430658624	4.090978941092129e-30	down	224	21	0.09375	0.042878153637289286	2.3859564631092276	0.0006093915015892977	0.27232142857142855	217	0.8121628115974651	0.6120068534160075	0.08055381908719521	2.4847482148837003	0.007992007992007992	0.993006993006993
scRNA	PT	frPT	8508	0.18053911497234776	2.967617348176689e-63	up	534	306	0.5730337078651685	0.4306535025858016	1.8448951443528416	6.076835167395359e-12	0.8801498127340824	531	1.4287948794326903	0.8249946566361719	0.0601948753235982	10.030757926493784	0.000999000999000999	1.0
scRNA	PT	frPT	8508	0.18053911497234776	2.967617348176689e-63	down	217	33	0.15207373271889402	0.07251998119417019	2.3668385199523527	3.5209890676452115e-05	0.3225806451612903	216	0.6419587299021267	0.7741821619188899	0.10170613066089024	-1.3000537052807963	0.8951048951048951	0.10589410589410589
scRNA	PT	rfPT	8619	0.14371154548000348	5.305349629942848e-41	up	534	312	0.5842696629213483	0.4539969834087481	1.7500243926236707	3.107077256143719e-10	0.8932584269662921	532	1.3592846092891984	0.9749819542811103	0.05395317086979377	7.12289284958636	0.000999000999000999	1.0
scRNA	PT	rfPT	8619	0.14371154548000348	5.305349629942848e-41	down	220	22	0.1	0.04838148277062304	2.251476793248945	0.0009509519743536422	0.2727272727272727	220	0.9341668310638963	0.9142856883476177	0.08824109821709186	0.22530479694553968	0.3906093906093906	0.6103896103896104
scRNA	TAL	aTAL	8470	0.11578710900734755	1.1265324464445883e-26	up	519	71	0.13680154142581888	0.05950413223140496	2.7516599307159355	1.3752684382668204e-11	0.441233140655106	508	0.0074599321429837575	-0.30520976789971926	0.03466253823821021	9.020392502272426	0.000999000999000999	1.0
scRNA	TAL	aTAL	8470	0.11578710900734755	1.1265324464445883e-26	down	214	44	0.205607476635514	0.1420306965761511	1.584875399685327	0.006352205666773125	0.5607476635514018	207	-0.21619183428783198	-0.28892567140620384	0.05806536729364469	1.2526199438176986	0.10989010989010989	0.8911088911088911
scRNA	TAL	dTAL	8605	0.058750910717798414	4.929406267239212e-08	up	548	59	0.10766423357664233	0.03172574084834399	4.4219272595225805	2.1347354035667115e-17	0.3704379562043796	512	-0.232577058673846	-0.6563854725518125	0.029592903509542596	14.321285294867497	0.000999000999000999	1.0
scRNA	TAL	dTAL	8605	0.058750910717798414	4.929406267239212e-08	down	210	64	0.3047619047619048	0.2605461940732132	1.2512673434217643	0.08256524545820865	0.8095238095238095	206	-0.5931690140699519	-0.6048228399654398	0.048984658479969564	0.2379076685818969	0.3876123876123876	0.6133866133866134
scRNA	TAL	frTAL	8596	0.17063026356957334	3.645074145108714e-57	up	530	109	0.20566037735849058	0.0781758957654723	3.4504119853347563	2.9901684798079495e-22	0.779245283018868	510	0.5437039758566122	-0.001755802857780664	0.028225924663574393	19.32477979716941	0.000999000999000999	1.0
scRNA	TAL	frTAL	8596	0.17063026356957334	3.645074145108714e-57	down	218	13	0.05963302752293578	0.029664960446719405	2.13198951824229	0.012904966132633812	0.46788990825688076	212	0.12015273055978097	-0.003067121758040235	0.04387080456920008	2.808698256733595	0.001998001998001998	0.999000999000999
scRNA	TAL	rfTAL	8561	0.1518956560142889	2.3351228499278535e-45	up	523	101	0.1931166347992352	0.08024763462212359	3.0435760153988	1.0220377096243479e-17	0.6902485659655831	507	0.44441047077206713	-0.039032298334277536	0.030091619070494218	16.065694835420466	0.000999000999000999	1.0
scRNA	TAL	rfTAL	8561	0.1518956560142889	2.3351228499278535e-45	down	218	17	0.0779816513761468	0.03971498656698984	2.100026184865148	0.005991865775579621	0.463302752293578	211	0.06569094140865506	-0.039010480762149156	0.046160277844609	2.2682147304441314	0.014985014985014986	0.986013986013986
snRNA	PT	aPT	9088	0.26581868710169615	8.237174652288015e-147	up	552	79	0.1431159420289855	0.051056338028169015	3.5360314104500152	1.1368481950654597e-17	0.8170289855072463	546	0.48049511595214794	0.0728123718300906	0.023368738550069924	17.445646166613127	0.000999000999000999	1.0
snRNA	PT	aPT	9088	0.26581868710169615	8.237174652288015e-147	down	240	19	0.07916666666666666	0.025308098591549297	3.51918251806738	1.0123106578420601e-05	0.6166666666666667	238	-0.1213089635676935	0.04618048618649342	0.03475502625548156	-4.819143237532481	1.0	0.000999000999000999
snRNA	PT	cycPT	9094	0.17618227064377154	2.637278729537403e-64	up	545	29	0.05321100917431193	0.02342203650758742	2.5550324401752613	2.6231137719210395e-05	0.43669724770642204	536	-0.016480619507501335	-0.346036558095287	0.021302183849459057	15.470523628059093	0.000999000999000999	1.0
snRNA	PT	cycPT	9094	0.17618227064377154	2.637278729537403e-64	down	241	15	0.06224066390041494	0.034748185616890255	1.885749566342281	0.020833271171281486	0.7676348547717843	239	-0.2683926807043893	-0.2780241106413076	0.02933485501454539	0.32832717024898594	0.3516483516483517	0.6493506493506493
snRNA	PT	dPT	9022	0.09628045158618233	4.947655392697104e-20	up	546	71	0.13003663003663005	0.07947240079804921	1.8117321166693825	1.8173099127622828e-05	0.6446886446886447	539	0.3074555187133514	-0.009756647316682158	0.024167458800306997	13.12559043290387	0.000999000999000999	1.0
snRNA	PT	dPT	9022	0.09628045158618233	4.947655392697104e-20	down	239	2	0.008368200836820083	0.0009975615162935048	10.579867389993971	0.022250900394142053	0.5606694560669456	238	0.024447984115578043	-0.02689056225590635	0.03734692406285197	1.374639214830945	0.08891108891108891	0.9120879120879121
snRNA	PT	frPT	9097	0.25395900754159134	7.061510674423963e-134	up	550	91	0.16545454545454547	0.07134220072551391	2.83848712722843	7.50596719099301e-15	0.7036363636363636	545	0.40153129377636987	-0.0862542860346452	0.0345992217855685	14.098166219460307	0.000999000999000999	1.0
snRNA	PT	frPT	9097	0.25395900754159134	7.061510674423963e-134	down	240	40	0.16666666666666666	0.062218313729801036	3.167680608365019	7.632707292633343e-09	0.6791666666666667	238	-0.3175232159443836	-0.09037207231061985	0.05198666405774391	-4.36941180486379	1.0	0.000999000999000999
snRNA	PT	rfPT	9135	0.25616003557966477	8.174766747443596e-137	up	555	88	0.15855855855855855	0.06458675424192666	3.0322564133188874	6.970296004592803e-16	0.8486486486486486	547	0.5325570948229387	0.11145882901001074	0.02490985935280799	16.904883316756035	0.000999000999000999	1.0
snRNA	PT	rfPT	9135	0.25616003557966477	8.174766747443596e-137	down	241	21	0.08713692946058091	0.028461959496442254	3.456732597945987	4.791547063427967e-06	0.6058091286307054	238	-0.10507055878480645	0.07199346140194564	0.03980859227600398	-4.44788449073181	1.0	0.000999000999000999
snRNA	TAL	aTAL	9022	0.1736168900030508	5.4362586117047745e-62	up	541	35	0.06469500924214418	0.02881844380403458	2.5380764163372858	5.054368746025627e-06	0.49722735674676527	535	0.11845776963675728	-0.21203582718783928	0.02065234456127343	16.00271561555893	0.000999000999000999	1.0
snRNA	TAL	aTAL	9022	0.1736168900030508	5.4362586117047745e-62	down	242	9	0.0371900826446281	0.02604743959210818	1.4620000759618672	0.18039792044033118	0.628099173553719	239	-0.12120049613543997	-0.18370710689060643	0.03222492775751416	1.9396974672395213	0.03496503496503497	0.9660339660339661
snRNA	TAL	cycTAL	9170	0.08146604610427487	5.578797447706719e-15	up	551	31	0.056261343012704176	0.023009814612868048	2.794967948717949	2.9918324036408408e-06	0.2813067150635209	536	-0.22748796868107318	-0.5125670621109667	0.02381791486978708	11.969103717787906	0.000999000999000999	1.0
snRNA	TAL	cycTAL	9170	0.08146604610427487	5.578797447706719e-15	down	245	26	0.10612244897959183	0.09956379498364232	1.0758546843549393	0.39548229440600374	0.7306122448979592	241	-0.2750427853177678	-0.4367896938175582	0.03341311928551978	4.8408203709686495	0.000999000999000999	1.0
snRNA	TAL	dTAL	9011	0.08200095396256349	6.385095751282158e-15	up	540	22	0.040740740740740744	0.02286094773055155	1.9128126573778748	0.005897338388027188	0.6037037037037037	534	0.17023292016860359	-0.08478007296943943	0.0175306731606743	14.546674322555653	0.000999000999000999	1.0
snRNA	TAL	dTAL	9011	0.08200095396256349	6.385095751282158e-15	down	241	0	0.0	0.0009987792697813782	0.0	1.0	0.6099585062240664	240	-0.04289772261948437	-0.08935101265670702	0.02675902256806739	1.7359860554443878	0.04495504495504495	0.9560439560439561
snRNA	TAL	frTAL	9091	0.2140041262734462	1.1673140220926828e-94	up	550	76	0.13818181818181818	0.04993950060499395	3.4625276270845893	1.0953053060493842e-16	0.66	535	0.3073172577262194	-0.14705493004105694	0.027152039187925678	16.73436696985168	0.000999000999000999	1.0
snRNA	TAL	frTAL	9091	0.2140041262734462	1.1673140220926828e-94	down	243	27	0.1111111111111111	0.04058959410405896	3.1089181286549707	1.7742755883251188e-06	0.6090534979423868	241	-0.1851359285061589	-0.13060977069174037	0.040381581699689445	-1.3502729590576583	0.9140859140859141	0.08691308691308691
snRNA	TAL	rfTAL	9081	0.19507836813602478	1.3830998587367107e-78	up	548	58	0.10583941605839416	0.04790221341261976	2.5607535321821038	6.231120014960992e-09	0.7116788321167883	534	0.33189795001104455	-0.06417803237269692	0.023479068456756874	16.869322694652663	0.000999000999000999	1.0
snRNA	TAL	rfTAL	9081	0.19507836813602478	1.3830998587367107e-78	down	240	13	0.05416666666666667	0.02400616672172668	2.412549693778876	0.005146623166146509	0.5458333333333333	239	-0.04108626516987817	-0.0607543593482229	0.036878170267595684	0.5333261936559113	0.2967032967032967	0.7042957042957043
