component	n_A	n_B	delta	delta_lo	delta_hi	share_of_full	share_of_full_lo	share_of_full_hi	share_of_state	share_of_state_lo	share_of_state_hi	p_perm	dataset	contrast
composition	56	52	0.0157056652371249	0.0103897676418142	0.0209314581240174	0.2145962326852579	0.1576278305925225	0.2671499545741559				0.0009990009990009	snRNA	CKD_vs_REF
repair_state_fraction	56	52	0.0068454138466922	0.0051906726761226	0.0084657126731678	0.0935331296377851	0.0763168288495228	0.1133904640000117	0.1190892296806398	0.0953125097040819	0.1455251888825541	0.0009990009990009	snRNA	CKD_vs_REF
other_lineage_state_mix	56	52	0.0026525491805366	0.0007020926413476	0.0042126186941053	0.0362434225205557	0.0111222593922049	0.0535297976346301	0.0461462295304111	0.013510019218935	0.0709267233665956	0.0019980019980019	snRNA	CKD_vs_REF
PT_TAL_normal_cell_profile	56	52	0.0157974540917643	0.0121096337645678	0.0191840778145447	0.2158504006629084	0.1769494386546941	0.2520584142572694	0.2748273049426419	0.2384579455444918	0.3059078030453455	0.0009990009990009	snRNA	CKD_vs_REF
PT_TAL_repair_cell_profile	56	52	0.0091981008016846	0.0073668819212726	0.0109056282095349	0.1256793488272578	0.1083922018629738	0.1455722870799596	0.1600187751288098	0.1407487425813618	0.1817078322152231	0.0009990009990009	snRNA	CKD_vs_REF
PT_TAL_other_altered_profile	56	52	0.0045900598901045	0.0034717576042707	0.0056982268102959	0.0627168314964325	0.0513557632063686	0.0741451153136803	0.0798529802204265	0.0677944592329202	0.0919673349145394	0.0009990009990009	snRNA	CKD_vs_REF
other_lineage_profile	56	52	0.0183978070722129	0.0143894194019902	0.0220684133202379	0.2513806341698021	0.223437254919968	0.2812314409347723	0.3200654804970704	0.289354945444059	0.3503647908419031	0.0009990009990009	snRNA	CKD_vs_REF
full_minus_ref	56	52	0.0731870501201203	0.0598253450380323	0.0855918996307553	1.0	1.0	1.0	1.273230460071451	1.1871237568705724	1.3645359386372289	0.0009990009990009	snRNA	CKD_vs_REF
state_only_minus_ref	56	52	0.056972067323648	0.0463575750263983	0.0670209973034124	0.7784446460151211	0.7158140277884979	0.8447697693956526	0.9911394347859904	0.9707602990654436	1.0105828421731526	0.0009990009990009	snRNA	CKD_vs_REF
comp_only_minus_ref	56	52	0.0153316291544413	0.0104172541654893	0.0201375293491802	0.2094855459986136	0.1568071638956574	0.2579111827088017	0.2667233781101339	0.1852215893588635	0.3504118901946645	0.0009990009990009	snRNA	CKD_vs_REF
full_score	56	52	0.0731870501201203	0.0598253450380323	0.0855918996307553	1.0000000000000002	0.9999999999999992	1.0000000000000009	1.2732304600714517	1.187123756870572	1.364535938637229	0.0009990009990009	snRNA	CKD_vs_REF
composition	29	52	0.0193751602624834	0.0117160716198246	0.027463224893622	0.2458059259846037	0.1674055502645499	0.3199073510033758				0.0009990009990009	snRNA	DKD_vs_REF
repair_state_fraction	29	52	0.0084762111847846	0.0064110102945233	0.0104510225008799	0.1075347460816299	0.0868583798064928	0.1322359775927387	0.1425823269985474	0.1124175741644075	0.1790087796072954	0.0009990009990009	snRNA	DKD_vs_REF
other_lineage_state_mix	29	52	0.0030352855780388	0.0010561423735093	0.0047900924739966	0.0385076134612531	0.01604595000567	0.055459865158508	0.0510579634446544	0.0198603498051417	0.0780098614700432	0.0039960039960039	snRNA	DKD_vs_REF
PT_TAL_normal_cell_profile	29	52	0.0144474704854477	0.0101470182893737	0.0185090404758855	0.1832900380022732	0.1348822935689826	0.2305897313642196	0.2430276825518143	0.1971711505668948	0.2798255536592314	0.0009990009990009	snRNA	DKD_vs_REF
PT_TAL_repair_cell_profile	29	52	0.0104383590221714	0.0083205725213837	0.0124959929306688	0.1324278339092165	0.1102815918914318	0.160907187793894	0.1755885367862399	0.1535816620666129	0.2017634674787338	0.0009990009990009	snRNA	DKD_vs_REF
PT_TAL_other_altered_profile	29	52	0.0045760033243485	0.0032821909399788	0.005959596819993	0.0580541641571917	0.0454564116378569	0.0708383025199747	0.0769750998547446	0.0636476158632819	0.0923797279427049	0.0009990009990009	snRNA	DKD_vs_REF
other_lineage_profile	29	52	0.0184745091606457	0.0138981053632041	0.0230542306710585	0.2343796784038317	0.2021847484034419	0.265773167416588	0.3107683903639994	0.2753364744004064	0.3448484883579357	0.0009990009990009	snRNA	DKD_vs_REF
full_minus_ref	29	52	0.0788229990179203	0.0625465499291779	0.0952126747896248	1.0	1.0	1.0	1.3259186653057498	1.2010649366264392	1.4703878986701846	0.0009990009990009	snRNA	DKD_vs_REF
state_only_minus_ref	29	52	0.0592342653550423	0.046720601991319	0.0710742293878251	0.7514845424947041	0.6642274198692957	0.8442079768095068	0.99640738158248	0.9674947693849844	1.0212590851492267	0.0009990009990009	snRNA	DKD_vs_REF
comp_only_minus_ref	29	52	0.0190855603627021	0.0119619464758663	0.0263305425736927	0.2421318726830353	0.1735291274927148	0.3069625385619685	0.3210471694558719	0.2097101917947155	0.4496225402907363	0.0009990009990009	snRNA	DKD_vs_REF
full_score	29	52	0.0788229990179203	0.0625465499291778	0.0952126747896248	1.0000000000000004	0.9999999999999996	1.0000000000000009	1.3259186653057502	1.2010649366264392	1.4703878986701846	0.0009990009990009	snRNA	DKD_vs_REF
composition	23	52	0.0135608426623668	0.0086070217898642	0.0192399401568775	0.203634274624009	0.1432707753240197	0.2690218563525145				0.0009990009990009	snRNA	HKD_vs_REF
repair_state_fraction	23	52	0.0047159222230677	0.002867426169182	0.0067270447431713	0.0708159090837825	0.0462206308163114	0.0971917366244348	0.088923853484965	0.057459264716226	0.1240054334354832	0.0009990009990009	snRNA	HKD_vs_REF
other_lineage_state_mix	23	52	0.0023170482097475	0.0003239916437978	0.0043017045958322	0.0347935923458653	0.0058634229550542	0.05962462675585	0.0436904693875896	0.0068817109547038	0.0776163101242632	0.0389610389610389	snRNA	HKD_vs_REF
PT_TAL_normal_cell_profile	23	52	0.016394578176355	0.0118897853500281	0.0205287941344084	0.246186621128896	0.1989529231912925	0.2956700475436537	0.3091376402627864	0.2619716012777365	0.3587778632609462	0.0009990009990009	snRNA	HKD_vs_REF
PT_TAL_repair_cell_profile	23	52	0.0075243713193791	0.0050288020691444	0.0100236804693085	0.1129885460492497	0.0901893683384238	0.1375071254868529	0.1418802221754383	0.1155081091297536	0.1712474805967814	0.0009990009990009	snRNA	HKD_vs_REF
PT_TAL_other_altered_profile	23	52	0.0042052680402134	0.0027158318798171	0.0057797109897784	0.0631477503492342	0.0453263878822492	0.0822907535652061	0.0792949122960058	0.0586191454366328	0.0994541530604761	0.0009990009990009	snRNA	HKD_vs_REF
other_lineage_profile	23	52	0.0178760763157759	0.0125392488397277	0.0228865570458529	0.2684333064189628	0.2252105864628455	0.30714195644392	0.3370729023932144	0.2917385972488439	0.3784505730288989	0.0009990009990009	snRNA	HKD_vs_REF
full_minus_ref	23	52	0.0665941069469057	0.0505692923356861	0.0826800564561392	1.0	1.0	1.0	1.2557044686068908	1.167230000202233	1.3680299771325315	0.0009990009990009	snRNA	HKD_vs_REF
state_only_minus_ref	23	52	0.0522860239904325	0.0382639934037973	0.0649808987435566	0.7851449082742294	0.7110105923426033	0.8557700018980352	0.9859099698238972	0.9598966482229914	1.012245741869026	0.0009990009990009	snRNA	HKD_vs_REF
comp_only_minus_ref	23	52	0.0131247083093359	0.008288945978459	0.0185473086932703	0.1970851312684473	0.1364000556510733	0.2589219754132207	0.247480680029765	0.1583903252977773	0.3517019331700188	0.0009990009990009	snRNA	HKD_vs_REF
full_score	23	52	0.0665941069469057	0.0505692923356862	0.0826800564561392	1.0000000000000002	0.9999999999999994	1.0000000000000009	1.255704468606891	1.167230000202233	1.3680299771325315	0.0009990009990009	snRNA	HKD_vs_REF
composition	37	52	0.0170416974673795	0.0110697688725725	0.0233442357727348	0.1812248445803579	0.1309915207590862	0.2340008447563248				0.0009990009990009	snRNA	AKI_vs_REF
repair_state_fraction	37	52	0.0094268550230843	0.0076483346440319	0.0113635541568868	0.1002470757217773	0.0848751017547731	0.1178427966277657	0.1224354147267674	0.1020678872797441	0.147057004928278	0.0009990009990009	snRNA	AKI_vs_REF
other_lineage_state_mix	37	52	0.0042137214890837	0.0023136934802099	0.0058387276469004	0.0448095633328679	0.0272701182447425	0.0591017711176353	0.0547275561993597	0.0326403711681997	0.0737284391404577	0.0009990009990009	snRNA	AKI_vs_REF
PT_TAL_normal_cell_profile	37	52	0.0209349556720187	0.0165553853752171	0.0248207899471005	0.2226265367766593	0.1906792419360853	0.2569217629005038	0.2719019199630671	0.2429877964946833	0.3022043178836402	0.0009990009990009	snRNA	AKI_vs_REF
PT_TAL_repair_cell_profile	37	52	0.0119994268304498	0.009634653723832	0.0145806664577135	0.1276043226658707	0.1125784440380757	0.1442451785994459	0.155847819540238	0.1384372361805912	0.1762744511684417	0.0009990009990009	snRNA	AKI_vs_REF
PT_TAL_other_altered_profile	37	52	0.007389087552542	0.0058117864792336	0.0089353756369055	0.0785770458525808	0.0653521503879266	0.0932819538480901	0.0959690158311023	0.083051954663203	0.1092095794282654	0.0009990009990009	snRNA	AKI_vs_REF
other_lineage_profile	37	52	0.0230304655527149	0.0175691388440375	0.0280112339156826	0.2449106110698857	0.2123921422768205	0.2740039916150117	0.2991182737394652	0.2669010311965288	0.3285844453168616	0.0009990009990009	snRNA	AKI_vs_REF
full_minus_ref	37	52	0.0940362095872732	0.0785593032558701	0.109806260065207	1.0	1.0	1.0	1.2213365212424845	1.15073677204802	1.305484479370356	0.0009990009990009	snRNA	AKI_vs_REF
state_only_minus_ref	37	52	0.0766444414380525	0.0632115598393137	0.0902211496716688	0.8150524332536	0.7577093935385609	0.8677099416207475	0.995453303460174	0.9752129646098682	1.0145757175482537	0.0009990009990009	snRNA	AKI_vs_REF
comp_only_minus_ref	37	52	0.0166216893751079	0.0106666012294222	0.0226667925961007	0.176758393900189	0.1248373893978646	0.2302523751183362	0.2158814819064656	0.1434856355212305	0.2990626359550756	0.0009990009990009	snRNA	AKI_vs_REF
full_score	37	52	0.0940362095872732	0.0785593032558701	0.109806260065207	1.0	0.9999999999999994	1.0000000000000004	1.221336521242484	1.15073677204802	1.305484479370356	0.0009990009990009	snRNA	AKI_vs_REF
composition	56	9	0.0122016837954375	-0.0014648549410169	0.0219218150574353	0.1578414766031746	-0.029567106175199	0.2491650740947673				0.0499500499500499	snRNA	CKD_perc_vs_REF_perc
repair_state_fraction	56	9	0.0060884406427334	0.0028949291053962	0.0086733300072729	0.0787603151639749	0.0571577954438235	0.0946704141337112	0.0935219593174657	0.0603760345694968	0.117809487601347	0.0029970029970029	snRNA	CKD_perc_vs_REF_perc
other_lineage_state_mix	56	9	0.0001732625055853	-0.0079987152075785	0.004930890852534	0.0022413308015561	-0.1605669850626395	0.0528888231318285	0.002661412001764	-0.1621139029637057	0.0684948746696027	0.9210789210789212	snRNA	CKD_perc_vs_REF_perc
PT_TAL_normal_cell_profile	56	9	0.0198299596083606	0.0147157818981899	0.0243158922614562	0.2565211620002255	0.198443165608975	0.3845846676126386	0.3045996150054432	0.2603500134310903	0.3729484390094975	0.0009990009990009	snRNA	CKD_perc_vs_REF_perc
PT_TAL_repair_cell_profile	56	9	0.0100838682135861	0.0083853714769755	0.0117883583224617	0.1304453283160322	0.1022153446409581	0.2002416134953084	0.1548940308647406	0.1291807182694838	0.1999852874640988	0.0009990009990009	snRNA	CKD_perc_vs_REF_perc
PT_TAL_other_altered_profile	56	9	0.0045849400415215	0.0023835309960674	0.0061942851452952	0.0593109703892987	0.0337356700819084	0.1002257508948478	0.0704273230532292	0.0432732397362967	0.098869017623636	0.0019980019980019	snRNA	CKD_perc_vs_REF_perc
other_lineage_profile	56	9	0.0243412514838446	0.020284076012206	0.0281942571718707	0.3148794167257373	0.2663297311919328	0.4519450212240365	0.3738956597573566	0.3357289585036844	0.4468538743958223	0.0009990009990009	snRNA	CKD_perc_vs_REF_perc
full_minus_ref	56	9	0.0773034062910693	0.0491254759103215	0.0992898777955344	1.0	1.0	1.0	1.1874248994910424	0.9712833822123133	1.3318506735808813	0.0009990009990009	snRNA	CKD_perc_vs_REF_perc
state_only_minus_ref	56	9	0.0653026225941458	0.0485293121109748	0.0800114915859066	0.8447573752217706	0.7468969029153345	1.0665968274691158	1.003085941367028	0.9826170233370728	1.0331715668037744	0.0009990009990009	snRNA	CKD_perc_vs_REF_perc
comp_only_minus_ref	56	9	0.0123929903999346	-0.0003827276370393	0.0215368641031979	0.1603162266003061	-0.0073129201153988	0.2474719821954487	0.1903634792576516	-0.0071164665830064	0.3291427250255669	0.0299700299700299	snRNA	CKD_perc_vs_REF_perc
full_score	56	9	0.0773034062910693	0.0491254759103215	0.0992898777955344	1.0	0.9999999999999994	1.0000000000000004	1.1874248994910424	0.9712833822123128	1.3318506735808813	0.0009990009990009	snRNA	CKD_perc_vs_REF_perc
composition	41	38	0.0136770124361288	0.002152929778533	0.0239199179438508	0.2127143222008673	0.0452185963016585	0.3191501024051766				0.0129870129870129	scRNA	CKD_vs_REF
repair_state_fraction	41	38	0.0054259903590541	0.0010433027881377	0.0096326728621463	0.08438874110005	0.0194394055569841	0.1259844404617903	0.1071894783301022	0.0231822415840601	0.1674469768409761	0.0119880119880119	scRNA	CKD_vs_REF
other_lineage_state_mix	41	38	0.0064803362967032	0.0023614659017843	0.0106618649526359	0.1007866556694502	0.0490838886321743	0.1449097249318874	0.1280178955512066	0.0586814073863989	0.182857375619649	0.0009990009990009	scRNA	CKD_vs_REF
PT_TAL_normal_cell_profile	41	38	0.0084295531441999	0.0066039431948368	0.0101897082937459	0.1311022192820497	0.0931935291928413	0.194966474980086	0.1665243290701638	0.1258751788368854	0.2174334924280917	0.0009990009990009	scRNA	CKD_vs_REF
PT_TAL_repair_cell_profile	41	38	0.0130197987825228	0.0106077250563239	0.0155011974336954	0.2024928825757443	0.1548903770938325	0.2868781309728981	0.2572038184942166	0.2068979068843386	0.3241296400827333	0.0009990009990009	scRNA	CKD_vs_REF
PT_TAL_other_altered_profile	41	38	0.0012763249347918	0.0007545819994386	0.0018822152677338	0.0198502848981225	0.0114127508379825	0.0330029439753584	0.0252135729861291	0.0150523679062396	0.0389066832010596	0.0009990009990009	scRNA	CKD_vs_REF
other_lineage_profile	41	38	0.0159885465925453	0.0119593886121422	0.0199626242430605	0.2486648942737155	0.1913626109552398	0.3303018127250351	0.3158509055681814	0.2648675227418959	0.3699223316405448	0.0009990009990009	scRNA	CKD_vs_REF
full_minus_ref	41	38	0.0642975625459463	0.0444441230840019	0.0826353303777825	1.0	1.0	1.0	1.2701869577959466	1.047360181137748	1.4687525471662803	0.0009990009990009	scRNA	CKD_vs_REF
state_only_minus_ref	41	38	0.0452020439328717	0.0310919554931465	0.0583016145500099	0.7030133358565632	0.6174453751425775	0.8053537789557724	0.8929583703616281	0.7830685976999902	0.9624928572524628	0.0009990009990009	scRNA	CKD_vs_REF
comp_only_minus_ref	41	38	0.0092226347377248	-0.0045614787956631	0.0216660050570682	0.1434367707350408	-0.098020924258101	0.2849651003018178	0.1821915154560161	-0.1036779212635257	0.4164278535801839	0.1508491508491508	scRNA	CKD_vs_REF
full_score	41	38	0.0642975625459463	0.0444441230840019	0.0826353303777825	1.0000000000000002	0.9999999999999992	1.0000000000000009	1.2701869577959468	1.0473601811377482	1.4687525471662808	0.0009990009990009	scRNA	CKD_vs_REF
composition	19	38	0.0149860662325072	0.002544775079075	0.0264148072049237	0.2114958294457358	0.0458967376994561	0.3185592426832591				0.0579420579420579	scRNA	DKD_vs_REF
repair_state_fraction	19	38	0.0052810741490046	-0.0003387031706131	0.009463279966009	0.0745309102588494	-0.0074342041225149	0.1152557736853385	0.0945218973369023	-0.0085511484249818	0.154269654928332	0.0989010989010989	scRNA	DKD_vs_REF
other_lineage_state_mix	19	38	0.0067158314740496	0.0018743943718968	0.0117244464905176	0.0947793988085349	0.0339067050875187	0.1519196416855919	0.1202015187084064	0.0424434663058718	0.1817616863763275	0.0089910089910089	scRNA	DKD_vs_REF
PT_TAL_normal_cell_profile	19	38	0.0098262793360707	0.0078252104479064	0.0119439925761462	0.1386766257605202	0.1016670645154145	0.2147055373457186	0.1758730402948156	0.136088064533427	0.2410650111289519	0.0009990009990009	scRNA	DKD_vs_REF
PT_TAL_repair_cell_profile	19	38	0.016506673209298	0.0135331065380118	0.0192923705481592	0.23295589967549	0.1855802156781527	0.3271794019386818	0.2954402885551488	0.2439822856192904	0.380677378175572	0.0009990009990009	scRNA	DKD_vs_REF
PT_TAL_other_altered_profile	19	38	0.0010988510188691	0.0005174687237235	0.0018311575360401	0.0155078994091788	0.0075772572656829	0.0255529873687241	0.0196674919275035	0.0096531639606542	0.0319064114450999	0.0009990009990009	scRNA	DKD_vs_REF
other_lineage_profile	19	38	0.0164427269327574	0.0115101370497539	0.020910718760882	0.2320534366416902	0.1718366438240341	0.3245792973059223	0.2942957631772228	0.2325928458424271	0.3602915969671094	0.0009990009990009	scRNA	DKD_vs_REF
full_minus_ref	19	38	0.0708575023525569	0.0476324836375431	0.0887581756327962	1.0	1.0	1.0	1.2682241100856433	1.0481046103109068	1.467479769071742	0.0009990009990009	scRNA	DKD_vs_REF
state_only_minus_ref	19	38	0.0499700173229406	0.032210953081635	0.0641703046621972	0.705218440727856	0.6016096230464268	0.8307421921003949	0.8943750294080702	0.7743925180226882	0.9621970570411494	0.0009990009990009	scRNA	DKD_vs_REF
comp_only_minus_ref	19	38	0.0101135789392683	-0.0043963930104926	0.0228460450180973	0.1427312366860946	-0.0857735338809692	0.278269718315672	0.1810151956276457	-0.0939563373883314	0.4067937562710148	0.2757242757242757	scRNA	DKD_vs_REF
full_score	19	38	0.0708575023525569	0.0476324836375431	0.0887581756327962	1.0	0.9999999999999996	1.0000000000000009	1.2682241100856433	1.0481046103109073	1.4674797690717414	0.0009990009990009	scRNA	DKD_vs_REF
composition	17	38	0.0114546372081044	-0.0021047188540449	0.0249895692851157	0.197482536089723	-0.0463737685122638	0.344679511951924				0.2017982017982018	scRNA	HKD_vs_REF
repair_state_fraction	17	38	0.0068365863053423	0.0018217303010325	0.0116461883184044	0.1178654877711918	0.0417688088626408	0.1906447930788585	0.1468696857971048	0.0480770223380712	0.2302285578551936	0.0599400599400599	scRNA	HKD_vs_REF
other_lineage_state_mix	17	38	0.0073064923240432	0.0018618811775586	0.0131186581082391	0.1259668558556591	0.0457072239295223	0.2010222620972867	0.1569646288342237	0.0538230035399295	0.2385304951131702	0.0129870129870129	scRNA	HKD_vs_REF
PT_TAL_normal_cell_profile	17	38	0.0071662778365377	0.0045408060795049	0.009623617177905	0.1235495018979508	0.0782636117899279	0.2037765304414512	0.1539524153106329	0.109313241414263	0.2136677020392738	0.0009990009990009	scRNA	HKD_vs_REF
PT_TAL_repair_cell_profile	17	38	0.0086425705619147	0.0055971264099293	0.0115596491102701	0.1490013801304616	0.0980060454742404	0.2369620736953012	0.185667461246825	0.1201993229176289	0.2701990403905859	0.0009990009990009	scRNA	HKD_vs_REF
PT_TAL_other_altered_profile	17	38	0.0012862252814559	0.0004638324437077	0.0024874934549792	0.0221750393268612	0.0074815688369434	0.0540820407195147	0.0276318464383479	0.009980977903177	0.0581167428649636	0.0009990009990009	scRNA	HKD_vs_REF
other_lineage_profile	17	38	0.0153105024947125	0.01017919047255	0.0201515195225659	0.2639591989281519	0.1909905503324129	0.3916896526182233	0.3289139623728651	0.2700867542947978	0.4030624819897466	0.0009990009990009	scRNA	HKD_vs_REF
full_minus_ref	17	38	0.058003292012111	0.0352723052659809	0.0802931891946857	1.0	1.0	1.0	1.2460788019833071	0.9556814994334656	1.5259711343338096	0.0009990009990009	scRNA	HKD_vs_REF
state_only_minus_ref	17	38	0.0416870156983564	0.0254388969057235	0.0576542962797135	0.7187008573522385	0.5872474409422541	0.8851940874726318	0.8955579033138533	0.7620375639916244	0.9799905850633158	0.0009990009990009	scRNA	HKD_vs_REF
comp_only_minus_ref	17	38	0.0076622426259962	-0.0081601624758426	0.0220175611592036	0.132100133633732	-0.2122569257414449	0.3130362894458866	0.1646071762601556	-0.2012196165805041	0.4753212608287259	0.5054945054945055	scRNA	HKD_vs_REF
full_score	17	38	0.058003292012111	0.0352723052659809	0.0802931891946857	1.0000000000000004	0.9999999999999996	1.0000000000000009	1.2460788019833078	0.955681499433466	1.5259711343338096	0.0009990009990009	scRNA	HKD_vs_REF
composition	20	38	0.0214566505419855	0.010203941921229	0.0333148378558479	0.2313538448663245	0.128887597485208	0.3145606472054622				0.0099900099900099	scRNA	AKI_vs_REF
repair_state_fraction	20	38	0.0091543084456349	0.0046794453754094	0.0138124300606508	0.0987052686459945	0.0588318974646764	0.1307146271232718	0.1284144440022974	0.0734718262015496	0.1786751151347435	0.0049950049950049	scRNA	AKI_vs_REF
other_lineage_state_mix	20	38	0.0105163983668269	0.0068897486003657	0.0143453806490377	0.1133918451787486	0.0821057472427572	0.1482121264576784	0.1475215148367309	0.1068621314782321	0.1894130193230717	0.0009990009990009	scRNA	AKI_vs_REF
PT_TAL_normal_cell_profile	20	38	0.0111231407717836	0.0082350021750201	0.0140707727996384	0.1199339747602271	0.0823288802041537	0.1651152631610189	0.1560327518185131	0.1145816363723655	0.1992751823745618	0.0009990009990009	scRNA	AKI_vs_REF
PT_TAL_repair_cell_profile	20	38	0.0200200220498388	0.0161908997689853	0.0247121163828066	0.2158635648409181	0.1731107804849311	0.2763255346814435	0.2808360692357554	0.2300390915216713	0.3415456468435526	0.0009990009990009	scRNA	AKI_vs_REF
PT_TAL_other_altered_profile	20	38	0.0019538584343611	0.0010338668477431	0.0029269303662711	0.0210672518634455	0.0118063751979363	0.0308209443552446	0.0274082576524196	0.0153805781229999	0.0395551070273323	0.0009990009990009	scRNA	AKI_vs_REF
other_lineage_profile	20	38	0.0185194897890033	0.0137360319341461	0.0232888445937984	0.1996842498443411	0.1508955929277931	0.2522079513298518	0.259786962454283	0.2139087519706835	0.3053345448350124	0.0009990009990009	scRNA	AKI_vs_REF
full_minus_ref	20	38	0.0927438683994344	0.0738020931216446	0.1122152068206607	1.0	1.0	1.0	1.30098874927188	1.1479577010463158	1.4589182837516448	0.0009990009990009	scRNA	AKI_vs_REF
state_only_minus_ref	20	38	0.0631304935150196	0.0494350813449884	0.0781913408153505	0.6806972213313953	0.607820770255113	0.7628846115376987	0.8855794266127762	0.8109587854559478	0.951465496646527	0.0009990009990009	scRNA	AKI_vs_REF
comp_only_minus_ref	20	38	0.014845240235098	0.0015087227457292	0.0282532003365094	0.1600670803503875	0.0182954132458058	0.2660192394491121	0.2082454706646522	0.0207664701957469	0.38743046560487	0.1288711288711288	scRNA	AKI_vs_REF
full_score	20	38	0.0927438683994344	0.0738020931216446	0.1122152068206607	0.9999999999999996	0.9999999999999994	1.0000000000000004	1.3009887492718797	1.147957701046316	1.458918283751644	0.0009990009990009	scRNA	AKI_vs_REF
