compartment	test_unit	method	n_dkd	n_other	n_pos	n_neg	auroc	adj_auroc	auroc_ws
GLOM	ERCB_GLOM_H1	B-L2	5	113	5	113	0.6672566371681417	0.6761061946902656	0.6666666666666669
GLOM	ERCB_GLOM_H1	B-L2-unitcenter	5	113	5	113	0.568141592920354	0.552212389380531	0.6102564102564103
GLOM	ERCB_GLOM_H1	B-cPCA	5	113	5	113	0.7539823008849558	0.784070796460177	0.6717948717948717
GLOM	ERCB_GLOM_H1	B-injury	5	113	5	113	0.27256637168141595	0.5	0.1743589743589744
GLOM	ERCB_GLOM_H1	B-rankLASSO	5	113	5	113	0.5398230088495575	0.5115044247787611	0.5615384615384615
GLOM	ERCB_GLOM_H1	B2-PCA	5	113	5	113	0.6778761061946903	0.7575221238938054	0.6153846153846154
GLOM	ERCB_GLOM_H1	RRG-ID	5	113	5	113	0.7876106194690266	0.7716814159292036	0.7846153846153846
GLOM	ERCB_GLOM_H7	B-L2	7	44	7	44	0.7857142857142857	0.7662337662337663	0.7857142857142857
GLOM	ERCB_GLOM_H7	B-L2-unitcenter	7	44	7	44	0.5616883116883117	0.5227272727272727	0.5616883116883117
GLOM	ERCB_GLOM_H7	B-cPCA	7	44	7	44	0.6590909090909091	0.6558441558441559	0.6590909090909091
GLOM	ERCB_GLOM_H7	B-injury	7	44	7	44	0.4967532467532467	0.5	0.4967532467532468
GLOM	ERCB_GLOM_H7	B-rankLASSO	7	44	7	44	0.8181818181818181	0.8116883116883117	0.8181818181818181
GLOM	ERCB_GLOM_H7	B2-PCA	7	44	7	44	0.7435064935064936	0.7337662337662337	0.7435064935064936
GLOM	ERCB_GLOM_H7	RRG-ID	7	44	7	44	0.737012987012987	0.75	0.737012987012987
TUB	ERCB_TUB_H1	B-L2	10	114	10	114	0.7271929824561403	0.7043859649122808	0.7271929824561403
TUB	ERCB_TUB_H1	B-L2-unitcenter	10	114	10	114	0.6666666666666667	0.6666666666666666	0.6666666666666667
TUB	ERCB_TUB_H1	B-cPCA	10	114	10	114	0.668421052631579	0.6964912280701754	0.668421052631579
TUB	ERCB_TUB_H1	B-injury	10	114	10	114	0.6675438596491228	0.5	0.6675438596491228
TUB	ERCB_TUB_H1	B-rankLASSO	10	114	10	114	0.3824561403508772	0.3929824561403509	0.3824561403508772
TUB	ERCB_TUB_H1	B2-PCA	10	114	10	114	0.7105263157894737	0.6605263157894736	0.7105263157894737
TUB	ERCB_TUB_H1	RRG-ID	10	114	10	114	0.7412280701754386	0.7429824561403509	0.7412280701754386
TUB	ERCB_TUB_H7	B-L2	7	32	7	32	0.7232142857142857	0.7857142857142857	0.7232142857142857
TUB	ERCB_TUB_H7	B-L2-unitcenter	7	32	7	32	0.7633928571428571	0.8080357142857143	0.7633928571428571
TUB	ERCB_TUB_H7	B-cPCA	7	32	7	32	0.8660714285714286	0.8883928571428571	0.8660714285714286
TUB	ERCB_TUB_H7	B-injury	7	32	7	32	0.3794642857142857	0.5	0.3794642857142857
TUB	ERCB_TUB_H7	B-rankLASSO	7	32	7	32	0.7767857142857143	0.7991071428571428	0.7767857142857143
TUB	ERCB_TUB_H7	B2-PCA	7	32	7	32	0.7767857142857143	0.7410714285714286	0.7767857142857143
TUB	ERCB_TUB_H7	RRG-ID	7	32	7	32	0.8169642857142857	0.9196428571428571	0.8169642857142857
