comparator	metric	delta	lo	hi	p_one_sided
B-L2	auroc	0.0448594428297211	-0.03265449353157134	0.1319393196196949	0.147
B-L2	adj_auroc	0.06296662941545339	-0.010255673941994855	0.14702133112409427	0.0535
B-L2-unitcenter	auroc	0.13073163348838712	0.04675239588878172	0.22084940587402233	0.0005
B-L2-unitcenter	adj_auroc	0.15866617153805673	0.07520732384246512	0.24133662127903716	0.0
B-cPCA	auroc	0.0338125677982164	-0.03623352774282847	0.09934337600714373	0.1635
B-cPCA	adj_auroc	0.03987692292376155	-0.01787206539579043	0.10331621617398287	0.0935
B-injury	auroc	0.31662204964341667	0.15485824753960534	0.46229566729701366	0.0
B-injury	adj_auroc	0.218530364653589	0.07545767458481796	0.3696021485985678	0.001
B-rankLASSO	auroc	0.14139232017594272	0.014393603001999206	0.26971130199417476	0.015
B-rankLASSO	adj_auroc	0.16725609843696132	0.03435576942343302	0.3076645418132267	0.0075
B2-PCA	auroc	0.04353033314884147	-0.022065189276741698	0.11140398543875785	0.098
B2-PCA	adj_auroc	0.07285515679786747	0.005597642931368169	0.14193148344387732	0.0155
