compartment	gene	direction	g_re	se	I2	source	g_source
GLOM	FOSB	down	-3.5300407249112298	0.8147345915812231	0.9357934702024632	ERCB_GLOM_H1	-2.7279599
GLOM	PPP1R10	down	-2.7560315093235737	0.8399910174830024	0.9462726092905952	ERCB_GLOM_H1	-0.910168
GLOM	DUSP1	down	-2.66996093866855	0.5592949138389405	0.8849596260543623	ERCB_GLOM_H1	-2.032763
GLOM	CYP27B1	down	-2.654160918339568	0.4888604940252271	0.8490174227173195	ERCB_GLOM_H1	-1.6933327
GLOM	FXYD5	up	2.5732780149701395	0.535926999943596	0.8869479116553559	ERCB_GLOM_H1	1.5115826
GLOM	FSCN1	up	2.5673799950769776	0.6527787534893429	0.9322657913578029	ERCB_GLOM_H1	1.988048
GLOM	HLX	up	2.540652892973714	0.2863445388195491	0.6026677968228311	ERCB_GLOM_H1	2.107403
GLOM	ADGRE5	up	2.4887355316929485	0.6470794622312741	0.9297455837526358	ERCB_GLOM_H1	1.2801112
GLOM	CALHM2	up	2.4227760939958816	0.350235983464701	0.7204613628313244	ERCB_GLOM_H1	2.1164458
GLOM	NEDD9	down	-2.415642569267469	0.438510150915227	0.8288611019201	ERCB_GLOM_H1	-1.4182807
GLOM	SLC19A2	down	-2.3955060397956345	0.7004388597896869	0.9310382922335936	ERCB_GLOM_H1	-0.82409114
GLOM	EMP3	up	2.3952218065922737	0.4650610958225323	0.8503860895686622	ERCB_GLOM_H1	1.4507253
GLOM	GATA3	up	2.361521941942483	0.5445538860020617	0.8979196647491865	ERCB_GLOM_H1	1.8128581
GLOM	SYT11	up	2.3195971788196856	0.3034556840035881	0.6590556144459377	ERCB_GLOM_H1	1.9177523
GLOM	ARHGEF15	up	2.3019931397108464	0.6802778016020875	0.9369086314565964	ERCB_GLOM_H1	1.6322863
GLOM	RNF186	down	-2.2852033811253136	0.6546356661079913	0.9242533071225616	ERCB_GLOM_H1	-0.998524
GLOM	TCIM	up	2.284756512013201	0.3117452876205958	0.6879159201479773	ERCB_GLOM_H1	2.2705328
GLOM	LYL1	up	2.269564735486405	0.6487189164470901	0.926949191590136	ERCB_GLOM_H1	0.9927933
GLOM	NR4A2	down	-2.2408868277685725	0.4409970612638296	0.8277314694328883	ERCB_GLOM_H1	-2.0491784
GLOM	JPT1	up	2.2070804838575246	0.3723724299076087	0.7766052331165872	ERCB_GLOM_H1	1.4239949
GLOM	MRAS	up	2.161829484335682	0.4164466048685146	0.8254737547486578	ERCB_GLOM_H1	1.2290199
GLOM	SOX17	up	2.155661792573305	0.5088942539534298	0.882134462046792	ERCB_GLOM_H1	1.8962513
GLOM	USP2	down	-2.1545813797041498	0.5761078585917537	0.90798900295943	ERCB_GLOM_H1	-0.8611172
GLOM	ARPC1B	up	2.1335313151169584	0.262713987097833	0.5754581537854917	ERCB_GLOM_H1	1.7394619
GLOM	ZNF189	down	-2.130240280374329	0.6023595607951354	0.9173442695964312	ERCB_GLOM_H1	-0.7105119
GLOM	CISH	down	-2.117160434749865	0.2659288085134919	0.5613189672389264	ERCB_GLOM_H1	-1.6484854
GLOM	ZNF331	down	-2.112052500072248	0.2648020889141687	0.556665663940973	ERCB_GLOM_H1	-1.8365757
GLOM	ETNK2	down	-2.1053802825157617	0.5131801076584553	0.8824637917156379	ERCB_GLOM_H1	-1.079513
GLOM	TIPARP	down	-2.0693662594388957	0.4891974027257866	0.8698972574172874	ERCB_GLOM_H1	-1.1234913
GLOM	EGR1	down	-1.9997203829869643	0.639567908772849	0.9238829232649308	ERCB_GLOM_H1	-1.5917372
GLOM	FOSB	down	-3.5300407249112298	0.8147345915812231	0.9357934702024632	ERCB_GLOM_H7	-2.1128488
GLOM	PPP1R10	down	-2.7560315093235737	0.8399910174830024	0.9462726092905952	ERCB_GLOM_H7	-3.7064767
GLOM	DUSP1	down	-2.66996093866855	0.5592949138389405	0.8849596260543623	ERCB_GLOM_H7	-1.894533
GLOM	CYP27B1	down	-2.654160918339568	0.4888604940252271	0.8490174227173195	ERCB_GLOM_H7	-2.7019515
GLOM	FXYD5	up	2.5732780149701395	0.535926999943596	0.8869479116553559	ERCB_GLOM_H7	1.8089191
GLOM	FSCN1	up	2.5673799950769776	0.6527787534893429	0.9322657913578029	ERCB_GLOM_H7	1.7802702
GLOM	HLX	up	2.540652892973714	0.2863445388195491	0.6026677968228311	ERCB_GLOM_H7	2.2305667
GLOM	ADGRE5	up	2.4887355316929485	0.6470794622312741	0.9297455837526358	ERCB_GLOM_H7	1.6734743
GLOM	CALHM2	up	2.4227760939958816	0.350235983464701	0.7204613628313244	ERCB_GLOM_H7	2.2668288
GLOM	NEDD9	down	-2.415642569267469	0.438510150915227	0.8288611019201	ERCB_GLOM_H7	-2.6467106
GLOM	SLC19A2	down	-2.3955060397956345	0.7004388597896869	0.9310382922335936	ERCB_GLOM_H7	-2.651554
GLOM	EMP3	up	2.3952218065922737	0.4650610958225323	0.8503860895686622	ERCB_GLOM_H7	1.9322462
GLOM	GATA3	up	2.361521941942483	0.5445538860020617	0.8979196647491865	ERCB_GLOM_H7	1.0365871
GLOM	SYT11	up	2.3195971788196856	0.3034556840035881	0.6590556144459377	ERCB_GLOM_H7	1.7844063
GLOM	ARHGEF15	up	2.3019931397108464	0.6802778016020875	0.9369086314565964	ERCB_GLOM_H7	0.5919978
GLOM	RNF186	down	-2.2852033811253136	0.6546356661079913	0.9242533071225616	ERCB_GLOM_H7	-1.5647438
GLOM	TCIM	up	2.284756512013201	0.3117452876205958	0.6879159201479773	ERCB_GLOM_H7	1.4921176
GLOM	LYL1	up	2.269564735486405	0.6487189164470901	0.926949191590136	ERCB_GLOM_H7	1.1660165
GLOM	NR4A2	down	-2.2408868277685725	0.4409970612638296	0.8277314694328883	ERCB_GLOM_H7	-2.3621695
GLOM	JPT1	up	2.2070804838575246	0.3723724299076087	0.7766052331165872	ERCB_GLOM_H7	2.0054536
GLOM	MRAS	up	2.161829484335682	0.4164466048685146	0.8254737547486578	ERCB_GLOM_H7	2.0245736
GLOM	SOX17	up	2.155661792573305	0.5088942539534298	0.882134462046792	ERCB_GLOM_H7	0.9547012
GLOM	USP2	down	-2.1545813797041498	0.5761078585917537	0.90798900295943	ERCB_GLOM_H7	-1.7834989
GLOM	ARPC1B	up	2.1335313151169584	0.262713987097833	0.5754581537854917	ERCB_GLOM_H7	1.8931017
GLOM	ZNF189	down	-2.130240280374329	0.6023595607951354	0.9173442695964312	ERCB_GLOM_H7	-2.4938295
GLOM	CISH	down	-2.117160434749865	0.2659288085134919	0.5613189672389264	ERCB_GLOM_H7	-2.4696157
GLOM	ZNF331	down	-2.112052500072248	0.2648020889141687	0.556665663940973	ERCB_GLOM_H7	-1.9976997
GLOM	ETNK2	down	-2.1053802825157617	0.5131801076584553	0.8824637917156379	ERCB_GLOM_H7	-1.7467613
GLOM	TIPARP	down	-2.0693662594388957	0.4891974027257866	0.8698972574172874	ERCB_GLOM_H7	-1.9557666
GLOM	EGR1	down	-1.9997203829869643	0.639567908772849	0.9238829232649308	ERCB_GLOM_H7	-0.9585479
GLOM	FOSB	down	-3.5300407249112298	0.8147345915812231	0.9357934702024632	GSE108109-GPL19983	-1.6489755
GLOM	PPP1R10	down	-2.7560315093235737	0.8399910174830024	0.9462726092905952	GSE108109-GPL19983	-2.405682
GLOM	DUSP1	down	-2.66996093866855	0.5592949138389405	0.8849596260543623	GSE108109-GPL19983	-1.8590949
GLOM	CYP27B1	down	-2.654160918339568	0.4888604940252271	0.8490174227173195	GSE108109-GPL19983	-2.2983665
GLOM	FXYD5	up	2.5732780149701395	0.535926999943596	0.8869479116553559	GSE108109-GPL19983	3.6631691
GLOM	FSCN1	up	2.5673799950769776	0.6527787534893429	0.9322657913578029	GSE108109-GPL19983	5.5388093
GLOM	HLX	up	2.540652892973714	0.2863445388195491	0.6026677968228311	GSE108109-GPL19983	3.5261834
GLOM	ADGRE5	up	2.4887355316929485	0.6470794622312741	0.9297455837526358	GSE108109-GPL19983	5.042774
GLOM	CALHM2	up	2.4227760939958816	0.350235983464701	0.7204613628313244	GSE108109-GPL19983	1.7769239
GLOM	NEDD9	down	-2.415642569267469	0.438510150915227	0.8288611019201	GSE108109-GPL19983	-2.7008893
GLOM	SLC19A2	down	-2.3955060397956345	0.7004388597896869	0.9310382922335936	GSE108109-GPL19983	-2.2127106
GLOM	EMP3	up	2.3952218065922737	0.4650610958225323	0.8503860895686622	GSE108109-GPL19983	2.8029294
GLOM	GATA3	up	2.361521941942483	0.5445538860020617	0.8979196647491865	GSE108109-GPL19983	3.5492048
GLOM	SYT11	up	2.3195971788196856	0.3034556840035881	0.6590556144459377	GSE108109-GPL19983	2.9390275
GLOM	ARHGEF15	up	2.3019931397108464	0.6802778016020875	0.9369086314565964	GSE108109-GPL19983	4.009709
GLOM	RNF186	down	-2.2852033811253136	0.6546356661079913	0.9242533071225616	GSE108109-GPL19983	-1.7512257
GLOM	TCIM	up	2.284756512013201	0.3117452876205958	0.6879159201479773	GSE108109-GPL19983	3.049742
GLOM	LYL1	up	2.269564735486405	0.6487189164470901	0.926949191590136	GSE108109-GPL19983	2.8276432
GLOM	NR4A2	down	-2.2408868277685725	0.4409970612638296	0.8277314694328883	GSE108109-GPL19983	-0.9910524
GLOM	JPT1	up	2.2070804838575246	0.3723724299076087	0.7766052331165872	GSE108109-GPL19983	2.6302345
GLOM	MRAS	up	2.161829484335682	0.4164466048685146	0.8254737547486578	GSE108109-GPL19983	2.7876785
GLOM	SOX17	up	2.155661792573305	0.5088942539534298	0.882134462046792	GSE108109-GPL19983	2.1672688
GLOM	USP2	down	-2.1545813797041498	0.5761078585917537	0.90798900295943	GSE108109-GPL19983	-2.5989938
GLOM	ARPC1B	up	2.1335313151169584	0.262713987097833	0.5754581537854917	GSE108109-GPL19983	3.100342
GLOM	ZNF189	down	-2.130240280374329	0.6023595607951354	0.9173442695964312	GSE108109-GPL19983	-2.952165
GLOM	CISH	down	-2.117160434749865	0.2659288085134919	0.5613189672389264	GSE108109-GPL19983	-1.8464026
GLOM	ZNF331	down	-2.112052500072248	0.2648020889141687	0.556665663940973	GSE108109-GPL19983	-1.7542975
GLOM	ETNK2	down	-2.1053802825157617	0.5131801076584553	0.8824637917156379	GSE108109-GPL19983	-2.0129437
GLOM	TIPARP	down	-2.0693662594388957	0.4891974027257866	0.8698972574172874	GSE108109-GPL19983	-1.7352715
GLOM	EGR1	down	-1.9997203829869643	0.639567908772849	0.9238829232649308	GSE108109-GPL19983	-0.7630275
GLOM	FOSB	down	-3.5300407249112298	0.8147345915812231	0.9357934702024632	GSE93798-GPL22945	-9.240657
GLOM	PPP1R10	down	-2.7560315093235737	0.8399910174830024	0.9462726092905952	GSE93798-GPL22945	-4.1473956
GLOM	DUSP1	down	-2.66996093866855	0.5592949138389405	0.8849596260543623	GSE93798-GPL22945	-5.5275908
GLOM	CYP27B1	down	-2.654160918339568	0.4888604940252271	0.8490174227173195	GSE93798-GPL22945	-4.2410583
GLOM	FXYD5	up	2.5732780149701395	0.535926999943596	0.8869479116553559	GSE93798-GPL22945	3.5994146
GLOM	FSCN1	up	2.5673799950769776	0.6527787534893429	0.9322657913578029	GSE93798-GPL22945	1.3040732
GLOM	HLX	up	2.540652892973714	0.2863445388195491	0.6026677968228311	GSE93798-GPL22945	2.6867087
GLOM	ADGRE5	up	2.4887355316929485	0.6470794622312741	0.9297455837526358	GSE93798-GPL22945	2.2564235
GLOM	CALHM2	up	2.4227760939958816	0.350235983464701	0.7204613628313244	GSE93798-GPL22945	3.8391385
GLOM	NEDD9	down	-2.415642569267469	0.438510150915227	0.8288611019201	GSE93798-GPL22945	-3.1034112
GLOM	SLC19A2	down	-2.3955060397956345	0.7004388597896869	0.9310382922335936	GSE93798-GPL22945	-4.0903926
GLOM	EMP3	up	2.3952218065922737	0.4650610958225323	0.8503860895686622	GSE93798-GPL22945	3.7145674
GLOM	GATA3	up	2.361521941942483	0.5445538860020617	0.8979196647491865	GSE93798-GPL22945	3.304866
GLOM	SYT11	up	2.3195971788196856	0.3034556840035881	0.6590556144459377	GSE93798-GPL22945	3.0139196
GLOM	ARHGEF15	up	2.3019931397108464	0.6802778016020875	0.9369086314565964	GSE93798-GPL22945	3.1962738
GLOM	RNF186	down	-2.2852033811253136	0.6546356661079913	0.9242533071225616	GSE93798-GPL22945	-5.372654
GLOM	TCIM	up	2.284756512013201	0.3117452876205958	0.6879159201479773	GSE93798-GPL22945	2.5840037
GLOM	LYL1	up	2.269564735486405	0.6487189164470901	0.926949191590136	GSE93798-GPL22945	4.451051
GLOM	NR4A2	down	-2.2408868277685725	0.4409970612638296	0.8277314694328883	GSE93798-GPL22945	-3.7159111
GLOM	JPT1	up	2.2070804838575246	0.3723724299076087	0.7766052331165872	GSE93798-GPL22945	3.0624347
GLOM	MRAS	up	2.161829484335682	0.4164466048685146	0.8254737547486578	GSE93798-GPL22945	2.8544037
GLOM	SOX17	up	2.155661792573305	0.5088942539534298	0.882134462046792	GSE93798-GPL22945	3.903261
GLOM	USP2	down	-2.1545813797041498	0.5761078585917537	0.90798900295943	GSE93798-GPL22945	-3.6173155
GLOM	ARPC1B	up	2.1335313151169584	0.262713987097833	0.5754581537854917	GSE93798-GPL22945	2.1973915
GLOM	ZNF189	down	-2.130240280374329	0.6023595607951354	0.9173442695964312	GSE93798-GPL22945	-2.504944
GLOM	CISH	down	-2.117160434749865	0.2659288085134919	0.5613189672389264	GSE93798-GPL22945	-2.7044106
GLOM	ZNF331	down	-2.112052500072248	0.2648020889141687	0.556665663940973	GSE93798-GPL22945	-3.1307635
GLOM	ETNK2	down	-2.1053802825157617	0.5131801076584553	0.8824637917156379	GSE93798-GPL22945	-3.894766
GLOM	TIPARP	down	-2.0693662594388957	0.4891974027257866	0.8698972574172874	GSE93798-GPL22945	-3.7381604
GLOM	EGR1	down	-1.9997203829869643	0.639567908772849	0.9238829232649308	GSE93798-GPL22945	-5.1843123
TUB	DUSP1	down	-3.0742154376121698	0.311886220424973	0.4224482782129217	ERCB_TUB_H1	-3.0465724
TUB	B4GALT5	up	2.6866525722446477	0.505108688455432	0.8126228108095087	ERCB_TUB_H1	1.9205502
TUB	FOSB	down	-2.5319495481108727	0.3226560987397577	0.549589477933302	ERCB_TUB_H1	-3.0798466
TUB	MYLIP	up	2.431687999083579	0.544047625618852	0.841345812718545	ERCB_TUB_H1	3.4458077
TUB	SOCS2	down	-2.421265084239263	0.7312583356860946	0.898541107824625	ERCB_TUB_H1	-1.6669728
TUB	GOLPH3L	up	2.411534487097226	0.2056878210387059	0.0	ERCB_TUB_H1	2.4239626
TUB	NR4A1	down	-2.407278851248276	0.2530966050990502	0.267412090668858	ERCB_TUB_H1	-2.1065419
TUB	ZFAND5	down	-2.369227918014568	0.5883644937497354	0.8654455675135887	ERCB_TUB_H1	-1.3563697
TUB	ZFP36	down	-2.358033513142002	0.3406520923965528	0.5807717853701795	ERCB_TUB_H1	-2.5159683
TUB	NR4A3	down	-2.2881084180330027	0.3405967855677935	0.624319338732217	ERCB_TUB_H1	-2.6346607
TUB	GADD45B	down	-2.2863690620276578	0.2071250847857555	0.0	ERCB_TUB_H1	-2.495565
TUB	ZC3H7A	up	2.264473031003852	0.546141458327379	0.8312139631809878	ERCB_TUB_H1	2.5023959
TUB	ATF7IP	up	2.2561094887072217	0.3131500318080648	0.5263889035146248	ERCB_TUB_H1	2.5991814
TUB	ZBTB33	up	2.2298529266365468	0.5668090137331728	0.8536650726556715	ERCB_TUB_H1	3.2113218
TUB	CITED2	up	2.2224725329487787	0.2875651842490286	0.4795075497674951	ERCB_TUB_H1	2.0194294
TUB	C2CD2	up	2.1523250616735248	0.2335876894570154	0.225458592208979	ERCB_TUB_H1	2.530896
TUB	EGR1	down	-2.1355403712273966	0.2040170581624538	0.0	ERCB_TUB_H1	-2.2853265
TUB	TSLIG3A	up	2.1352198725011133	0.3489952643528061	0.620713844181304	ERCB_TUB_H1	2.4436288
TUB	INPP5B	down	-2.1227137091086616	0.631964077562793	0.8898349993898969	ERCB_TUB_H1	-3.2950835
TUB	BTBD7	up	2.111464004402412	0.5955398436197111	0.8725737512126202	ERCB_TUB_H1	3.2215285
TUB	GADD45A	down	-2.105943663439961	0.4584030581992155	0.771291196266572	ERCB_TUB_H1	-1.6994774
TUB	ZNF331	down	-2.1000352319094846	0.4986911732934814	0.8179023495413211	ERCB_TUB_H1	-1.2610445
TUB	NUP37	up	2.0442796354575545	0.226536968734008	0.1765755298471013	ERCB_TUB_H1	2.2557952
TUB	GUCY1B1	up	2.034192875575561	0.2636247069757957	0.4000049584735926	ERCB_TUB_H1	2.4394875
TUB	SGK1	down	-2.021821721243196	0.4424207066750599	0.7887885833545939	ERCB_TUB_H1	-1.4460189
TUB	GPR3	down	-2.0057210662582827	0.4139627623643909	0.7590981478847726	ERCB_TUB_H1	-2.4754496
TUB	SNX3	up	1.9799632413572543	0.1982154895044528	0.0	ERCB_TUB_H1	1.898209
TUB	FOS	down	-1.9746774161886356	0.2008604877707955	0.0	ERCB_TUB_H1	-1.8680035
TUB	TRIAP1	up	1.9675575502079048	0.3590733587525987	0.6491354712799455	ERCB_TUB_H1	2.159652
TUB	HNF1B	up	1.9604889029926615	0.5082370955416625	0.8350183419463577	ERCB_TUB_H1	2.88976
TUB	DUSP1	down	-3.0742154376121698	0.311886220424973	0.4224482782129217	ERCB_TUB_H7	-3.689553
TUB	B4GALT5	up	2.6866525722446477	0.505108688455432	0.8126228108095087	ERCB_TUB_H7	2.557185
TUB	FOSB	down	-2.5319495481108727	0.3226560987397577	0.549589477933302	ERCB_TUB_H7	-2.1331863
TUB	MYLIP	up	2.431687999083579	0.544047625618852	0.841345812718545	ERCB_TUB_H7	1.9485958
TUB	SOCS2	down	-2.421265084239263	0.7312583356860946	0.898541107824625	ERCB_TUB_H7	-4.052591
TUB	GOLPH3L	up	2.411534487097226	0.2056878210387059	0.0	ERCB_TUB_H7	2.1377277
TUB	NR4A1	down	-2.407278851248276	0.2530966050990502	0.267412090668858	ERCB_TUB_H7	-2.9214258
TUB	ZFAND5	down	-2.369227918014568	0.5883644937497354	0.8654455675135887	ERCB_TUB_H7	-2.688251
TUB	ZFP36	down	-2.358033513142002	0.3406520923965528	0.5807717853701795	ERCB_TUB_H7	-2.852933
TUB	NR4A3	down	-2.2881084180330027	0.3405967855677935	0.624319338732217	ERCB_TUB_H7	-1.6778244
TUB	GADD45B	down	-2.2863690620276578	0.2071250847857555	0.0	ERCB_TUB_H7	-2.319589
TUB	ZC3H7A	up	2.264473031003852	0.546141458327379	0.8312139631809878	ERCB_TUB_H7	3.1540701
TUB	ATF7IP	up	2.2561094887072217	0.3131500318080648	0.5263889035146248	ERCB_TUB_H7	2.460645
TUB	ZBTB33	up	2.2298529266365468	0.5668090137331728	0.8536650726556715	ERCB_TUB_H7	2.2011912
TUB	CITED2	up	2.2224725329487787	0.2875651842490286	0.4795075497674951	ERCB_TUB_H7	1.9312888
TUB	C2CD2	up	2.1523250616735248	0.2335876894570154	0.225458592208979	ERCB_TUB_H7	1.8684121
TUB	EGR1	down	-2.1355403712273966	0.2040170581624538	0.0	ERCB_TUB_H7	-2.2419925
TUB	TSLIG3A	up	2.1352198725011133	0.3489952643528061	0.620713844181304	ERCB_TUB_H7	2.4915686
TUB	INPP5B	down	-2.1227137091086616	0.631964077562793	0.8898349993898969	ERCB_TUB_H7	-1.4824246
TUB	BTBD7	up	2.111464004402412	0.5955398436197111	0.8725737512126202	ERCB_TUB_H7	1.8441914
TUB	GADD45A	down	-2.105943663439961	0.4584030581992155	0.771291196266572	ERCB_TUB_H7	-3.0667617
TUB	ZNF331	down	-2.1000352319094846	0.4986911732934814	0.8179023495413211	ERCB_TUB_H7	-2.6126149
TUB	NUP37	up	2.0442796354575545	0.226536968734008	0.1765755298471013	ERCB_TUB_H7	2.1570668
TUB	GUCY1B1	up	2.034192875575561	0.2636247069757957	0.4000049584735926	ERCB_TUB_H7	1.6389604
TUB	SGK1	down	-2.021821721243196	0.4424207066750599	0.7887885833545939	ERCB_TUB_H7	-1.7132995
TUB	GPR3	down	-2.0057210662582827	0.4139627623643909	0.7590981478847726	ERCB_TUB_H7	-1.2861398
TUB	SNX3	up	1.9799632413572543	0.1982154895044528	0.0	ERCB_TUB_H7	1.9838389
TUB	FOS	down	-1.9746774161886356	0.2008604877707955	0.0	ERCB_TUB_H7	-2.2971728
TUB	TRIAP1	up	1.9675575502079048	0.3590733587525987	0.6491354712799455	ERCB_TUB_H7	2.4712813
TUB	HNF1B	up	1.9604889029926615	0.5082370955416625	0.8350183419463577	ERCB_TUB_H7	1.4737251
TUB	DUSP1	down	-3.0742154376121698	0.311886220424973	0.4224482782129217	GSE108112-GPL19983	-2.4699748
TUB	B4GALT5	up	2.6866525722446477	0.505108688455432	0.8126228108095087	GSE108112-GPL19983	3.7842648
TUB	FOSB	down	-2.5319495481108727	0.3226560987397577	0.549589477933302	GSE108112-GPL19983	-2.2838647
TUB	MYLIP	up	2.431687999083579	0.544047625618852	0.841345812718545	GSE108112-GPL19983	1.8355116
TUB	SOCS2	down	-2.421265084239263	0.7312583356860946	0.898541107824625	GSE108112-GPL19983	-1.6314718
TUB	GOLPH3L	up	2.411534487097226	0.2056878210387059	0.0	GSE108112-GPL19983	2.8980465
TUB	NR4A1	down	-2.407278851248276	0.2530966050990502	0.267412090668858	GSE108112-GPL19983	-2.342798
TUB	ZFAND5	down	-2.369227918014568	0.5883644937497354	0.8654455675135887	GSE108112-GPL19983	-3.205525
TUB	ZFP36	down	-2.358033513142002	0.3406520923965528	0.5807717853701795	GSE108112-GPL19983	-1.5599269
TUB	NR4A3	down	-2.2881084180330027	0.3405967855677935	0.624319338732217	GSE108112-GPL19983	-2.6340728
TUB	GADD45B	down	-2.2863690620276578	0.2071250847857555	0.0	GSE108112-GPL19983	-1.7388855
TUB	ZC3H7A	up	2.264473031003852	0.546141458327379	0.8312139631809878	GSE108112-GPL19983	1.0673546
TUB	ATF7IP	up	2.2561094887072217	0.3131500318080648	0.5263889035146248	GSE108112-GPL19983	1.4894954
TUB	ZBTB33	up	2.2298529266365468	0.5668090137331728	0.8536650726556715	GSE108112-GPL19983	1.1702235
TUB	CITED2	up	2.2224725329487787	0.2875651842490286	0.4795075497674951	GSE108112-GPL19983	3.0162303
TUB	C2CD2	up	2.1523250616735248	0.2335876894570154	0.225458592208979	GSE108112-GPL19983	1.8931417
TUB	EGR1	down	-2.1355403712273966	0.2040170581624538	0.0	GSE108112-GPL19983	-1.5900236
TUB	TSLIG3A	up	2.1352198725011133	0.3489952643528061	0.620713844181304	GSE108112-GPL19983	1.2806194
TUB	INPP5B	down	-2.1227137091086616	0.631964077562793	0.8898349993898969	GSE108112-GPL19983	-1.5488882
TUB	BTBD7	up	2.111464004402412	0.5955398436197111	0.8725737512126202	GSE108112-GPL19983	1.1833396
TUB	GADD45A	down	-2.105943663439961	0.4584030581992155	0.771291196266572	GSE108112-GPL19983	-1.5814704
TUB	ZNF331	down	-2.1000352319094846	0.4986911732934814	0.8179023495413211	GSE108112-GPL19983	-2.5580513
TUB	NUP37	up	2.0442796354575545	0.226536968734008	0.1765755298471013	GSE108112-GPL19983	1.4232572
TUB	GUCY1B1	up	2.034192875575561	0.2636247069757957	0.4000049584735926	GSE108112-GPL19983	1.9661549
TUB	SGK1	down	-2.021821721243196	0.4424207066750599	0.7887885833545939	GSE108112-GPL19983	-3.150222
TUB	GPR3	down	-2.0057210662582827	0.4139627623643909	0.7590981478847726	GSE108112-GPL19983	-2.3176782
TUB	SNX3	up	1.9799632413572543	0.1982154895044528	0.0	GSE108112-GPL19983	2.194041
TUB	FOS	down	-1.9746774161886356	0.2008604877707955	0.0	GSE108112-GPL19983	-1.7193654
TUB	TRIAP1	up	1.9675575502079048	0.3590733587525987	0.6491354712799455	GSE108112-GPL19983	1.1048405
TUB	HNF1B	up	1.9604889029926615	0.5082370955416625	0.8350183419463577	GSE108112-GPL19983	1.4506528
