reference	compartment	unit	n	p	n_controls	r2	r2_cv	r2_cv_random_median	r2_cv_random_q95	r2_cv_patients	auroc_raw	auroc_composition_adjusted
scRNA	GLOM	ERCB_GLOM_H1	148	10	27	0.9020853433917092	0.8791549146175385	0.1875759065151214	0.4021015644073485	0.8726597994565963	0.8854362837413685	0.78060263653484
snRNA	GLOM	ERCB_GLOM_H1	148	10	27	0.8671391903352809	0.8371399268507957	0.155845358967781	0.4795630112290382	0.8099651619791984	0.8854362837413685	0.6585059635907093
scRNA	GLOM	ERCB_GLOM_H7	70	10	19	0.8892549099215152	0.8214584797620773	0.1385867148637771	0.5448873594403266	0.8350192025303841	0.9504643962848296	0.7997936016511867
snRNA	GLOM	ERCB_GLOM_H7	70	10	19	0.8451426658753257	0.7472289085388184	0.1351245641708374	0.4477396138012408	0.7321293383836747	0.9504643962848296	0.7853457172342622
scRNA	GLOM	GSE108109-GPL19983	111	10	6	0.8788347676830385	0.841796551644802	-0.0977886021137237	0.0567455470561981	0.861285500228405	0.9968253968253968	0.9984126984126984
snRNA	GLOM	GSE108109-GPL19983	111	10	6	0.8246125872071499	0.7605581119656563	-0.1409933567047119	0.1047119483351705	0.7875465765595436	0.9968253968253968	0.9746031746031746
scRNA	GLOM	GSE93798-GPL22945	42	10	22	0.9635047282149324	0.9223900869488716	-0.0910641849040985	0.5115925163030624	0.6869078665971756	1.0	0.7113636363636363
snRNA	GLOM	GSE93798-GPL22945	42	10	22	0.9585701162558828	0.899220609664917	-0.1346019506454467	0.38284991979599	-303.28777505159377	1.0	0.5704545454545454
scRNA	GLOM	GSE30528-GPL571CEL	22	10	13	0.9473009675352474	0.5914092153310776	-0.979297548532486	0.3683619767427443		0.7264957264957265	0.4444444444444444
snRNA	GLOM	GSE30528-GPL571CEL	22	10	13	0.94912430061938	0.1748702704906463	-1.6221332848072052	0.0118013292551039		0.7264957264957265	0.4957264957264957
scRNA	GLOM	GSE96804-GPL17586	61	10	20	0.9250515075203564	0.8558720365166664	-0.0450586527585983	0.2238872915506362	0.8209312111139297	0.901219512195122	0.75
snRNA	GLOM	GSE96804-GPL17586	61	10	20	0.8786362714678292	0.816547603905201	-0.0637222677469253	0.2595397874712943	0.7904730647802353	0.901219512195122	0.6707317073170732
scRNA	TUB	ERCB_TUB_H1	147	14	17	0.8935512682047411	0.8651788622140885	0.3333574831485748	0.5111154198646546	0.8903664775192738	0.8946869070208728	0.8268500948766604
snRNA	TUB	ERCB_TUB_H1	147	14	17	0.884471501975765	0.8490179315209389	0.2296583950519561	0.4915995724499225	0.9058436848223208	0.8946869070208728	0.8401328273244781
scRNA	TUB	ERCB_TUB_H7	60	14	21	0.8997724780995472	0.7954173535108566	0.0916430801153183	0.5207706101238727	0.6678433224558831	0.989010989010989	0.6923076923076923
snRNA	TUB	ERCB_TUB_H7	60	14	21	0.8819629372455997	0.7833313956856728	0.0688107311725616	0.5865822561085221	0.7229056358337402	0.989010989010989	0.6886446886446886
scRNA	TUB	GSE108112-GPL19983	169	14	5	0.7622645746146613	0.6805424958467483	-0.0449556410312652	0.1197281405329702	0.699687483906746	0.9	0.774390243902439
snRNA	TUB	GSE108112-GPL19983	169	14	5	0.7759893367911793	0.669437462091446	-0.078797847032547	0.0875590339303016	0.6758580416440964	0.9	0.7621951219512195
scRNA	TUB	GSE30529-GPL571CEL	22	14	12	0.9931585039123296	0.7026808865368366	-4.7911152839660645	-0.4577782154083257		0.9916666666666668	0.55
snRNA	TUB	GSE30529-GPL571CEL	22	14	12	0.992321428399167	0.8353903338313102	-2.6956627368927	-0.0710605472326279		0.9916666666666668	0.6666666666666666
scRNA	TUB	GSE133288-GPL19983	132	14	0	0.9070052030818944	0.8608582258224488	-0.1372458189725875	0.0266692802309989	0.7376114517450333		
snRNA	TUB	GSE133288-GPL19983	132	14	0	0.8904111357901472	0.8179264754056931	-0.1552402973175048	0.0769268885254858	0.7035515308380127		
scRNA	TUB	GSE182380-RNAseq	199	14	0	0.8840711145241231	0.845426221191883	0.0858901441097259	0.3135402217507361	0.800629249215126		
snRNA	TUB	GSE182380-RNAseq	199	14	0	0.8978037719875749	0.8690150909125804	0.1053018420934677	0.3496674850583076	0.8113513335585594		
scRNA	TUB	GSE175759-RNAseq	90	14	22	0.8557014896481188	0.7539893180131912	-0.0936737954616546	0.1148200765252112	0.7990939527750015	0.8729946524064172	0.6557486631016043
snRNA	TUB	GSE175759-RNAseq	90	14	22	0.8412806319511105	0.7360912680625915	-0.1638070046901703	0.1429168969392775	0.6963495194911957	0.8729946524064172	0.5828877005347594
scRNA	TUB	GSE142025-RNAseq	36	14	9	0.9829600843242888	0.9392510365694762	-0.4302525520324707	0.4108709111809729	0.8573022924363614	1.0	0.7489711934156379
snRNA	TUB	GSE142025-RNAseq	36	14	9	0.9696056308078412	0.9105321638286114	-0.6898840963840485	0.2023481488227843	0.8569288551807404	1.0	0.691358024691358
scRNA	TUB	GSE115857-GPL14951	86	14	7	0.6477013675003452	0.2818998157978057	-0.2520568370819092	0.095322312414646	0.437347137928009	0.833634719710669	0.9421338155515372
snRNA	TUB	GSE115857-GPL14951	86	14	7	0.7313108170649839	0.4925796270370483	-0.2004611492156982	0.1471780911087989	0.64212087392807	0.833634719710669	0.9584086799276672
