cohort	core	sample_uid	diagnosis	scp
GSE162830	GLOM	GSE162830|GSM4962549	DKD	0.0089982527699382
GSE162830	GLOM	GSE162830|GSM4962558	DKD	-0.0115546118112181
GSE162830	GLOM	GSE162830|GSM4962559	DKD	0.0791512032813041
GSE162830	GLOM	GSE162830|GSM4962560	DKD	0.0266795878478983
GSE162830	GLOM	GSE162830|GSM4962561	DKD	-0.0130380040106238
GSE162830	GLOM	GSE162830|GSM4962562	DKD	0.1264976991415792
GSE162830	GLOM	GSE162830|GSM4962563	DKD	0.1541739648954403
GSE162830	GLOM	GSE162830|GSM4962564	DKD	0.0230803832198369
GSE162830	GLOM	GSE162830|GSM4962565	DKD	0.0102005002048867
GSE162830	GLOM	GSE162830|GSM4962550	DKD	0.025332558390436
GSE162830	GLOM	GSE162830|GSM4962551	DKD	-0.0216180096363467
GSE162830	GLOM	GSE162830|GSM4962552	DKD	0.0138612737528694
GSE162830	GLOM	GSE162830|GSM4962553	DKD	-0.0069632961681056
GSE162830	GLOM	GSE162830|GSM4962554	DKD	0.0129540657737899
GSE162830	GLOM	GSE162830|GSM4962555	DKD	-0.0054546098235613
GSE162830	GLOM	GSE162830|GSM4962556	DKD	-0.0171830905316824
GSE162830	GLOM	GSE162830|GSM4962557	DKD	0.0062371261227773
GSE162830	GLOM	GSE162830|GSM4962576	ING	0.0903367844050792
GSE162830	GLOM	GSE162830|GSM4962577	ING	0.0964201935915517
GSE162830	GLOM	GSE162830|GSM4962578	ING	0.1110792803769217
GSE162830	GLOM	GSE162830|GSM4962579	ING	0.0037838438527751
GSE162830	GLOM	GSE162830|GSM4962580	ING	0.0222001257297087
GSE162830	GLOM	GSE162830|GSM4962567	CONTROL	-0.0044717905280325
GSE162830	GLOM	GSE162830|GSM4962568	CONTROL	-0.0471698347138336
GSE162830	GLOM	GSE162830|GSM4962569	CONTROL	-0.0337460988826676
GSE162830	GLOM	GSE162830|GSM4962570	CONTROL	0.0337931660520489
GSE162830	GLOM	GSE162830|GSM4962571	CONTROL	0.0443736088822449
GSE162830	GLOM	GSE162830|GSM4962572	CONTROL	-0.0395465712679188
GSE162830	GLOM	GSE162830|GSM4962573	CONTROL	-0.0433950264100816
GSE162830	GLOM	GSE162830|GSM4962574	CONTROL	0.0593599320358579
GSE162830	GLOM	GSE162830|GSM4962575	CONTROL	0.005806107335413
GSE162830	TUB	GSE162830|GSM4962549	DKD	-0.0487720580635024
GSE162830	TUB	GSE162830|GSM4962558	DKD	-0.031822653300694
GSE162830	TUB	GSE162830|GSM4962559	DKD	0.0169031543015034
GSE162830	TUB	GSE162830|GSM4962560	DKD	0.0077974998763205
GSE162830	TUB	GSE162830|GSM4962561	DKD	-0.0262956943257671
GSE162830	TUB	GSE162830|GSM4962562	DKD	0.054301747399134
GSE162830	TUB	GSE162830|GSM4962563	DKD	0.11758779595978
GSE162830	TUB	GSE162830|GSM4962564	DKD	-0.0146573189130608
GSE162830	TUB	GSE162830|GSM4962565	DKD	-0.0129048467472359
GSE162830	TUB	GSE162830|GSM4962550	DKD	-0.0161761680958513
GSE162830	TUB	GSE162830|GSM4962551	DKD	-0.0398186242843423
GSE162830	TUB	GSE162830|GSM4962552	DKD	-0.0406344855529738
GSE162830	TUB	GSE162830|GSM4962553	DKD	0.0273758104442423
GSE162830	TUB	GSE162830|GSM4962554	DKD	-0.0167720052108454
GSE162830	TUB	GSE162830|GSM4962555	DKD	-0.0177440298176443
GSE162830	TUB	GSE162830|GSM4962556	DKD	0.0008630153268183
GSE162830	TUB	GSE162830|GSM4962557	DKD	-0.0276524315471544
GSE162830	TUB	GSE162830|GSM4962576	ING	0.0239269572770554
GSE162830	TUB	GSE162830|GSM4962577	ING	0.0653842376357495
GSE162830	TUB	GSE162830|GSM4962578	ING	0.0640983561764177
GSE162830	TUB	GSE162830|GSM4962579	ING	-0.0298556193897152
GSE162830	TUB	GSE162830|GSM4962580	ING	-0.0056126994542496
GSE162830	TUB	GSE162830|GSM4962567	CONTROL	-0.0403777439188756
GSE162830	TUB	GSE162830|GSM4962568	CONTROL	-0.0520931346011345
GSE162830	TUB	GSE162830|GSM4962569	CONTROL	-0.055935132041789
GSE162830	TUB	GSE162830|GSM4962570	CONTROL	0.0264499917599927
GSE162830	TUB	GSE162830|GSM4962571	CONTROL	0.0305848831453867
GSE162830	TUB	GSE162830|GSM4962572	CONTROL	-0.0696552128035105
GSE162830	TUB	GSE162830|GSM4962573	CONTROL	-0.0739974408705669
GSE162830	TUB	GSE162830|GSM4962574	CONTROL	0.0251808767803667
GSE162830	TUB	GSE162830|GSM4962575	CONTROL	-0.045856579780259
KPMP	GLOM	KPMP|17-0001|Bulk_IU1700001	CONTROL	-0.0257826561673772
KPMP	GLOM	KPMP|17-0002|Bulk_IU1700002	CONTROL	-0.0031165932640299
KPMP	GLOM	KPMP|17-1606|Bulk_17-1606_18-0003v3_S26	CONTROL	-0.162642203614217
KPMP	GLOM	KPMP|18-0004|Bulk_18-139_18-0004_v2	CONTROL	-0.1325011229322478
KPMP	GLOM	KPMP|18-0006|Bulk_IU1800006	CONTROL	-0.1206280113941802
KPMP	GLOM	KPMP|18-0007|Bulk_18-142_18-0007	CONTROL	-0.0662237577541535
KPMP	GLOM	KPMP|18-0008|Bulk_18-162_18-0008	CONTROL	-0.0595402208446794
KPMP	GLOM	KPMP|18-0009|Bulk_18-312_18-0009	CONTROL	-0.0545505777929532
KPMP	GLOM	KPMP|18-0010|Bulk_18-342_18-0010	CONTROL	-0.0294025066239483
KPMP	GLOM	KPMP|28-12265|21-0063_Bulk	DKD	-0.008055073904166
KPMP	GLOM	KPMP|28-12442|21-0062_Bulk	DKD	0.0163099653427686
KPMP	GLOM	KPMP|29-10007|19-0002_Bulk	HT	-0.1147369156438409
KPMP	GLOM	KPMP|29-10008|11-14_20-0012_29-10008-Bulk_S29_9	HT	-0.015037213902011
KPMP	GLOM	KPMP|29-10011|08-13_20-0009_29-10011-Bulk_S24_4	OTHER	-0.0217923917472089
KPMP	GLOM	KPMP|29-10012|21-0072_Bulk	OTHER	-0.0299194901914148
KPMP	GLOM	KPMP|29-10013|21-0073_Bulk	HT	-0.0612809382297931
KPMP	GLOM	KPMP|29-10280|21-0068_Bulk	DKD	0.01120114008164
KPMP	GLOM	KPMP|29-10282|21-0055_Bulk	DKD	-0.0412059449427718
KPMP	GLOM	KPMP|29-10404|21-0061_Bulk	DKD	-0.0033635026860461
KPMP	GLOM	KPMP|31-10001|11-13_20-0011_31-10001_31-10001-Bulk_S28_8	DKD	-0.0360895314796979
KPMP	GLOM	KPMP|31-10035|21-02-07_20-0044-Bulk_S45_L004	OTHER	-0.0280237960424849
KPMP	GLOM	KPMP|31-10042|11-04_20-0039_31-10042-Bulk_S2_2	DKD	0.0194997055460869
KPMP	GLOM	KPMP|31-10221|21-0064_Bulk	HT	-0.038650007333874
KPMP	GLOM	KPMP|32-10034|02-01_20-0043_32-10034-Bulk_S31_11	DKD	-0.066142982880258
KPMP	GLOM	KPMP|34-10209|21-0060_Bulk	DKD	0.0815607878893078
KPMP	TUB	KPMP|17-0001|Bulk_IU1700001	CONTROL	0.0758441282735589
KPMP	TUB	KPMP|17-0002|Bulk_IU1700002	CONTROL	0.095416290483833
KPMP	TUB	KPMP|17-1606|Bulk_17-1606_18-0003v3_S26	CONTROL	0.0097724616908168
KPMP	TUB	KPMP|18-0004|Bulk_18-139_18-0004_v2	CONTROL	0.0042313346529578
KPMP	TUB	KPMP|18-0006|Bulk_IU1800006	CONTROL	0.0442406886917726
KPMP	TUB	KPMP|18-0007|Bulk_18-142_18-0007	CONTROL	-0.0821302243905484
KPMP	TUB	KPMP|18-0008|Bulk_18-162_18-0008	CONTROL	0.0531184168004139
KPMP	TUB	KPMP|18-0009|Bulk_18-312_18-0009	CONTROL	-0.0288243355600521
KPMP	TUB	KPMP|18-0010|Bulk_18-342_18-0010	CONTROL	-0.0487875766165932
KPMP	TUB	KPMP|28-12265|21-0063_Bulk	DKD	0.1024457203336839
KPMP	TUB	KPMP|28-12442|21-0062_Bulk	DKD	0.1073031077371085
KPMP	TUB	KPMP|29-10007|19-0002_Bulk	HT	0.0603204149843344
KPMP	TUB	KPMP|29-10008|11-14_20-0012_29-10008-Bulk_S29_9	HT	0.0900299486452809
KPMP	TUB	KPMP|29-10011|08-13_20-0009_29-10011-Bulk_S24_4	OTHER	0.0834860097811082
KPMP	TUB	KPMP|29-10012|21-0072_Bulk	OTHER	0.0970398483117339
KPMP	TUB	KPMP|29-10013|21-0073_Bulk	HT	0.0748933006004032
KPMP	TUB	KPMP|29-10280|21-0068_Bulk	DKD	0.108505600248322
KPMP	TUB	KPMP|29-10282|21-0055_Bulk	DKD	0.1019923369813317
KPMP	TUB	KPMP|29-10404|21-0061_Bulk	DKD	0.0966701678561491
KPMP	TUB	KPMP|31-10001|11-13_20-0011_31-10001_31-10001-Bulk_S28_8	DKD	0.0861420721698935
KPMP	TUB	KPMP|31-10035|21-02-07_20-0044-Bulk_S45_L004	OTHER	0.0871108165478367
KPMP	TUB	KPMP|31-10042|11-04_20-0039_31-10042-Bulk_S2_2	DKD	0.111039309539902
KPMP	TUB	KPMP|31-10221|21-0064_Bulk	HT	0.0931159546202344
KPMP	TUB	KPMP|32-10034|02-01_20-0043_32-10034-Bulk_S31_11	DKD	0.0690597704581404
KPMP	TUB	KPMP|34-10209|21-0060_Bulk	DKD	0.1401931121130043
GSE166239	GLOM	GSE166239|GSM5066699	CONTROL	-0.2454135243166043
GSE166239	GLOM	GSE166239|GSM5066700	CONTROL	-0.2620730697378975
GSE166239	GLOM	GSE166239|GSM5066701	CONTROL	-0.2503956356394671
GSE166239	GLOM	GSE166239|GSM5066702	CONTROL	-0.2664468822211027
GSE166239	GLOM	GSE166239|GSM5066703	CONTROL	-0.2418521153984038
GSE166239	GLOM	GSE166239|GSM5066704	CONTROL	-0.264496594828073
GSE166239	GLOM	GSE166239|GSM5066705	HT	-0.1393271028074201
GSE166239	GLOM	GSE166239|GSM5066706	HT	-0.0513400853091802
GSE166239	GLOM	GSE166239|GSM5066707	HT	-0.1816713591722739
GSE166239	GLOM	GSE166239|GSM5066708	HT	-0.1870983798678327
GSE166239	GLOM	GSE166239|GSM5066709	HT	-0.1741110906399104
GSE166239	GLOM	GSE166239|GSM5066710	HT	-0.0843833623168226
GSE166239	GLOM	GSE166239|GSM5066711	DKD	-0.1003513468579695
GSE166239	GLOM	GSE166239|GSM5066712	DKD	-0.0221070108712682
GSE166239	GLOM	GSE166239|GSM5066713	DKD	-0.0390799217301338
GSE166239	GLOM	GSE166239|GSM5066714	DKD	-0.1173025161855431
GSE166239	GLOM	GSE166239|GSM5066715	DKD	-0.183943689801395
GSE166239	GLOM	GSE166239|GSM5066716	DKD	-0.1395900315794337
GSE166239	TUB	GSE166239|GSM5066699	CONTROL	-0.1033355292093671
GSE166239	TUB	GSE166239|GSM5066700	CONTROL	-0.0951019590794952
GSE166239	TUB	GSE166239|GSM5066701	CONTROL	-0.0819113570233166
GSE166239	TUB	GSE166239|GSM5066702	CONTROL	-0.0840228506970199
GSE166239	TUB	GSE166239|GSM5066703	CONTROL	-0.0692573366028789
GSE166239	TUB	GSE166239|GSM5066704	CONTROL	-0.087908974631229
GSE166239	TUB	GSE166239|GSM5066705	HT	-0.0214406759903215
GSE166239	TUB	GSE166239|GSM5066706	HT	0.0305645134722363
GSE166239	TUB	GSE166239|GSM5066707	HT	-0.0301228580613553
GSE166239	TUB	GSE166239|GSM5066708	HT	-0.0598143268702617
GSE166239	TUB	GSE166239|GSM5066709	HT	-0.0324191495992374
GSE166239	TUB	GSE166239|GSM5066710	HT	0.008989669848185
GSE166239	TUB	GSE166239|GSM5066711	DKD	0.0074032821253245
GSE166239	TUB	GSE166239|GSM5066712	DKD	0.0448987299275843
GSE166239	TUB	GSE166239|GSM5066713	DKD	0.0432266142171352
GSE166239	TUB	GSE166239|GSM5066714	DKD	-0.0231740896062927
GSE166239	TUB	GSE166239|GSM5066715	DKD	-0.0436038374044253
GSE166239	TUB	GSE166239|GSM5066716	DKD	-0.007112583851327
GSE175759-RNAseq	GLOM	GSE175759-RNAseq|GSM5345902	IgAN	-0.0855674743652343
GSE175759-RNAseq	GLOM	GSE175759-RNAseq|GSM5345903	IgAN	-0.0260999202728271
GSE175759-RNAseq	GLOM	GSE175759-RNAseq|GSM5345904	IgAN	-0.0738272070884704
GSE175759-RNAseq	GLOM	GSE175759-RNAseq|GSM5345905	IgAN	-0.0490891337394714
GSE175759-RNAseq	GLOM	GSE175759-RNAseq|GSM5345906	IgAN	-0.0538858771324157
GSE175759-RNAseq	GLOM	GSE175759-RNAseq|GSM5345907	IgAN	-0.0543424487113952
GSE175759-RNAseq	GLOM	GSE175759-RNAseq|GSM5345908	IgAN	-0.0909810066223144
GSE175759-RNAseq	GLOM	GSE175759-RNAseq|GSM5345909	IgAN	-0.1180185675621032
GSE175759-RNAseq	GLOM	GSE175759-RNAseq|GSM5345910	IgAN	-0.1073171496391296
GSE175759-RNAseq	GLOM	GSE175759-RNAseq|GSM5345912	IgAN	-0.0885513424873352
GSE175759-RNAseq	GLOM	GSE175759-RNAseq|GSM5345913	IgAN	-0.0600078701972961
GSE175759-RNAseq	GLOM	GSE175759-RNAseq|GSM5345914	IgAN	-0.0561639070510864
GSE175759-RNAseq	GLOM	GSE175759-RNAseq|GSM5345915	IgAN	-0.0663748979568481
GSE175759-RNAseq	GLOM	GSE175759-RNAseq|GSM5345916	IgAN	-0.0723000168800354
GSE175759-RNAseq	GLOM	GSE175759-RNAseq|GSM5345917	IgAN	-0.1041158437728881
GSE175759-RNAseq	GLOM	GSE175759-RNAseq|GSM5345918	IgAN	-0.0717872381210327
GSE175759-RNAseq	GLOM	GSE175759-RNAseq|GSM5345920	IgAN	-0.0875236392021179
GSE175759-RNAseq	GLOM	GSE175759-RNAseq|GSM5345922	IgAN	-0.0896029472351074
GSE175759-RNAseq	GLOM	GSE175759-RNAseq|GSM5345923	IgAN	-0.0512871742248535
GSE175759-RNAseq	GLOM	GSE175759-RNAseq|GSM5345924	IgAN	-0.0850123763084411
GSE175759-RNAseq	GLOM	GSE175759-RNAseq|GSM5345925	IgAN	-0.0889270305633544
GSE175759-RNAseq	GLOM	GSE175759-RNAseq|GSM5345926	IgAN	-0.0898561477661132
GSE175759-RNAseq	GLOM	GSE175759-RNAseq|GSM5345927	IgAN	-0.0748257637023925
GSE175759-RNAseq	GLOM	GSE175759-RNAseq|GSM5345928	IgAN	-0.0513570308685302
GSE175759-RNAseq	GLOM	GSE175759-RNAseq|GSM5345929	IgAN	-0.0678236484527587
GSE175759-RNAseq	GLOM	GSE175759-RNAseq|GSM5345930	IgAN	-0.0938084125518798
GSE175759-RNAseq	GLOM	GSE175759-RNAseq|GSM5345931	IgAN	-0.0909993648529052
GSE175759-RNAseq	GLOM	GSE175759-RNAseq|GSM5345932	IgAN	-0.1080739498138427
GSE175759-RNAseq	GLOM	GSE175759-RNAseq|GSM5345933	IgAN	-0.0703405737876892
GSE175759-RNAseq	GLOM	GSE175759-RNAseq|GSM5345934	IgAN	-0.0947140455245971
GSE175759-RNAseq	GLOM	GSE175759-RNAseq|GSM5345935	IgAN	-0.0746420621871948
GSE175759-RNAseq	GLOM	GSE175759-RNAseq|GSM5345936	IgAN	-0.0639349818229675
GSE175759-RNAseq	GLOM	GSE175759-RNAseq|GSM5345937	IgAN	-0.0615721940994262
GSE175759-RNAseq	GLOM	GSE175759-RNAseq|GSM5345938	IgAN	-0.0959056615829467
GSE175759-RNAseq	GLOM	GSE175759-RNAseq|GSM5345939	IgAN	-0.0988203287124633
GSE175759-RNAseq	GLOM	GSE175759-RNAseq|GSM5345940	IgAN	-0.0774320363998413
GSE175759-RNAseq	GLOM	GSE175759-RNAseq|GSM5345941	IgAN	-0.1013644933700561
GSE175759-RNAseq	GLOM	GSE175759-RNAseq|GSM5345942	IgAN	-0.0836374163627624
GSE175759-RNAseq	GLOM	GSE175759-RNAseq|GSM5345943	IgAN	-0.0928912758827209
GSE175759-RNAseq	GLOM	GSE175759-RNAseq|GSM5345944	IgAN	-0.0799849033355712
GSE175759-RNAseq	GLOM	GSE175759-RNAseq|GSM5345945	IgAN	-0.1085254549980163
GSE175759-RNAseq	GLOM	GSE175759-RNAseq|GSM5345946	IgAN	-0.0943466424942016
GSE175759-RNAseq	GLOM	GSE175759-RNAseq|GSM5345947	IgAN	-0.0797894597053527
GSE175759-RNAseq	GLOM	GSE175759-RNAseq|GSM5345948	CONTROL	-0.0859757661819458
GSE175759-RNAseq	GLOM	GSE175759-RNAseq|GSM5345949	CONTROL	-0.0766863226890564
GSE175759-RNAseq	GLOM	GSE175759-RNAseq|GSM5345950	CONTROL	-0.0544801354408264
GSE175759-RNAseq	GLOM	GSE175759-RNAseq|GSM5345951	CONTROL	-0.0353356599807739
GSE175759-RNAseq	GLOM	GSE175759-RNAseq|GSM5345952	CONTROL	-0.1181163191795349
GSE175759-RNAseq	GLOM	GSE175759-RNAseq|GSM5345953	CONTROL	-0.0481322407722473
GSE175759-RNAseq	GLOM	GSE175759-RNAseq|GSM5345954	CONTROL	-0.1221488118171691
GSE175759-RNAseq	GLOM	GSE175759-RNAseq|GSM5345955	CONTROL	-0.1241100430488586
GSE175759-RNAseq	GLOM	GSE175759-RNAseq|GSM5345956	CONTROL	-0.1029480099678039
GSE175759-RNAseq	GLOM	GSE175759-RNAseq|GSM5345957	CONTROL	-0.1356768012046814
GSE175759-RNAseq	GLOM	GSE175759-RNAseq|GSM5345958	CONTROL	-0.1162941455841064
GSE175759-RNAseq	GLOM	GSE175759-RNAseq|GSM5345959	CONTROL	-0.118412971496582
GSE175759-RNAseq	GLOM	GSE175759-RNAseq|GSM5345960	CONTROL	-0.1332295536994934
GSE175759-RNAseq	GLOM	GSE175759-RNAseq|GSM5345961	CONTROL	-0.1223923563957214
GSE175759-RNAseq	GLOM	GSE175759-RNAseq|GSM5345962	CONTROL	-0.1129959225654602
GSE175759-RNAseq	GLOM	GSE175759-RNAseq|GSM5345963	CONTROL	-0.0811891555786132
GSE175759-RNAseq	GLOM	GSE175759-RNAseq|GSM5345964	CONTROL	-0.0863205194473266
GSE175759-RNAseq	GLOM	GSE175759-RNAseq|GSM5345965	CONTROL	-0.0718171596527099
GSE175759-RNAseq	GLOM	GSE175759-RNAseq|GSM5345966	CONTROL	-0.1044695377349853
GSE175759-RNAseq	GLOM	GSE175759-RNAseq|GSM5345967	CONTROL	-0.0970047116279602
GSE175759-RNAseq	GLOM	GSE175759-RNAseq|GSM5345968	CONTROL	-0.1100775003433227
GSE175759-RNAseq	GLOM	GSE175759-RNAseq|GSM5345969	CONTROL	-0.1043161153793335
GSE175759-RNAseq	GLOM	GSE175759-RNAseq|GSM5345970	DKD	-0.0165116190910339
GSE175759-RNAseq	GLOM	GSE175759-RNAseq|GSM5345971	DKD	-0.0029308795928955
GSE175759-RNAseq	GLOM	GSE175759-RNAseq|GSM5345972	DKD	-0.0946843028068542
GSE175759-RNAseq	GLOM	GSE175759-RNAseq|GSM5345973	FSGS	-0.1015442013740539
GSE175759-RNAseq	GLOM	GSE175759-RNAseq|GSM5345974	FSGS	-0.0490761995315551
GSE175759-RNAseq	GLOM	GSE175759-RNAseq|GSM5345975	FSGS	-0.1258529424667358
GSE175759-RNAseq	GLOM	GSE175759-RNAseq|GSM5345976	LN	-0.0030354857444763
GSE175759-RNAseq	GLOM	GSE175759-RNAseq|GSM5345977	LN	-0.0336571335792541
GSE175759-RNAseq	GLOM	GSE175759-RNAseq|GSM5345978	LN	-0.0700411200523376
GSE175759-RNAseq	GLOM	GSE175759-RNAseq|GSM5345979	MN	-0.0592986345291137
GSE175759-RNAseq	GLOM	GSE175759-RNAseq|GSM5345980	MN	-0.0879633426666259
GSE175759-RNAseq	GLOM	GSE175759-RNAseq|GSM5345981	MN	-0.0352417826652526
GSE175759-RNAseq	GLOM	GSE175759-RNAseq|GSM5345982	MN	-0.063514769077301
GSE175759-RNAseq	GLOM	GSE175759-RNAseq|GSM5345983	MCD	-0.07686048746109
GSE175759-RNAseq	GLOM	GSE175759-RNAseq|GSM5345984	MCD	-0.0567268729209899
GSE175759-RNAseq	GLOM	GSE175759-RNAseq|GSM5345985	MCD	-0.0964258909225463
GSE175759-RNAseq	GLOM	GSE175759-RNAseq|GSM5345986	MCD	-0.1084867119789123
GSE175759-RNAseq	GLOM	GSE175759-RNAseq|GSM5345987	MCD	-0.0566440820693969
GSE175759-RNAseq	GLOM	GSE175759-RNAseq|GSM5345988	MCD	-0.1195940375328064
GSE175759-RNAseq	GLOM	GSE175759-RNAseq|GSM5345989	MCD	-0.0972804427146911
GSE175759-RNAseq	GLOM	GSE175759-RNAseq|GSM5345990	MCD	-0.0440171957015991
GSE175759-RNAseq	GLOM	GSE175759-RNAseq|GSM5345991	MCD	-0.0568424463272094
GSE175759-RNAseq	TUB	GSE175759-RNAseq|GSM5345902	IgAN	0.0947017669677734
GSE175759-RNAseq	TUB	GSE175759-RNAseq|GSM5345903	IgAN	0.118899405002594
GSE175759-RNAseq	TUB	GSE175759-RNAseq|GSM5345904	IgAN	0.1019340753555297
GSE175759-RNAseq	TUB	GSE175759-RNAseq|GSM5345905	IgAN	0.1085138320922851
GSE175759-RNAseq	TUB	GSE175759-RNAseq|GSM5345906	IgAN	0.1203576922416687
GSE175759-RNAseq	TUB	GSE175759-RNAseq|GSM5345907	IgAN	0.1149656772613525
GSE175759-RNAseq	TUB	GSE175759-RNAseq|GSM5345908	IgAN	0.0890560150146484
GSE175759-RNAseq	TUB	GSE175759-RNAseq|GSM5345909	IgAN	0.0705593824386596
GSE175759-RNAseq	TUB	GSE175759-RNAseq|GSM5345910	IgAN	0.0695585012435913
GSE175759-RNAseq	TUB	GSE175759-RNAseq|GSM5345912	IgAN	0.0831120014190673
GSE175759-RNAseq	TUB	GSE175759-RNAseq|GSM5345913	IgAN	0.1098464727401733
GSE175759-RNAseq	TUB	GSE175759-RNAseq|GSM5345914	IgAN	0.1222917437553405
GSE175759-RNAseq	TUB	GSE175759-RNAseq|GSM5345915	IgAN	0.1130686402320861
GSE175759-RNAseq	TUB	GSE175759-RNAseq|GSM5345916	IgAN	0.1042491793632507
GSE175759-RNAseq	TUB	GSE175759-RNAseq|GSM5345917	IgAN	0.0795218348503112
GSE175759-RNAseq	TUB	GSE175759-RNAseq|GSM5345918	IgAN	0.1083723306655883
GSE175759-RNAseq	TUB	GSE175759-RNAseq|GSM5345920	IgAN	0.096502661705017
GSE175759-RNAseq	TUB	GSE175759-RNAseq|GSM5345922	IgAN	0.0955424904823303
GSE175759-RNAseq	TUB	GSE175759-RNAseq|GSM5345923	IgAN	0.1209492683410644
GSE175759-RNAseq	TUB	GSE175759-RNAseq|GSM5345924	IgAN	0.0989089608192443
GSE175759-RNAseq	TUB	GSE175759-RNAseq|GSM5345925	IgAN	0.092398464679718
GSE175759-RNAseq	TUB	GSE175759-RNAseq|GSM5345926	IgAN	0.0927226543426513
GSE175759-RNAseq	TUB	GSE175759-RNAseq|GSM5345927	IgAN	0.1015558838844299
GSE175759-RNAseq	TUB	GSE175759-RNAseq|GSM5345928	IgAN	0.1136917471885681
GSE175759-RNAseq	TUB	GSE175759-RNAseq|GSM5345929	IgAN	0.11219322681427
GSE175759-RNAseq	TUB	GSE175759-RNAseq|GSM5345930	IgAN	0.0873815417289733
GSE175759-RNAseq	TUB	GSE175759-RNAseq|GSM5345931	IgAN	0.088312804698944
GSE175759-RNAseq	TUB	GSE175759-RNAseq|GSM5345932	IgAN	0.0780177116394043
GSE175759-RNAseq	TUB	GSE175759-RNAseq|GSM5345933	IgAN	0.1128697395324707
GSE175759-RNAseq	TUB	GSE175759-RNAseq|GSM5345934	IgAN	0.083367645740509
GSE175759-RNAseq	TUB	GSE175759-RNAseq|GSM5345935	IgAN	0.0998047590255737
GSE175759-RNAseq	TUB	GSE175759-RNAseq|GSM5345936	IgAN	0.1083571314811706
GSE175759-RNAseq	TUB	GSE175759-RNAseq|GSM5345937	IgAN	0.1078914999961853
GSE175759-RNAseq	TUB	GSE175759-RNAseq|GSM5345938	IgAN	0.0904490947723388
GSE175759-RNAseq	TUB	GSE175759-RNAseq|GSM5345939	IgAN	0.0916903018951416
GSE175759-RNAseq	TUB	GSE175759-RNAseq|GSM5345940	IgAN	0.0979920625686645
GSE175759-RNAseq	TUB	GSE175759-RNAseq|GSM5345941	IgAN	0.0860756635665893
GSE175759-RNAseq	TUB	GSE175759-RNAseq|GSM5345942	IgAN	0.0931314826011657
GSE175759-RNAseq	TUB	GSE175759-RNAseq|GSM5345943	IgAN	0.086652398109436
GSE175759-RNAseq	TUB	GSE175759-RNAseq|GSM5345944	IgAN	0.0955091118812561
GSE175759-RNAseq	TUB	GSE175759-RNAseq|GSM5345945	IgAN	0.0792741179466247
GSE175759-RNAseq	TUB	GSE175759-RNAseq|GSM5345946	IgAN	0.0969241261482238
GSE175759-RNAseq	TUB	GSE175759-RNAseq|GSM5345947	IgAN	0.1007285118103027
GSE175759-RNAseq	TUB	GSE175759-RNAseq|GSM5345948	CONTROL	0.0694941878318786
GSE175759-RNAseq	TUB	GSE175759-RNAseq|GSM5345949	CONTROL	0.0693941116333007
GSE175759-RNAseq	TUB	GSE175759-RNAseq|GSM5345950	CONTROL	0.0864873528480529
GSE175759-RNAseq	TUB	GSE175759-RNAseq|GSM5345951	CONTROL	0.1153110265731811
GSE175759-RNAseq	TUB	GSE175759-RNAseq|GSM5345952	CONTROL	0.0440026521682739
GSE175759-RNAseq	TUB	GSE175759-RNAseq|GSM5345953	CONTROL	0.1183097958564758
GSE175759-RNAseq	TUB	GSE175759-RNAseq|GSM5345954	CONTROL	0.0544979572296142
GSE175759-RNAseq	TUB	GSE175759-RNAseq|GSM5345955	CONTROL	0.0607239603996276
GSE175759-RNAseq	TUB	GSE175759-RNAseq|GSM5345956	CONTROL	0.089146614074707
GSE175759-RNAseq	TUB	GSE175759-RNAseq|GSM5345957	CONTROL	0.0638314485549926
GSE175759-RNAseq	TUB	GSE175759-RNAseq|GSM5345958	CONTROL	0.0724952220916748
GSE175759-RNAseq	TUB	GSE175759-RNAseq|GSM5345959	CONTROL	0.0670872330665588
GSE175759-RNAseq	TUB	GSE175759-RNAseq|GSM5345960	CONTROL	0.0612983107566833
GSE175759-RNAseq	TUB	GSE175759-RNAseq|GSM5345961	CONTROL	0.0738914012908935
GSE175759-RNAseq	TUB	GSE175759-RNAseq|GSM5345962	CONTROL	0.0632997751235961
GSE175759-RNAseq	TUB	GSE175759-RNAseq|GSM5345963	CONTROL	0.076215922832489
GSE175759-RNAseq	TUB	GSE175759-RNAseq|GSM5345964	CONTROL	0.0679349899291992
GSE175759-RNAseq	TUB	GSE175759-RNAseq|GSM5345965	CONTROL	0.092135488986969
GSE175759-RNAseq	TUB	GSE175759-RNAseq|GSM5345966	CONTROL	0.0629356503486633
GSE175759-RNAseq	TUB	GSE175759-RNAseq|GSM5345967	CONTROL	0.0616455078125
GSE175759-RNAseq	TUB	GSE175759-RNAseq|GSM5345968	CONTROL	0.0552449822425842
GSE175759-RNAseq	TUB	GSE175759-RNAseq|GSM5345969	CONTROL	0.0668398141860961
GSE175759-RNAseq	TUB	GSE175759-RNAseq|GSM5345970	DKD	0.1350107192993164
GSE175759-RNAseq	TUB	GSE175759-RNAseq|GSM5345971	DKD	0.1421675086021423
GSE175759-RNAseq	TUB	GSE175759-RNAseq|GSM5345972	DKD	0.1000462174415588
GSE175759-RNAseq	TUB	GSE175759-RNAseq|GSM5345973	FSGS	0.0882484912872314
GSE175759-RNAseq	TUB	GSE175759-RNAseq|GSM5345974	FSGS	0.107994258403778
GSE175759-RNAseq	TUB	GSE175759-RNAseq|GSM5345975	FSGS	0.0559983253479003
GSE175759-RNAseq	TUB	GSE175759-RNAseq|GSM5345976	LN	0.1497252583503723
GSE175759-RNAseq	TUB	GSE175759-RNAseq|GSM5345977	LN	0.124994158744812
GSE175759-RNAseq	TUB	GSE175759-RNAseq|GSM5345978	LN	0.0959771871566772
GSE175759-RNAseq	TUB	GSE175759-RNAseq|GSM5345979	MN	0.1210800409317016
GSE175759-RNAseq	TUB	GSE175759-RNAseq|GSM5345980	MN	0.1046885251998901
GSE175759-RNAseq	TUB	GSE175759-RNAseq|GSM5345981	MN	0.1431084275245666
GSE175759-RNAseq	TUB	GSE175759-RNAseq|GSM5345982	MN	0.1106018424034118
GSE175759-RNAseq	TUB	GSE175759-RNAseq|GSM5345983	MCD	0.1053350567817688
GSE175759-RNAseq	TUB	GSE175759-RNAseq|GSM5345984	MCD	0.1171710491180419
GSE175759-RNAseq	TUB	GSE175759-RNAseq|GSM5345985	MCD	0.083886444568634
GSE175759-RNAseq	TUB	GSE175759-RNAseq|GSM5345986	MCD	0.0715948939323425
GSE175759-RNAseq	TUB	GSE175759-RNAseq|GSM5345987	MCD	0.1109344959259033
GSE175759-RNAseq	TUB	GSE175759-RNAseq|GSM5345988	MCD	0.0776308178901672
GSE175759-RNAseq	TUB	GSE175759-RNAseq|GSM5345989	MCD	0.0904229879379272
GSE175759-RNAseq	TUB	GSE175759-RNAseq|GSM5345990	MCD	0.1278536319732666
GSE175759-RNAseq	TUB	GSE175759-RNAseq|GSM5345991	MCD	0.1123695373535156
GSE142025-RNAseq	GLOM	GSE142025-RNAseq|GSM4217781	DKD	-0.042624294757843
GSE142025-RNAseq	GLOM	GSE142025-RNAseq|GSM4217782	DKD	-0.0386916995048522
GSE142025-RNAseq	GLOM	GSE142025-RNAseq|GSM4217783	DKD	-0.084618330001831
GSE142025-RNAseq	GLOM	GSE142025-RNAseq|GSM4217784	DKD	-0.0492494106292724
GSE142025-RNAseq	GLOM	GSE142025-RNAseq|GSM4217785	DKD	-0.0041424632072448
GSE142025-RNAseq	GLOM	GSE142025-RNAseq|GSM4217786	DKD	-0.0359061956405639
GSE142025-RNAseq	GLOM	GSE142025-RNAseq|GSM4217787	DKD	0.0279497504234313
GSE142025-RNAseq	GLOM	GSE142025-RNAseq|GSM4217788	DKD	0.0099517107009887
GSE142025-RNAseq	GLOM	GSE142025-RNAseq|GSM4217789	DKD	-0.0188115239143371
GSE142025-RNAseq	GLOM	GSE142025-RNAseq|GSM4217790	DKD	-0.0500840544700622
GSE142025-RNAseq	GLOM	GSE142025-RNAseq|GSM4217791	DKD	-0.0455875992774963
GSE142025-RNAseq	GLOM	GSE142025-RNAseq|GSM4217792	DKD	-0.0864723920822143
GSE142025-RNAseq	GLOM	GSE142025-RNAseq|GSM4217793	DKD	-0.0254720449447631
GSE142025-RNAseq	GLOM	GSE142025-RNAseq|GSM4217794	DKD	-0.0343817472457885
GSE142025-RNAseq	GLOM	GSE142025-RNAseq|GSM4217795	DKD	0.0073631405830383
GSE142025-RNAseq	GLOM	GSE142025-RNAseq|GSM4217796	DKD	-0.0171306729316711
GSE142025-RNAseq	GLOM	GSE142025-RNAseq|GSM4217797	DKD	-0.1126216650009155
GSE142025-RNAseq	GLOM	GSE142025-RNAseq|GSM4217798	DKD	-0.0347769260406494
GSE142025-RNAseq	GLOM	GSE142025-RNAseq|GSM4217799	DKD	0.0050464868545532
GSE142025-RNAseq	GLOM	GSE142025-RNAseq|GSM4217800	DKD	-0.0642409920692443
GSE142025-RNAseq	GLOM	GSE142025-RNAseq|GSM4217801	DKD	-0.0651208758354187
GSE142025-RNAseq	GLOM	GSE142025-RNAseq|GSM4217802	DKD	-0.1019935607910156
GSE142025-RNAseq	GLOM	GSE142025-RNAseq|GSM4217803	DKD	-0.1258514523506164
GSE142025-RNAseq	GLOM	GSE142025-RNAseq|GSM4217804	DKD	-0.1059602499008178
GSE142025-RNAseq	GLOM	GSE142025-RNAseq|GSM4217805	DKD	-0.1059207320213317
GSE142025-RNAseq	GLOM	GSE142025-RNAseq|GSM4217806	DKD	-0.1028047204017639
GSE142025-RNAseq	GLOM	GSE142025-RNAseq|GSM4217807	DKD	-0.1150084137916565
GSE142025-RNAseq	GLOM	GSE142025-RNAseq|GSM4217808	CONTROL	-0.1109412312507629
GSE142025-RNAseq	GLOM	GSE142025-RNAseq|GSM4217809	CONTROL	-0.1321312189102172
GSE142025-RNAseq	GLOM	GSE142025-RNAseq|GSM4217810	CONTROL	-0.1199321746826171
GSE142025-RNAseq	GLOM	GSE142025-RNAseq|GSM4217811	CONTROL	-0.1179496049880981
GSE142025-RNAseq	GLOM	GSE142025-RNAseq|GSM4217812	CONTROL	-0.1257649660110473
GSE142025-RNAseq	GLOM	GSE142025-RNAseq|GSM4217813	CONTROL	-0.1199423670768737
GSE142025-RNAseq	GLOM	GSE142025-RNAseq|GSM4217814	CONTROL	-0.1048746109008789
GSE142025-RNAseq	GLOM	GSE142025-RNAseq|GSM4217815	CONTROL	-0.1147440671920776
GSE142025-RNAseq	GLOM	GSE142025-RNAseq|GSM4217816	CONTROL	-0.1104137897491455
GSE142025-RNAseq	TUB	GSE142025-RNAseq|GSM4217781	DKD	0.1012921929359436
GSE142025-RNAseq	TUB	GSE142025-RNAseq|GSM4217782	DKD	0.1035783886909484
GSE142025-RNAseq	TUB	GSE142025-RNAseq|GSM4217783	DKD	0.0700260996818542
GSE142025-RNAseq	TUB	GSE142025-RNAseq|GSM4217784	DKD	0.0963397622108459
GSE142025-RNAseq	TUB	GSE142025-RNAseq|GSM4217785	DKD	0.1284791827201843
GSE142025-RNAseq	TUB	GSE142025-RNAseq|GSM4217786	DKD	0.1228512525558471
GSE142025-RNAseq	TUB	GSE142025-RNAseq|GSM4217787	DKD	0.1339399218559265
GSE142025-RNAseq	TUB	GSE142025-RNAseq|GSM4217788	DKD	0.1375198364257812
GSE142025-RNAseq	TUB	GSE142025-RNAseq|GSM4217789	DKD	0.1236222982406616
GSE142025-RNAseq	TUB	GSE142025-RNAseq|GSM4217790	DKD	0.0954179167747497
GSE142025-RNAseq	TUB	GSE142025-RNAseq|GSM4217791	DKD	0.0963335037231445
GSE142025-RNAseq	TUB	GSE142025-RNAseq|GSM4217792	DKD	0.068333089351654
GSE142025-RNAseq	TUB	GSE142025-RNAseq|GSM4217793	DKD	0.1186837553977966
GSE142025-RNAseq	TUB	GSE142025-RNAseq|GSM4217794	DKD	0.1024138331413269
GSE142025-RNAseq	TUB	GSE142025-RNAseq|GSM4217795	DKD	0.1306377649307251
GSE142025-RNAseq	TUB	GSE142025-RNAseq|GSM4217796	DKD	0.1119914650917053
GSE142025-RNAseq	TUB	GSE142025-RNAseq|GSM4217797	DKD	0.0646350383758544
GSE142025-RNAseq	TUB	GSE142025-RNAseq|GSM4217798	DKD	0.116952359676361
GSE142025-RNAseq	TUB	GSE142025-RNAseq|GSM4217799	DKD	0.1256316304206848
GSE142025-RNAseq	TUB	GSE142025-RNAseq|GSM4217800	DKD	0.0877298712730407
GSE142025-RNAseq	TUB	GSE142025-RNAseq|GSM4217801	DKD	0.1069471836090087
GSE142025-RNAseq	TUB	GSE142025-RNAseq|GSM4217802	DKD	0.0615782141685485
GSE142025-RNAseq	TUB	GSE142025-RNAseq|GSM4217803	DKD	0.0442768931388855
GSE142025-RNAseq	TUB	GSE142025-RNAseq|GSM4217804	DKD	0.0497683882713317
GSE142025-RNAseq	TUB	GSE142025-RNAseq|GSM4217805	DKD	0.0539941787719726
GSE142025-RNAseq	TUB	GSE142025-RNAseq|GSM4217806	DKD	0.0654091835021972
GSE142025-RNAseq	TUB	GSE142025-RNAseq|GSM4217807	DKD	0.053333044052124
GSE142025-RNAseq	TUB	GSE142025-RNAseq|GSM4217808	CONTROL	0.0407591462135314
GSE142025-RNAseq	TUB	GSE142025-RNAseq|GSM4217809	CONTROL	0.0308142900466918
GSE142025-RNAseq	TUB	GSE142025-RNAseq|GSM4217810	CONTROL	0.020243227481842
GSE142025-RNAseq	TUB	GSE142025-RNAseq|GSM4217811	CONTROL	0.0292489528656005
GSE142025-RNAseq	TUB	GSE142025-RNAseq|GSM4217812	CONTROL	0.0351832509040832
GSE142025-RNAseq	TUB	GSE142025-RNAseq|GSM4217813	CONTROL	0.0389729142189025
GSE142025-RNAseq	TUB	GSE142025-RNAseq|GSM4217814	CONTROL	0.0367802381515502
GSE142025-RNAseq	TUB	GSE142025-RNAseq|GSM4217815	CONTROL	0.0373448133468627
GSE142025-RNAseq	TUB	GSE142025-RNAseq|GSM4217816	CONTROL	0.0236773490905761
GSE115857-GPL14951	GLOM	GSE115857-GPL14951|GSM3191893	FSGS	-0.0530769824981689
GSE115857-GPL14951	GLOM	GSE115857-GPL14951|GSM3191894	IgAN	-0.0366341471672058
GSE115857-GPL14951	GLOM	GSE115857-GPL14951|GSM3191895	IgAN	-0.0542286038398742
GSE115857-GPL14951	GLOM	GSE115857-GPL14951|GSM3191896	IgAN	-0.0425361394882202
GSE115857-GPL14951	GLOM	GSE115857-GPL14951|GSM3191897	IgAN	0.0132220983505249
GSE115857-GPL14951	GLOM	GSE115857-GPL14951|GSM3191898	IgAN	-0.0278785228729248
GSE115857-GPL14951	GLOM	GSE115857-GPL14951|GSM3191899	IgAN	-0.0627601146697998
GSE115857-GPL14951	GLOM	GSE115857-GPL14951|GSM3191900	IgAN	-0.0129626393318176
GSE115857-GPL14951	GLOM	GSE115857-GPL14951|GSM3191901	IgAN	-0.0366377234458923
GSE115857-GPL14951	GLOM	GSE115857-GPL14951|GSM3191902	IgAN	-0.040373146533966
GSE115857-GPL14951	GLOM	GSE115857-GPL14951|GSM3191903	IgAN	-0.0423575639724731
GSE115857-GPL14951	GLOM	GSE115857-GPL14951|GSM3191904	IgAN	-0.0403271913528442
GSE115857-GPL14951	GLOM	GSE115857-GPL14951|GSM3191905	IgAN	-0.0824760198593139
GSE115857-GPL14951	GLOM	GSE115857-GPL14951|GSM3191906	IgAN	-0.0245659351348876
GSE115857-GPL14951	GLOM	GSE115857-GPL14951|GSM3191907	IgAN	-0.0806567072868347
GSE115857-GPL14951	GLOM	GSE115857-GPL14951|GSM3191908	IgAN	0.0068123340606689
GSE115857-GPL14951	GLOM	GSE115857-GPL14951|GSM3191909	IgAN	-0.0049580931663513
GSE115857-GPL14951	GLOM	GSE115857-GPL14951|GSM3191910	IgAN	-0.0417895317077636
GSE115857-GPL14951	GLOM	GSE115857-GPL14951|GSM3191911	IgAN	0.0254685878753662
GSE115857-GPL14951	GLOM	GSE115857-GPL14951|GSM3191912	IgAN	-0.0565150380134582
GSE115857-GPL14951	GLOM	GSE115857-GPL14951|GSM3191913	IgAN	-0.0088384747505187
GSE115857-GPL14951	GLOM	GSE115857-GPL14951|GSM3191914	IgAN	-0.0590358972549438
GSE115857-GPL14951	GLOM	GSE115857-GPL14951|GSM3191915	IgAN	-0.0479032397270202
GSE115857-GPL14951	GLOM	GSE115857-GPL14951|GSM3191916	IgAN	-0.0347744822502136
GSE115857-GPL14951	GLOM	GSE115857-GPL14951|GSM3191917	IgAN	-0.0776092410087585
GSE115857-GPL14951	GLOM	GSE115857-GPL14951|GSM3191918	IgAN	-0.0332348346710205
GSE115857-GPL14951	GLOM	GSE115857-GPL14951|GSM3191919	IgAN	-0.0789081454277038
GSE115857-GPL14951	GLOM	GSE115857-GPL14951|GSM3191920	IgAN	-0.0506528615951538
GSE115857-GPL14951	GLOM	GSE115857-GPL14951|GSM3191921	IgAN	-0.0428412556648254
GSE115857-GPL14951	GLOM	GSE115857-GPL14951|GSM3191922	IgAN	-0.0135838985443115
GSE115857-GPL14951	GLOM	GSE115857-GPL14951|GSM3191923	IgAN	-0.0596764087677001
GSE115857-GPL14951	GLOM	GSE115857-GPL14951|GSM3191924	IgAN	-0.0504493117332458
GSE115857-GPL14951	GLOM	GSE115857-GPL14951|GSM3191925	IgAN	-0.0792697668075561
GSE115857-GPL14951	GLOM	GSE115857-GPL14951|GSM3191926	IgAN	-0.0697069764137268
GSE115857-GPL14951	GLOM	GSE115857-GPL14951|GSM3191927	IgAN	-0.0140790343284606
GSE115857-GPL14951	GLOM	GSE115857-GPL14951|GSM3191928	IgAN	-0.0300119519233703
GSE115857-GPL14951	GLOM	GSE115857-GPL14951|GSM3191929	IgAN	0.0397657752037048
GSE115857-GPL14951	GLOM	GSE115857-GPL14951|GSM3191930	IgAN	-0.0612045526504516
GSE115857-GPL14951	GLOM	GSE115857-GPL14951|GSM3191931	IgAN	-0.0171579718589782
GSE115857-GPL14951	GLOM	GSE115857-GPL14951|GSM3191932	IgAN	-0.053469181060791
GSE115857-GPL14951	GLOM	GSE115857-GPL14951|GSM3191933	IgAN	-0.0354827046394348
GSE115857-GPL14951	GLOM	GSE115857-GPL14951|GSM3191934	IgAN	-0.0399073362350463
GSE115857-GPL14951	GLOM	GSE115857-GPL14951|GSM3191935	IgAN	-0.0649107694625854
GSE115857-GPL14951	GLOM	GSE115857-GPL14951|GSM3191936	IgAN	-0.0481588840484619
GSE115857-GPL14951	GLOM	GSE115857-GPL14951|GSM3191937	IgAN	-0.0430983901023864
GSE115857-GPL14951	GLOM	GSE115857-GPL14951|GSM3191938	IgAN	-0.0107704401016235
GSE115857-GPL14951	GLOM	GSE115857-GPL14951|GSM3191939	IgAN	-0.018358290195465
GSE115857-GPL14951	GLOM	GSE115857-GPL14951|GSM3191940	IgAN	-0.0547720193862915
GSE115857-GPL14951	GLOM	GSE115857-GPL14951|GSM3191941	IgAN	-0.0247454643249511
GSE115857-GPL14951	GLOM	GSE115857-GPL14951|GSM3191942	IgAN	-0.0706303119659423
GSE115857-GPL14951	GLOM	GSE115857-GPL14951|GSM3191943	IgAN	-0.0441220998764038
GSE115857-GPL14951	GLOM	GSE115857-GPL14951|GSM3191944	IgAN	-0.013883352279663
GSE115857-GPL14951	GLOM	GSE115857-GPL14951|GSM3191945	IgAN	-0.0723139643669128
GSE115857-GPL14951	GLOM	GSE115857-GPL14951|GSM3191946	IgAN	-0.0103412270545959
GSE115857-GPL14951	GLOM	GSE115857-GPL14951|GSM3191947	IgAN	0.0178770422935485
GSE115857-GPL14951	GLOM	GSE115857-GPL14951|GSM3191948	IgAN	-0.0305580496788024
GSE115857-GPL14951	GLOM	GSE115857-GPL14951|GSM3191949	CONTROL	-0.1006689071655273
GSE115857-GPL14951	GLOM	GSE115857-GPL14951|GSM3191950	CONTROL	-0.0807150602340698
GSE115857-GPL14951	GLOM	GSE115857-GPL14951|GSM3191951	CONTROL	-0.0601824522018432
GSE115857-GPL14951	GLOM	GSE115857-GPL14951|GSM3191952	CONTROL	-0.0919063687324523
GSE115857-GPL14951	GLOM	GSE115857-GPL14951|GSM3191953	CONTROL	-0.0903869271278381
GSE115857-GPL14951	GLOM	GSE115857-GPL14951|GSM3191954	CONTROL	-0.0965646505355835
GSE115857-GPL14951	GLOM	GSE115857-GPL14951|GSM3191955	CONTROL	0.1258288323879242
GSE115857-GPL14951	GLOM	GSE115857-GPL14951|GSM3191956	MN	-0.0576422214508056
GSE115857-GPL14951	GLOM	GSE115857-GPL14951|GSM3191957	MN	-0.0359853506088256
GSE115857-GPL14951	GLOM	GSE115857-GPL14951|GSM3191958	MN	-0.0298575162887573
GSE115857-GPL14951	GLOM	GSE115857-GPL14951|GSM3191959	MN	-0.0087288618087768
GSE115857-GPL14951	GLOM	GSE115857-GPL14951|GSM3191960	MN	-0.0675249695777893
GSE115857-GPL14951	GLOM	GSE115857-GPL14951|GSM3191961	MN	-0.0086154341697692
GSE115857-GPL14951	GLOM	GSE115857-GPL14951|GSM3191962	MN	-0.0214745998382568
GSE115857-GPL14951	GLOM	GSE115857-GPL14951|GSM3191963	MN	-0.0467141270637512
GSE115857-GPL14951	GLOM	GSE115857-GPL14951|GSM3191964	MN	-0.0487231016159057
GSE115857-GPL14951	GLOM	GSE115857-GPL14951|GSM3191965	MN	-0.0873060822486877
GSE115857-GPL14951	GLOM	GSE115857-GPL14951|GSM3191966	MN	-0.0295161604881286
GSE115857-GPL14951	GLOM	GSE115857-GPL14951|GSM3191967	MCD	-0.0702859759330749
GSE115857-GPL14951	GLOM	GSE115857-GPL14951|GSM3191968	MCD	-0.050411581993103
GSE115857-GPL14951	GLOM	GSE115857-GPL14951|GSM3191969	MCD	-0.0437639951705932
GSE115857-GPL14951	GLOM	GSE115857-GPL14951|GSM3191970	MCD	-0.0788402557373046
GSE115857-GPL14951	GLOM	GSE115857-GPL14951|GSM3191971	MCD	-0.0660632848739624
GSE115857-GPL14951	GLOM	GSE115857-GPL14951|GSM3191972	MCD	-0.0522666573524475
GSE115857-GPL14951	GLOM	GSE115857-GPL14951|GSM3191973	MCD	-0.0553758740425109
GSE115857-GPL14951	GLOM	GSE115857-GPL14951|GSM3191974	MCD	-0.087425410747528
GSE115857-GPL14951	GLOM	GSE115857-GPL14951|GSM3191975	MCD	-0.075670301914215
GSE115857-GPL14951	GLOM	GSE115857-GPL14951|GSM3191976	MCD	-0.0040224194526672
GSE115857-GPL14951	GLOM	GSE115857-GPL14951|GSM3191977	MCD	0.0323529839515686
GSE115857-GPL14951	GLOM	GSE115857-GPL14951|GSM3191978	MCD	-0.0626049637794494
GSE115857-GPL14951	TUB	GSE115857-GPL14951|GSM3191893	FSGS	0.0623885989189147
GSE115857-GPL14951	TUB	GSE115857-GPL14951|GSM3191894	IgAN	0.0594488382339477
GSE115857-GPL14951	TUB	GSE115857-GPL14951|GSM3191895	IgAN	0.0620520114898681
GSE115857-GPL14951	TUB	GSE115857-GPL14951|GSM3191896	IgAN	0.0606420040130615
GSE115857-GPL14951	TUB	GSE115857-GPL14951|GSM3191897	IgAN	0.1136304140090942
GSE115857-GPL14951	TUB	GSE115857-GPL14951|GSM3191898	IgAN	0.0826463103294372
GSE115857-GPL14951	TUB	GSE115857-GPL14951|GSM3191899	IgAN	0.0505123138427734
GSE115857-GPL14951	TUB	GSE115857-GPL14951|GSM3191900	IgAN	0.0470854043960571
GSE115857-GPL14951	TUB	GSE115857-GPL14951|GSM3191901	IgAN	0.0352785587310791
GSE115857-GPL14951	TUB	GSE115857-GPL14951|GSM3191902	IgAN	0.0340937972068786
GSE115857-GPL14951	TUB	GSE115857-GPL14951|GSM3191903	IgAN	0.0232336521148681
GSE115857-GPL14951	TUB	GSE115857-GPL14951|GSM3191904	IgAN	0.0360564589500427
GSE115857-GPL14951	TUB	GSE115857-GPL14951|GSM3191905	IgAN	0.0508548617362976
GSE115857-GPL14951	TUB	GSE115857-GPL14951|GSM3191906	IgAN	0.0896735191345214
GSE115857-GPL14951	TUB	GSE115857-GPL14951|GSM3191907	IgAN	0.0383083820343017
GSE115857-GPL14951	TUB	GSE115857-GPL14951|GSM3191908	IgAN	0.1038031578063964
GSE115857-GPL14951	TUB	GSE115857-GPL14951|GSM3191909	IgAN	0.0822356343269348
GSE115857-GPL14951	TUB	GSE115857-GPL14951|GSM3191910	IgAN	0.0648432970046997
GSE115857-GPL14951	TUB	GSE115857-GPL14951|GSM3191911	IgAN	0.0883189141750335
GSE115857-GPL14951	TUB	GSE115857-GPL14951|GSM3191912	IgAN	0.0260144472122192
GSE115857-GPL14951	TUB	GSE115857-GPL14951|GSM3191913	IgAN	0.0680111646652221
GSE115857-GPL14951	TUB	GSE115857-GPL14951|GSM3191914	IgAN	0.0336850881576538
GSE115857-GPL14951	TUB	GSE115857-GPL14951|GSM3191915	IgAN	0.0644381046295166
GSE115857-GPL14951	TUB	GSE115857-GPL14951|GSM3191916	IgAN	0.0601562857627868
GSE115857-GPL14951	TUB	GSE115857-GPL14951|GSM3191917	IgAN	0.0566664338111877
GSE115857-GPL14951	TUB	GSE115857-GPL14951|GSM3191918	IgAN	0.025850772857666
GSE115857-GPL14951	TUB	GSE115857-GPL14951|GSM3191919	IgAN	0.0084973573684692
GSE115857-GPL14951	TUB	GSE115857-GPL14951|GSM3191920	IgAN	0.0636020898818969
GSE115857-GPL14951	TUB	GSE115857-GPL14951|GSM3191921	IgAN	0.0732063651084899
GSE115857-GPL14951	TUB	GSE115857-GPL14951|GSM3191922	IgAN	0.0792046189308166
GSE115857-GPL14951	TUB	GSE115857-GPL14951|GSM3191923	IgAN	0.0504124760627746
GSE115857-GPL14951	TUB	GSE115857-GPL14951|GSM3191924	IgAN	0.0685571432113647
GSE115857-GPL14951	TUB	GSE115857-GPL14951|GSM3191925	IgAN	0.0462841391563415
GSE115857-GPL14951	TUB	GSE115857-GPL14951|GSM3191926	IgAN	0.0481709837913513
GSE115857-GPL14951	TUB	GSE115857-GPL14951|GSM3191927	IgAN	0.0953392386436462
GSE115857-GPL14951	TUB	GSE115857-GPL14951|GSM3191928	IgAN	0.0751899480819702
GSE115857-GPL14951	TUB	GSE115857-GPL14951|GSM3191929	IgAN	0.1196672320365905
GSE115857-GPL14951	TUB	GSE115857-GPL14951|GSM3191930	IgAN	0.055068552494049
GSE115857-GPL14951	TUB	GSE115857-GPL14951|GSM3191931	IgAN	0.0790329575538635
GSE115857-GPL14951	TUB	GSE115857-GPL14951|GSM3191932	IgAN	0.0496066212654113
GSE115857-GPL14951	TUB	GSE115857-GPL14951|GSM3191933	IgAN	0.0613749027252197
GSE115857-GPL14951	TUB	GSE115857-GPL14951|GSM3191934	IgAN	0.0733445286750793
GSE115857-GPL14951	TUB	GSE115857-GPL14951|GSM3191935	IgAN	0.0459661483764648
GSE115857-GPL14951	TUB	GSE115857-GPL14951|GSM3191936	IgAN	0.0675573348999023
GSE115857-GPL14951	TUB	GSE115857-GPL14951|GSM3191937	IgAN	0.0755636096000671
GSE115857-GPL14951	TUB	GSE115857-GPL14951|GSM3191938	IgAN	0.0813934206962585
GSE115857-GPL14951	TUB	GSE115857-GPL14951|GSM3191939	IgAN	0.0633613467216491
GSE115857-GPL14951	TUB	GSE115857-GPL14951|GSM3191940	IgAN	0.0667589902877807
GSE115857-GPL14951	TUB	GSE115857-GPL14951|GSM3191941	IgAN	0.0725712180137634
GSE115857-GPL14951	TUB	GSE115857-GPL14951|GSM3191942	IgAN	0.0465711951255798
GSE115857-GPL14951	TUB	GSE115857-GPL14951|GSM3191943	IgAN	0.0822464823722839
GSE115857-GPL14951	TUB	GSE115857-GPL14951|GSM3191944	IgAN	0.077009379863739
GSE115857-GPL14951	TUB	GSE115857-GPL14951|GSM3191945	IgAN	0.0496385097503662
GSE115857-GPL14951	TUB	GSE115857-GPL14951|GSM3191946	IgAN	0.0653320550918579
GSE115857-GPL14951	TUB	GSE115857-GPL14951|GSM3191947	IgAN	0.1109260916709899
GSE115857-GPL14951	TUB	GSE115857-GPL14951|GSM3191948	IgAN	0.0785842537879943
GSE115857-GPL14951	TUB	GSE115857-GPL14951|GSM3191949	CONTROL	-0.0084460377693176
GSE115857-GPL14951	TUB	GSE115857-GPL14951|GSM3191950	CONTROL	0.010667085647583
GSE115857-GPL14951	TUB	GSE115857-GPL14951|GSM3191951	CONTROL	0.0451692342758178
GSE115857-GPL14951	TUB	GSE115857-GPL14951|GSM3191952	CONTROL	0.0017656683921813
GSE115857-GPL14951	TUB	GSE115857-GPL14951|GSM3191953	CONTROL	0.0120509266853332
GSE115857-GPL14951	TUB	GSE115857-GPL14951|GSM3191954	CONTROL	0.012014091014862
GSE115857-GPL14951	TUB	GSE115857-GPL14951|GSM3191955	CONTROL	0.1043545603752136
GSE115857-GPL14951	TUB	GSE115857-GPL14951|GSM3191956	MN	0.052632987499237
GSE115857-GPL14951	TUB	GSE115857-GPL14951|GSM3191957	MN	0.0825587511062622
GSE115857-GPL14951	TUB	GSE115857-GPL14951|GSM3191958	MN	0.0663383603096008
GSE115857-GPL14951	TUB	GSE115857-GPL14951|GSM3191959	MN	0.0933079719543457
GSE115857-GPL14951	TUB	GSE115857-GPL14951|GSM3191960	MN	0.0490363836288452
GSE115857-GPL14951	TUB	GSE115857-GPL14951|GSM3191961	MN	0.097291886806488
GSE115857-GPL14951	TUB	GSE115857-GPL14951|GSM3191962	MN	0.075241208076477
GSE115857-GPL14951	TUB	GSE115857-GPL14951|GSM3191963	MN	0.0612359046936035
GSE115857-GPL14951	TUB	GSE115857-GPL14951|GSM3191964	MN	0.0664693117141723
GSE115857-GPL14951	TUB	GSE115857-GPL14951|GSM3191965	MN	0.0298535227775573
GSE115857-GPL14951	TUB	GSE115857-GPL14951|GSM3191966	MN	0.0736744403839111
GSE115857-GPL14951	TUB	GSE115857-GPL14951|GSM3191967	MCD	0.0385592579841613
GSE115857-GPL14951	TUB	GSE115857-GPL14951|GSM3191968	MCD	0.052724003791809
GSE115857-GPL14951	TUB	GSE115857-GPL14951|GSM3191969	MCD	0.0634729862213134
GSE115857-GPL14951	TUB	GSE115857-GPL14951|GSM3191970	MCD	0.0487365126609802
GSE115857-GPL14951	TUB	GSE115857-GPL14951|GSM3191971	MCD	0.0385882258415222
GSE115857-GPL14951	TUB	GSE115857-GPL14951|GSM3191972	MCD	0.0654497146606445
GSE115857-GPL14951	TUB	GSE115857-GPL14951|GSM3191973	MCD	0.0461038947105407
GSE115857-GPL14951	TUB	GSE115857-GPL14951|GSM3191974	MCD	0.0380595922470092
GSE115857-GPL14951	TUB	GSE115857-GPL14951|GSM3191975	MCD	0.0532891154289245
GSE115857-GPL14951	TUB	GSE115857-GPL14951|GSM3191976	MCD	0.0828216075897216
GSE115857-GPL14951	TUB	GSE115857-GPL14951|GSM3191977	MCD	0.0877168178558349
GSE115857-GPL14951	TUB	GSE115857-GPL14951|GSM3191978	MCD	0.0627720355987548
GSE30528-GPL571CEL	GLOM	GSE30528-GPL571CEL|GSM756992	DKD	-0.0771846771240234
GSE30528-GPL571CEL	GLOM	GSE30528-GPL571CEL|GSM756993	DKD	-0.1355747580528259
GSE30528-GPL571CEL	GLOM	GSE30528-GPL571CEL|GSM756994	DKD	0.0622476339340209
GSE30528-GPL571CEL	GLOM	GSE30528-GPL571CEL|GSM756995	DKD	-0.0041130781173706
GSE30528-GPL571CEL	GLOM	GSE30528-GPL571CEL|GSM756996	DKD	-0.1297730207443237
GSE30528-GPL571CEL	GLOM	GSE30528-GPL571CEL|GSM756997	DKD	-0.2093667387962341
GSE30528-GPL571CEL	GLOM	GSE30528-GPL571CEL|GSM756998	DKD	-0.1315902471542358
GSE30528-GPL571CEL	GLOM	GSE30528-GPL571CEL|GSM756999	DKD	-0.1515405178070068
GSE30528-GPL571CEL	GLOM	GSE30528-GPL571CEL|GSM757000	DKD	-0.0971644520759582
GSE30528-GPL571CEL	GLOM	GSE30528-GPL571CEL|GSM757001	CONTROL	-0.1808277368545532
GSE30528-GPL571CEL	GLOM	GSE30528-GPL571CEL|GSM757002	CONTROL	-0.1252906918525695
GSE30528-GPL571CEL	GLOM	GSE30528-GPL571CEL|GSM757003	CONTROL	-0.1313889622688293
GSE30528-GPL571CEL	GLOM	GSE30528-GPL571CEL|GSM757004	CONTROL	-0.1676239967346191
GSE30528-GPL571CEL	GLOM	GSE30528-GPL571CEL|GSM757005	CONTROL	-0.1240534782409668
GSE30528-GPL571CEL	GLOM	GSE30528-GPL571CEL|GSM757006	CONTROL	-0.1361786723136901
GSE30528-GPL571CEL	GLOM	GSE30528-GPL571CEL|GSM757007	CONTROL	-0.139647901058197
GSE30528-GPL571CEL	GLOM	GSE30528-GPL571CEL|GSM757008	CONTROL	-0.1783339977264404
GSE30528-GPL571CEL	GLOM	GSE30528-GPL571CEL|GSM757009	CONTROL	-0.160767912864685
GSE30528-GPL571CEL	GLOM	GSE30528-GPL571CEL|GSM757010	CONTROL	-0.0616109371185302
GSE30528-GPL571CEL	GLOM	GSE30528-GPL571CEL|GSM757011	CONTROL	-0.1663843393325805
GSE30528-GPL571CEL	GLOM	GSE30528-GPL571CEL|GSM757012	CONTROL	-0.1816840171813964
GSE30528-GPL571CEL	GLOM	GSE30528-GPL571CEL|GSM757013	CONTROL	-0.1720620989799499
GSE30528-GPL571CEL	TUB	GSE30528-GPL571CEL|GSM756992	DKD	0.1544588804244995
GSE30528-GPL571CEL	TUB	GSE30528-GPL571CEL|GSM756993	DKD	0.0247098803520202
GSE30528-GPL571CEL	TUB	GSE30528-GPL571CEL|GSM756994	DKD	0.1781587302684784
GSE30528-GPL571CEL	TUB	GSE30528-GPL571CEL|GSM756995	DKD	0.1514101028442382
GSE30528-GPL571CEL	TUB	GSE30528-GPL571CEL|GSM756996	DKD	0.1134743690490722
GSE30528-GPL571CEL	TUB	GSE30528-GPL571CEL|GSM756997	DKD	0.0420561432838439
GSE30528-GPL571CEL	TUB	GSE30528-GPL571CEL|GSM756998	DKD	0.1270022988319397
GSE30528-GPL571CEL	TUB	GSE30528-GPL571CEL|GSM756999	DKD	0.0929198861122131
GSE30528-GPL571CEL	TUB	GSE30528-GPL571CEL|GSM757000	DKD	0.092782437801361
GSE30528-GPL571CEL	TUB	GSE30528-GPL571CEL|GSM757001	CONTROL	0.0387299060821533
GSE30528-GPL571CEL	TUB	GSE30528-GPL571CEL|GSM757002	CONTROL	0.0697457194328308
GSE30528-GPL571CEL	TUB	GSE30528-GPL571CEL|GSM757003	CONTROL	0.047498345375061
GSE30528-GPL571CEL	TUB	GSE30528-GPL571CEL|GSM757004	CONTROL	0.0352346301078796
GSE30528-GPL571CEL	TUB	GSE30528-GPL571CEL|GSM757005	CONTROL	0.0501272082328796
GSE30528-GPL571CEL	TUB	GSE30528-GPL571CEL|GSM757006	CONTROL	0.0285817980766296
GSE30528-GPL571CEL	TUB	GSE30528-GPL571CEL|GSM757007	CONTROL	0.0544844269752502
GSE30528-GPL571CEL	TUB	GSE30528-GPL571CEL|GSM757008	CONTROL	0.0331512093544006
GSE30528-GPL571CEL	TUB	GSE30528-GPL571CEL|GSM757009	CONTROL	0.0589059591293334
GSE30528-GPL571CEL	TUB	GSE30528-GPL571CEL|GSM757010	CONTROL	0.1028534173965454
GSE30528-GPL571CEL	TUB	GSE30528-GPL571CEL|GSM757011	CONTROL	0.0616756081581115
GSE30528-GPL571CEL	TUB	GSE30528-GPL571CEL|GSM757012	CONTROL	0.0462812781333923
GSE30528-GPL571CEL	TUB	GSE30528-GPL571CEL|GSM757013	CONTROL	0.0558578968048095
GSE96804-GPL17586	GLOM	GSE96804-GPL17586|GSM2544275	DKD	-0.0109400749206542
GSE96804-GPL17586	GLOM	GSE96804-GPL17586|GSM2544276	DKD	0.0489414930343627
GSE96804-GPL17586	GLOM	GSE96804-GPL17586|GSM2544277	DKD	-0.0131137371063232
GSE96804-GPL17586	GLOM	GSE96804-GPL17586|GSM2544278	DKD	-0.0850212574005127
GSE96804-GPL17586	GLOM	GSE96804-GPL17586|GSM2544279	DKD	0.0014092922210693
GSE96804-GPL17586	GLOM	GSE96804-GPL17586|GSM2544280	DKD	-0.0214045643806457
GSE96804-GPL17586	GLOM	GSE96804-GPL17586|GSM2544281	DKD	-0.0589024424552917
GSE96804-GPL17586	GLOM	GSE96804-GPL17586|GSM2544282	DKD	0.0499933362007141
GSE96804-GPL17586	GLOM	GSE96804-GPL17586|GSM2544283	DKD	-0.0301191806793212
GSE96804-GPL17586	GLOM	GSE96804-GPL17586|GSM2544284	DKD	-0.0695345997810363
GSE96804-GPL17586	GLOM	GSE96804-GPL17586|GSM2544285	DKD	-0.0285471081733703
GSE96804-GPL17586	GLOM	GSE96804-GPL17586|GSM2544286	DKD	0.0178905129432678
GSE96804-GPL17586	GLOM	GSE96804-GPL17586|GSM2544287	DKD	-0.0366109013557434
GSE96804-GPL17586	GLOM	GSE96804-GPL17586|GSM2544288	DKD	-0.0300284028053283
GSE96804-GPL17586	GLOM	GSE96804-GPL17586|GSM2544289	DKD	-0.0211207270622253
GSE96804-GPL17586	GLOM	GSE96804-GPL17586|GSM2544290	DKD	0.0168980956077575
GSE96804-GPL17586	GLOM	GSE96804-GPL17586|GSM2544291	DKD	-0.01718270778656
GSE96804-GPL17586	GLOM	GSE96804-GPL17586|GSM2544292	DKD	-0.0472133159637451
GSE96804-GPL17586	GLOM	GSE96804-GPL17586|GSM2544293	DKD	0.0620392560958862
GSE96804-GPL17586	GLOM	GSE96804-GPL17586|GSM2544294	DKD	-0.0090574622154235
GSE96804-GPL17586	GLOM	GSE96804-GPL17586|GSM2544295	DKD	-0.0478715896606445
GSE96804-GPL17586	GLOM	GSE96804-GPL17586|GSM2544296	DKD	0.0486038327217102
GSE96804-GPL17586	GLOM	GSE96804-GPL17586|GSM2544297	DKD	-0.0518891215324401
GSE96804-GPL17586	GLOM	GSE96804-GPL17586|GSM2544298	DKD	0.0099645256996154
GSE96804-GPL17586	GLOM	GSE96804-GPL17586|GSM2544299	DKD	0.0689822435379028
GSE96804-GPL17586	GLOM	GSE96804-GPL17586|GSM2544300	DKD	-0.0157594680786132
GSE96804-GPL17586	GLOM	GSE96804-GPL17586|GSM2544301	DKD	0.0218267440795898
GSE96804-GPL17586	GLOM	GSE96804-GPL17586|GSM2544302	DKD	0.0189817547798156
GSE96804-GPL17586	GLOM	GSE96804-GPL17586|GSM2544303	DKD	-0.0114072561264038
GSE96804-GPL17586	GLOM	GSE96804-GPL17586|GSM2544304	DKD	0.0990142822265625
GSE96804-GPL17586	GLOM	GSE96804-GPL17586|GSM2544305	DKD	-0.0071367621421813
GSE96804-GPL17586	GLOM	GSE96804-GPL17586|GSM2544306	DKD	0.0696879029273986
GSE96804-GPL17586	GLOM	GSE96804-GPL17586|GSM2544307	DKD	0.002466082572937
GSE96804-GPL17586	GLOM	GSE96804-GPL17586|GSM2544308	DKD	0.0885581970214843
GSE96804-GPL17586	GLOM	GSE96804-GPL17586|GSM2544309	DKD	-0.0317633748054504
GSE96804-GPL17586	GLOM	GSE96804-GPL17586|GSM2544310	DKD	0.0408105254173278
GSE96804-GPL17586	GLOM	GSE96804-GPL17586|GSM2544311	DKD	0.0533083081245422
GSE96804-GPL17586	GLOM	GSE96804-GPL17586|GSM2544312	DKD	0.032059371471405
GSE96804-GPL17586	GLOM	GSE96804-GPL17586|GSM2544313	DKD	0.0045931339263916
GSE96804-GPL17586	GLOM	GSE96804-GPL17586|GSM2544314	DKD	0.0339151620864868
GSE96804-GPL17586	GLOM	GSE96804-GPL17586|GSM2544315	DKD	-0.0465695261955261
GSE96804-GPL17586	GLOM	GSE96804-GPL17586|GSM2544316	CONTROL	-0.0577434301376342
GSE96804-GPL17586	GLOM	GSE96804-GPL17586|GSM2544317	CONTROL	-0.0483986139297485
GSE96804-GPL17586	GLOM	GSE96804-GPL17586|GSM2544318	CONTROL	-0.0375817418098449
GSE96804-GPL17586	GLOM	GSE96804-GPL17586|GSM2544319	CONTROL	-0.0878447890281677
GSE96804-GPL17586	GLOM	GSE96804-GPL17586|GSM2544320	CONTROL	-0.0664843320846557
GSE96804-GPL17586	GLOM	GSE96804-GPL17586|GSM2544321	CONTROL	-0.0673988461494445
GSE96804-GPL17586	GLOM	GSE96804-GPL17586|GSM2544322	CONTROL	-0.0604994297027587
GSE96804-GPL17586	GLOM	GSE96804-GPL17586|GSM2544323	CONTROL	-0.0652671456336975
GSE96804-GPL17586	GLOM	GSE96804-GPL17586|GSM2544324	CONTROL	-0.0749460458755493
GSE96804-GPL17586	GLOM	GSE96804-GPL17586|GSM2544325	CONTROL	-0.0574728846549987
GSE96804-GPL17586	GLOM	GSE96804-GPL17586|GSM2544326	CONTROL	0.012460172176361
GSE96804-GPL17586	GLOM	GSE96804-GPL17586|GSM2544327	CONTROL	-0.0751654505729675
GSE96804-GPL17586	GLOM	GSE96804-GPL17586|GSM2544328	CONTROL	-0.062598705291748
GSE96804-GPL17586	GLOM	GSE96804-GPL17586|GSM2544329	CONTROL	-0.0412166118621826
GSE96804-GPL17586	GLOM	GSE96804-GPL17586|GSM2544330	CONTROL	-0.0254345536231994
GSE96804-GPL17586	GLOM	GSE96804-GPL17586|GSM2544331	CONTROL	-0.063526451587677
GSE96804-GPL17586	GLOM	GSE96804-GPL17586|GSM2544332	CONTROL	-0.0867450237274169
GSE96804-GPL17586	GLOM	GSE96804-GPL17586|GSM2544333	CONTROL	-0.0536252856254577
GSE96804-GPL17586	GLOM	GSE96804-GPL17586|GSM2544334	CONTROL	-0.0844896435737609
GSE96804-GPL17586	GLOM	GSE96804-GPL17586|GSM2544335	CONTROL	-0.0692844986915588
GSE96804-GPL17586	TUB	GSE96804-GPL17586|GSM2544275	DKD	0.1628612279891967
GSE96804-GPL17586	TUB	GSE96804-GPL17586|GSM2544276	DKD	0.1675684452056884
GSE96804-GPL17586	TUB	GSE96804-GPL17586|GSM2544277	DKD	0.1454467177391052
GSE96804-GPL17586	TUB	GSE96804-GPL17586|GSM2544278	DKD	0.1260966062545776
GSE96804-GPL17586	TUB	GSE96804-GPL17586|GSM2544279	DKD	0.1482285857200622
GSE96804-GPL17586	TUB	GSE96804-GPL17586|GSM2544280	DKD	0.1438187956809997
GSE96804-GPL17586	TUB	GSE96804-GPL17586|GSM2544281	DKD	0.1334522366523742
GSE96804-GPL17586	TUB	GSE96804-GPL17586|GSM2544282	DKD	0.1594079136848449
GSE96804-GPL17586	TUB	GSE96804-GPL17586|GSM2544283	DKD	0.136462926864624
GSE96804-GPL17586	TUB	GSE96804-GPL17586|GSM2544284	DKD	0.1350259780883789
GSE96804-GPL17586	TUB	GSE96804-GPL17586|GSM2544285	DKD	0.1334891319274902
GSE96804-GPL17586	TUB	GSE96804-GPL17586|GSM2544286	DKD	0.1505950093269348
GSE96804-GPL17586	TUB	GSE96804-GPL17586|GSM2544287	DKD	0.1440774202346801
GSE96804-GPL17586	TUB	GSE96804-GPL17586|GSM2544288	DKD	0.1499009728431701
GSE96804-GPL17586	TUB	GSE96804-GPL17586|GSM2544289	DKD	0.1438050866127014
GSE96804-GPL17586	TUB	GSE96804-GPL17586|GSM2544290	DKD	0.1536594629287719
GSE96804-GPL17586	TUB	GSE96804-GPL17586|GSM2544291	DKD	0.1463941931724548
GSE96804-GPL17586	TUB	GSE96804-GPL17586|GSM2544292	DKD	0.1259822845458984
GSE96804-GPL17586	TUB	GSE96804-GPL17586|GSM2544293	DKD	0.1902799010276794
GSE96804-GPL17586	TUB	GSE96804-GPL17586|GSM2544294	DKD	0.1513150334358215
GSE96804-GPL17586	TUB	GSE96804-GPL17586|GSM2544295	DKD	0.1476967334747314
GSE96804-GPL17586	TUB	GSE96804-GPL17586|GSM2544296	DKD	0.1866344213485717
GSE96804-GPL17586	TUB	GSE96804-GPL17586|GSM2544297	DKD	0.1407994627952575
GSE96804-GPL17586	TUB	GSE96804-GPL17586|GSM2544298	DKD	0.1808583736419677
GSE96804-GPL17586	TUB	GSE96804-GPL17586|GSM2544299	DKD	0.1938989758491516
GSE96804-GPL17586	TUB	GSE96804-GPL17586|GSM2544300	DKD	0.1598431468009948
GSE96804-GPL17586	TUB	GSE96804-GPL17586|GSM2544301	DKD	0.1813457608222961
GSE96804-GPL17586	TUB	GSE96804-GPL17586|GSM2544302	DKD	0.1725030541419983
GSE96804-GPL17586	TUB	GSE96804-GPL17586|GSM2544303	DKD	0.1522910594940185
GSE96804-GPL17586	TUB	GSE96804-GPL17586|GSM2544304	DKD	0.192489743232727
GSE96804-GPL17586	TUB	GSE96804-GPL17586|GSM2544305	DKD	0.1664008498191833
GSE96804-GPL17586	TUB	GSE96804-GPL17586|GSM2544306	DKD	0.1997621059417724
GSE96804-GPL17586	TUB	GSE96804-GPL17586|GSM2544307	DKD	0.1752889156341552
GSE96804-GPL17586	TUB	GSE96804-GPL17586|GSM2544308	DKD	0.1946118474006652
GSE96804-GPL17586	TUB	GSE96804-GPL17586|GSM2544309	DKD	0.1837117671966552
GSE96804-GPL17586	TUB	GSE96804-GPL17586|GSM2544310	DKD	0.1749895811080932
GSE96804-GPL17586	TUB	GSE96804-GPL17586|GSM2544311	DKD	0.1916927695274353
GSE96804-GPL17586	TUB	GSE96804-GPL17586|GSM2544312	DKD	0.1795745491981506
GSE96804-GPL17586	TUB	GSE96804-GPL17586|GSM2544313	DKD	0.1581035256385803
GSE96804-GPL17586	TUB	GSE96804-GPL17586|GSM2544314	DKD	0.1806146502494812
GSE96804-GPL17586	TUB	GSE96804-GPL17586|GSM2544315	DKD	0.1420295238494873
GSE96804-GPL17586	TUB	GSE96804-GPL17586|GSM2544316	CONTROL	0.1194157600402832
GSE96804-GPL17586	TUB	GSE96804-GPL17586|GSM2544317	CONTROL	0.1199527382850647
GSE96804-GPL17586	TUB	GSE96804-GPL17586|GSM2544318	CONTROL	0.1422809958457946
GSE96804-GPL17586	TUB	GSE96804-GPL17586|GSM2544319	CONTROL	0.1120678782463073
GSE96804-GPL17586	TUB	GSE96804-GPL17586|GSM2544320	CONTROL	0.1194252967834472
GSE96804-GPL17586	TUB	GSE96804-GPL17586|GSM2544321	CONTROL	0.1333973407745361
GSE96804-GPL17586	TUB	GSE96804-GPL17586|GSM2544322	CONTROL	0.1235906481742858
GSE96804-GPL17586	TUB	GSE96804-GPL17586|GSM2544323	CONTROL	0.1284073591232299
GSE96804-GPL17586	TUB	GSE96804-GPL17586|GSM2544324	CONTROL	0.1347403526306152
GSE96804-GPL17586	TUB	GSE96804-GPL17586|GSM2544325	CONTROL	0.1318022012710571
GSE96804-GPL17586	TUB	GSE96804-GPL17586|GSM2544326	CONTROL	0.152173101902008
GSE96804-GPL17586	TUB	GSE96804-GPL17586|GSM2544327	CONTROL	0.1360670328140258
GSE96804-GPL17586	TUB	GSE96804-GPL17586|GSM2544328	CONTROL	0.1371427178382873
GSE96804-GPL17586	TUB	GSE96804-GPL17586|GSM2544329	CONTROL	0.1344477534294128
GSE96804-GPL17586	TUB	GSE96804-GPL17586|GSM2544330	CONTROL	0.1290802359580993
GSE96804-GPL17586	TUB	GSE96804-GPL17586|GSM2544331	CONTROL	0.1327328085899353
GSE96804-GPL17586	TUB	GSE96804-GPL17586|GSM2544332	CONTROL	0.118753969669342
GSE96804-GPL17586	TUB	GSE96804-GPL17586|GSM2544333	CONTROL	0.1322524547576904
GSE96804-GPL17586	TUB	GSE96804-GPL17586|GSM2544334	CONTROL	0.125910222530365
GSE96804-GPL17586	TUB	GSE96804-GPL17586|GSM2544335	CONTROL	0.1163575053215026
GSE30529-GPL571CEL	GLOM	GSE30529-GPL571CEL|GSM757014	DKD	-0.0862518548965454
GSE30529-GPL571CEL	GLOM	GSE30529-GPL571CEL|GSM757015	DKD	0.0712103247642517
GSE30529-GPL571CEL	GLOM	GSE30529-GPL571CEL|GSM757016	DKD	-0.1437311768531799
GSE30529-GPL571CEL	GLOM	GSE30529-GPL571CEL|GSM757017	DKD	-0.2219364941120147
GSE30529-GPL571CEL	GLOM	GSE30529-GPL571CEL|GSM757018	DKD	-0.1831705570220947
GSE30529-GPL571CEL	GLOM	GSE30529-GPL571CEL|GSM757019	DKD	0.1077650189399719
GSE30529-GPL571CEL	GLOM	GSE30529-GPL571CEL|GSM757020	DKD	-0.1698647141456604
GSE30529-GPL571CEL	GLOM	GSE30529-GPL571CEL|GSM757021	DKD	-0.2068774104118347
GSE30529-GPL571CEL	GLOM	GSE30529-GPL571CEL|GSM757022	DKD	-0.0504224896430969
GSE30529-GPL571CEL	GLOM	GSE30529-GPL571CEL|GSM757023	DKD	-0.0883209109306335
GSE30529-GPL571CEL	GLOM	GSE30529-GPL571CEL|GSM757024	CONTROL	-0.2511608004570007
GSE30529-GPL571CEL	GLOM	GSE30529-GPL571CEL|GSM757025	CONTROL	-0.2026558816432953
GSE30529-GPL571CEL	GLOM	GSE30529-GPL571CEL|GSM757026	CONTROL	-0.2110047340393066
GSE30529-GPL571CEL	GLOM	GSE30529-GPL571CEL|GSM757027	CONTROL	-0.2018711268901825
GSE30529-GPL571CEL	GLOM	GSE30529-GPL571CEL|GSM757028	CONTROL	-0.2548863887786865
GSE30529-GPL571CEL	GLOM	GSE30529-GPL571CEL|GSM757029	CONTROL	-0.2301372587680816
GSE30529-GPL571CEL	GLOM	GSE30529-GPL571CEL|GSM757030	CONTROL	-0.2578437626361847
GSE30529-GPL571CEL	GLOM	GSE30529-GPL571CEL|GSM757031	CONTROL	-0.2584989964962005
GSE30529-GPL571CEL	GLOM	GSE30529-GPL571CEL|GSM757032	CONTROL	-0.255214512348175
GSE30529-GPL571CEL	GLOM	GSE30529-GPL571CEL|GSM757033	CONTROL	-0.077615737915039
GSE30529-GPL571CEL	GLOM	GSE30529-GPL571CEL|GSM757034	CONTROL	-0.1902039051055908
GSE30529-GPL571CEL	GLOM	GSE30529-GPL571CEL|GSM757035	CONTROL	-0.2429069578647613
GSE30529-GPL571CEL	TUB	GSE30529-GPL571CEL|GSM757014	DKD	0.1455621123313903
GSE30529-GPL571CEL	TUB	GSE30529-GPL571CEL|GSM757015	DKD	0.216536283493042
GSE30529-GPL571CEL	TUB	GSE30529-GPL571CEL|GSM757016	DKD	0.1107274889945983
GSE30529-GPL571CEL	TUB	GSE30529-GPL571CEL|GSM757017	DKD	0.0430794954299926
GSE30529-GPL571CEL	TUB	GSE30529-GPL571CEL|GSM757018	DKD	0.0747519135475158
GSE30529-GPL571CEL	TUB	GSE30529-GPL571CEL|GSM757019	DKD	0.2117273211479187
GSE30529-GPL571CEL	TUB	GSE30529-GPL571CEL|GSM757020	DKD	0.0998850464820861
GSE30529-GPL571CEL	TUB	GSE30529-GPL571CEL|GSM757021	DKD	0.0690228939056396
GSE30529-GPL571CEL	TUB	GSE30529-GPL571CEL|GSM757022	DKD	0.1400639414787292
GSE30529-GPL571CEL	TUB	GSE30529-GPL571CEL|GSM757023	DKD	0.1475925743579864
GSE30529-GPL571CEL	TUB	GSE30529-GPL571CEL|GSM757024	CONTROL	0.0045912265777587
GSE30529-GPL571CEL	TUB	GSE30529-GPL571CEL|GSM757025	CONTROL	-0.0230425000190734
GSE30529-GPL571CEL	TUB	GSE30529-GPL571CEL|GSM757026	CONTROL	0.0130592584609985
GSE30529-GPL571CEL	TUB	GSE30529-GPL571CEL|GSM757027	CONTROL	-0.0223404169082641
GSE30529-GPL571CEL	TUB	GSE30529-GPL571CEL|GSM757028	CONTROL	-0.0274959802627563
GSE30529-GPL571CEL	TUB	GSE30529-GPL571CEL|GSM757029	CONTROL	-0.0104252099990844
GSE30529-GPL571CEL	TUB	GSE30529-GPL571CEL|GSM757030	CONTROL	-0.0257617831230163
GSE30529-GPL571CEL	TUB	GSE30529-GPL571CEL|GSM757031	CONTROL	-0.0231366157531738
GSE30529-GPL571CEL	TUB	GSE30529-GPL571CEL|GSM757032	CONTROL	-0.0290951132774353
GSE30529-GPL571CEL	TUB	GSE30529-GPL571CEL|GSM757033	CONTROL	0.0534989833831787
GSE30529-GPL571CEL	TUB	GSE30529-GPL571CEL|GSM757034	CONTROL	0.0098981261253356
GSE30529-GPL571CEL	TUB	GSE30529-GPL571CEL|GSM757035	CONTROL	-0.0027323961257934
