cohort	core	gene_set	primary	supplementary	positive	n_pos	n_ctrl	n_up	n_down	auroc	null_median	null_q95	pct_vs_random	auroc_lo	auroc_hi
GSE162830	GLOM	full	True	False	DKD+ING	22	9	771	599	0.6919191919191919	0.5050505050505051	0.7676767676767676	0.881	0.4545454545454545	0.909217171717171
GSE162830	GLOM	no_procurement	True	False	DKD+ING	22	9	655	542	0.7575757575757576	0.5050505050505051	0.7575757575757576	0.951	0.5251262626262627	0.9444444444444444
GSE162830	GLOM	no_ieg	True	False	DKD+ING	22	9	771	585	0.696969696969697	0.5050505050505051	0.7626262626262627	0.876	0.4544191919191919	0.904040404040404
GSE162830	TUB	full	False	False	DKD+ING	22	9	597	306	0.7222222222222222	0.494949494949495	0.7575757575757576	0.9175	0.4646464646464646	0.9292929292929292
GSE162830	TUB	no_procurement	False	False	DKD+ING	22	9	547	283	0.7525252525252525	0.5050505050505051	0.7626262626262627	0.9365	0.5	0.9343434343434344
GSE162830	TUB	no_ieg	False	False	DKD+ING	22	9	597	283	0.6919191919191919	0.5	0.7626262626262627	0.888	0.4292929292929293	0.909217171717171
KPMP	GLOM	full	False	False	DKD+HT+OTHER	16	9	775	602	0.7638888888888888	0.4930555555555556	0.9100694444444442	0.821	0.5347222222222222	0.9375
KPMP	GLOM	no_procurement	False	False	DKD+HT+OTHER	16	9	659	545	0.7847222222222222	0.4861111111111111	0.9166666666666666	0.8374999999999999	0.5692708333333333	0.9652777777777778
KPMP	GLOM	no_ieg	False	False	DKD+HT+OTHER	16	9	775	588	0.7569444444444444	0.5	0.9236111111111112	0.7955	0.5277777777777778	0.9305555555555556
KPMP	TUB	full	True	False	DKD+HT+OTHER	16	9	600	306	0.9236111111111112	0.5138888888888888	0.9239583333333332	0.9495	0.7777777777777778	1.0
KPMP	TUB	no_procurement	True	False	DKD+HT+OTHER	16	9	548	283	0.9027777777777778	0.5	0.9236111111111112	0.943	0.7359375	1.0
KPMP	TUB	no_ieg	True	False	DKD+HT+OTHER	16	9	600	283	0.9166666666666666	0.5	0.9236111111111112	0.9475	0.7777777777777778	1.0
GSE166239	GLOM	full	False	False	DKD+HT	12	6	752	568	1.0	0.5138888888888888	0.9305555555555556	0.9945	1.0	1.0
GSE166239	GLOM	no_procurement	False	False	DKD+HT	12	6	639	516	1.0	0.5138888888888888	0.9444444444444444	0.995	1.0	1.0
GSE166239	GLOM	no_ieg	False	False	DKD+HT	12	6	752	556	1.0	0.4861111111111111	0.9305555555555556	0.992	1.0	1.0
GSE166239	TUB	full	True	False	DKD+HT	12	6	589	253	1.0	0.5	0.9305555555555556	0.9905	1.0	1.0
GSE166239	TUB	no_procurement	True	False	DKD+HT	12	6	538	232	1.0	0.5	0.9444444444444444	0.9935	1.0	1.0
GSE166239	TUB	no_ieg	True	False	DKD+HT	12	6	589	231	1.0	0.4722222222222222	0.9305555555555556	0.9945	1.0	1.0
GSE175759-RNAseq	GLOM	full	False	False	IgAN+MCD+MN+DKD+LN+FSGS	65	22	776	602	0.7377622377622378	0.4954545454545455	0.6979370629370629	0.983	0.6006643356643356	0.8643531468531468
GSE175759-RNAseq	GLOM	no_procurement	False	False	IgAN+MCD+MN+DKD+LN+FSGS	65	22	660	545	0.7461538461538462	0.5003496503496503	0.7112237762237762	0.978	0.6034965034965035	0.8678321678321679
GSE175759-RNAseq	GLOM	no_ieg	False	False	IgAN+MCD+MN+DKD+LN+FSGS	65	22	776	588	0.7083916083916084	0.5017482517482517	0.6958741258741259	0.958	0.5622202797202797	0.8342657342657342
GSE175759-RNAseq	TUB	full	True	False	IgAN+MCD+MN+DKD+LN+FSGS	65	22	600	307	0.8748251748251749	0.5027972027972027	0.7196503496503497	0.999	0.7580244755244755	0.965751748251748
GSE175759-RNAseq	TUB	no_procurement	True	False	IgAN+MCD+MN+DKD+LN+FSGS	65	22	548	284	0.8832167832167832	0.5006993006993007	0.7098251748251748	1.0	0.7664335664335664	0.9699475524475524
GSE175759-RNAseq	TUB	no_ieg	True	False	IgAN+MCD+MN+DKD+LN+FSGS	65	22	600	284	0.779020979020979	0.4888111888111888	0.7126223776223776	0.9845	0.6468356643356643	0.8937062937062937
GSE142025-RNAseq	GLOM	full	False	False	DKD	27	9	776	602	0.9300411522633744	0.4897119341563786	0.8641975308641975	0.99	0.831275720164609	0.9958847736625516
GSE142025-RNAseq	GLOM	no_procurement	False	False	DKD	27	9	660	545	0.934156378600823	0.4773662551440329	0.8232510288065842	0.9985	0.8395061728395061	1.0
GSE142025-RNAseq	GLOM	no_ieg	False	False	DKD	27	9	776	588	0.9012345679012346	0.4897119341563786	0.8600823045267489	0.9755	0.7942386831275721	0.9835390946502056
GSE142025-RNAseq	TUB	full	True	False	DKD	27	9	600	307	1.0	0.5061728395061729	0.8353909465020576	1.0	1.0	1.0
GSE142025-RNAseq	TUB	no_procurement	True	False	DKD	27	9	548	284	1.0	0.5061728395061729	0.8559670781893004	1.0	1.0	1.0
GSE142025-RNAseq	TUB	no_ieg	True	False	DKD	27	9	600	284	0.9629629629629628	0.4979423868312757	0.8683127572016461	0.998	0.8888888888888888	1.0
GSE115857-GPL14951	GLOM	full	False	False	IgAN+MCD+MN+FSGS	79	7	768	598	0.8173598553345389	0.4954792043399638	0.7323688969258589	0.99	0.5297920433996384	0.9981916817359856
GSE115857-GPL14951	GLOM	no_procurement	False	False	IgAN+MCD+MN+FSGS	79	7	653	541	0.8119349005424955	0.5009041591320073	0.7269439421338155	0.992	0.5244122965641953	0.992766726943942
GSE115857-GPL14951	GLOM	no_ieg	False	False	IgAN+MCD+MN+FSGS	79	7	768	584	0.7974683544303798	0.4954792043399638	0.7325497287522602	0.987	0.5099457504520796	0.9855334538878844
GSE115857-GPL14951	TUB	full	True	False	IgAN+MCD+MN+FSGS	79	7	595	303	0.833634719710669	0.5063291139240507	0.7396021699819169	0.994	0.5605786618444847	1.0
GSE115857-GPL14951	TUB	no_procurement	True	False	IgAN+MCD+MN+FSGS	79	7	543	281	0.8300180831826401	0.4954792043399638	0.7288426763110307	0.993	0.5605334538878843	1.0
GSE115857-GPL14951	TUB	no_ieg	True	False	IgAN+MCD+MN+FSGS	79	7	595	280	0.7902350813743219	0.5009041591320073	0.745117540687161	0.983	0.5135171790235081	0.9981916817359856
GSE30528-GPL571CEL	GLOM	full	True	True	DKD	9	13	760	593	0.7264957264957265	0.5042735042735043	0.8803418803418803	0.8095	0.4700854700854701	0.9316239316239316
GSE30528-GPL571CEL	GLOM	no_procurement	True	True	DKD	9	13	645	537	0.7521367521367521	0.4957264957264957	0.8717948717948718	0.841	0.5128205128205128	0.9572649572649572
GSE30528-GPL571CEL	GLOM	no_ieg	True	True	DKD	9	13	760	580	0.6923076923076923	0.5042735042735043	0.8717948717948718	0.775	0.4358974358974359	0.9145299145299144
GSE30528-GPL571CEL	TUB	full	False	True	DKD	9	13	587	302	0.7948717948717948	0.4957264957264957	0.8717948717948718	0.903	0.5470085470085471	1.0
GSE30528-GPL571CEL	TUB	no_procurement	False	True	DKD	9	13	536	280	0.7948717948717948	0.5042735042735043	0.8803418803418803	0.895	0.5470085470085471	1.0
GSE30528-GPL571CEL	TUB	no_ieg	False	True	DKD	9	13	587	279	0.7692307692307693	0.4700854700854701	0.8636752136752133	0.863	0.4955128205128205	1.0
GSE96804-GPL17586	GLOM	full	True	True	DKD	41	20	747	590	0.901219512195122	0.5054878048780488	0.8365853658536585	0.9895	0.8073170731707318	0.973170731707317
GSE96804-GPL17586	GLOM	no_procurement	True	True	DKD	41	20	637	534	0.9	0.4914634146341463	0.8159756097560974	0.9905	0.8048780487804879	0.973170731707317
GSE96804-GPL17586	GLOM	no_ieg	True	True	DKD	41	20	747	577	0.8926829268292683	0.5103658536585366	0.8158536585365853	0.985	0.8	0.9682926829268292
GSE96804-GPL17586	TUB	full	False	True	DKD	41	20	577	299	0.9304878048780488	0.4975609756097561	0.8343292682926827	0.993	0.8609756097560975	0.9817378048780486
GSE96804-GPL17586	TUB	no_procurement	False	True	DKD	41	20	528	276	0.9243902439024392	0.498170731707317	0.8378048780487805	0.993	0.8511890243902439	0.9804878048780488
GSE96804-GPL17586	TUB	no_ieg	False	True	DKD	41	20	577	276	0.8682926829268293	0.5	0.8365853658536585	0.971	0.774390243902439	0.95
GSE30529-GPL571CEL	GLOM	full	False	True	DKD	10	12	760	593	0.8833333333333333	0.4916666666666666	0.8916666666666667	0.947	0.725	1.0
GSE30529-GPL571CEL	GLOM	no_procurement	False	True	DKD	10	12	645	537	0.9083333333333332	0.4916666666666666	0.8833333333333333	0.965	0.7666666666666667	1.0
GSE30529-GPL571CEL	GLOM	no_ieg	False	True	DKD	10	12	760	580	0.8833333333333333	0.5083333333333333	0.9	0.9435	0.7	1.0
GSE30529-GPL571CEL	TUB	full	True	True	DKD	10	12	587	302	0.9916666666666668	0.5	0.8833333333333333	0.997	0.95	1.0
GSE30529-GPL571CEL	TUB	no_procurement	True	True	DKD	10	12	536	280	0.9916666666666668	0.5	0.8833333333333333	0.998	0.95	1.0
GSE30529-GPL571CEL	TUB	no_ieg	True	True	DKD	10	12	587	279	0.9916666666666668	0.5083333333333333	0.8916666666666667	0.997	0.95	1.0
