compartment	diagnosis	cell_type	n_units	n_units_up	n_units_down	replicated	direction	z_units
GLOM	DKD	CNT_PC	2	0	0	False	none	ERCB_GLOM_H1:0.3;ERCB_GLOM_H7:-0.4
GLOM	DKD	DCT	2	1	0	False	up	ERCB_GLOM_H1:2.3;ERCB_GLOM_H7:1.2
GLOM	DKD	ENDO	2	2	0	True	up	ERCB_GLOM_H1:2.9;ERCB_GLOM_H7:2.3
GLOM	DKD	ENDO_PT	2	1	0	False	up	ERCB_GLOM_H1:-0.3;ERCB_GLOM_H7:2.8
GLOM	DKD	LOH	2	2	0	True	up	ERCB_GLOM_H1:3.0;ERCB_GLOM_H7:6.9
GLOM	DKD	MAC	2	0	0	False	none	ERCB_GLOM_H1:0.4;ERCB_GLOM_H7:1.9
GLOM	DKD	MAST	2	1	0	False	up	ERCB_GLOM_H1:1.0;ERCB_GLOM_H7:3.7
GLOM	DKD	NEUTRO	2	0	2	True	down	ERCB_GLOM_H1:-2.5;ERCB_GLOM_H7:-3.6
GLOM	DKD	NK	2	0	0	False	none	ERCB_GLOM_H1:1.4;ERCB_GLOM_H7:1.9
GLOM	DKD	PEC	2	0	0	False	none	ERCB_GLOM_H1:0.8;ERCB_GLOM_H7:1.5
GLOM	DKD	PERI	2	1	0	False	up	ERCB_GLOM_H1:-0.8;ERCB_GLOM_H7:4.6
GLOM	DKD	PODO	2	0	2	True	down	ERCB_GLOM_H1:-7.9;ERCB_GLOM_H7:-4.8
GLOM	DKD	PT	2	0	0	False	none	ERCB_GLOM_H1:0.4;ERCB_GLOM_H7:0.0
GLOM	DKD	STROMA	2	1	0	False	up	ERCB_GLOM_H1:-0.7;ERCB_GLOM_H7:2.4
GLOM	DKD	TCELL	2	1	0	False	up	ERCB_GLOM_H1:1.7;ERCB_GLOM_H7:2.8
GLOM	FSGS_MCD	CNT_PC	1	0	0	False	none	ERCB_GLOM_H7:-0.6
GLOM	FSGS_MCD	DCT	1	0	0	False	none	ERCB_GLOM_H7:-1.0
GLOM	FSGS_MCD	ENDO	1	0	0	False	none	ERCB_GLOM_H7:-1.3
GLOM	FSGS_MCD	ENDO_PT	1	0	0	False	none	ERCB_GLOM_H7:1.2
GLOM	FSGS_MCD	LOH	1	0	0	False	none	ERCB_GLOM_H7:0.9
GLOM	FSGS_MCD	MAC	1	0	1	False	down	ERCB_GLOM_H7:-7.2
GLOM	FSGS_MCD	MAST	1	0	0	False	none	ERCB_GLOM_H7:-1.6
GLOM	FSGS_MCD	NEUTRO	1	0	0	False	none	ERCB_GLOM_H7:-0.6
GLOM	FSGS_MCD	NK	1	1	0	False	up	ERCB_GLOM_H7:2.6
GLOM	FSGS_MCD	PEC	1	0	1	False	down	ERCB_GLOM_H7:-2.9
GLOM	FSGS_MCD	PERI	1	0	0	False	none	ERCB_GLOM_H7:-1.1
GLOM	FSGS_MCD	PODO	1	1	0	False	up	ERCB_GLOM_H7:2.6
GLOM	FSGS_MCD	PT	1	1	0	False	up	ERCB_GLOM_H7:2.7
GLOM	FSGS_MCD	STROMA	1	0	0	False	none	ERCB_GLOM_H7:1.9
GLOM	FSGS_MCD	TCELL	1	0	0	False	none	ERCB_GLOM_H7:-1.8
GLOM	FSGS	CNT_PC	3	1	0	False	up	ERCB_GLOM_H1:2.1;ERCB_GLOM_H7:0.7;GSE108109-GPL19983:1.2
GLOM	FSGS	DCT	3	0	0	False	none	ERCB_GLOM_H1:0.1;ERCB_GLOM_H7:0.8;GSE108109-GPL19983:0.4
GLOM	FSGS	ENDO	3	1	0	False	up	ERCB_GLOM_H1:1.7;ERCB_GLOM_H7:-1.1;GSE108109-GPL19983:4.9
GLOM	FSGS	ENDO_PT	3	2	1	False	up	ERCB_GLOM_H1:-2.4;ERCB_GLOM_H7:2.8;GSE108109-GPL19983:3.6
GLOM	FSGS	IC	1	0	0	False	none	GSE108109-GPL19983:-0.8
GLOM	FSGS	LOH	3	1	1	False	none	ERCB_GLOM_H1:2.8;ERCB_GLOM_H7:-2.6;GSE108109-GPL19983:1.9
GLOM	FSGS	MAC	3	0	2	True	down	ERCB_GLOM_H1:-1.9;ERCB_GLOM_H7:-7.2;GSE108109-GPL19983:-2.9
GLOM	FSGS	MAST	3	0	3	True	down	ERCB_GLOM_H1:-2.0;ERCB_GLOM_H7:-3.2;GSE108109-GPL19983:-3.3
GLOM	FSGS	NEUTRO	3	0	3	True	down	ERCB_GLOM_H1:-2.5;ERCB_GLOM_H7:-2.4;GSE108109-GPL19983:-2.1
GLOM	FSGS	NK	3	2	0	True	up	ERCB_GLOM_H1:2.4;ERCB_GLOM_H7:-0.6;GSE108109-GPL19983:5.5
GLOM	FSGS	PEC	3	1	0	False	up	ERCB_GLOM_H1:3.1;ERCB_GLOM_H7:-0.7;GSE108109-GPL19983:0.0
GLOM	FSGS	PERI	3	0	0	False	none	ERCB_GLOM_H1:-1.9;ERCB_GLOM_H7:-1.4;GSE108109-GPL19983:0.8
GLOM	FSGS	PODO	3	1	0	False	up	ERCB_GLOM_H1:-0.7;ERCB_GLOM_H7:2.4;GSE108109-GPL19983:-1.5
GLOM	FSGS	PT	3	1	1	False	none	ERCB_GLOM_H1:-2.6;ERCB_GLOM_H7:2.8;GSE108109-GPL19983:1.9
GLOM	FSGS	STROMA	3	1	0	False	up	ERCB_GLOM_H1:-0.5;ERCB_GLOM_H7:1.0;GSE108109-GPL19983:2.2
GLOM	FSGS	TCELL	3	0	1	False	down	ERCB_GLOM_H1:1.7;ERCB_GLOM_H7:-7.0;GSE108109-GPL19983:0.2
GLOM	HT	CNT_PC	1	0	0	False	none	ERCB_GLOM_H1:-0.7
GLOM	HT	DCT	1	0	0	False	none	ERCB_GLOM_H1:0.2
GLOM	HT	ENDO	1	0	0	False	none	ERCB_GLOM_H1:0.2
GLOM	HT	ENDO_PT	1	0	0	False	none	ERCB_GLOM_H1:1.8
GLOM	HT	LOH	1	0	0	False	none	ERCB_GLOM_H1:-0.2
GLOM	HT	MAC	1	0	0	False	none	ERCB_GLOM_H1:-1.6
GLOM	HT	MAST	1	0	0	False	none	ERCB_GLOM_H1:-1.9
GLOM	HT	NEUTRO	1	0	0	False	none	ERCB_GLOM_H1:-0.9
GLOM	HT	NK	1	0	0	False	none	ERCB_GLOM_H1:1.0
GLOM	HT	PEC	1	0	0	False	none	ERCB_GLOM_H1:-0.1
GLOM	HT	PERI	1	0	0	False	none	ERCB_GLOM_H1:-1.0
GLOM	HT	PODO	1	1	0	False	up	ERCB_GLOM_H1:4.8
GLOM	HT	PT	1	0	0	False	none	ERCB_GLOM_H1:-1.9
GLOM	HT	STROMA	1	0	0	False	none	ERCB_GLOM_H1:-0.5
GLOM	HT	TCELL	1	0	0	False	none	ERCB_GLOM_H1:-1.9
GLOM	IgAN	CNT_PC	1	0	0	False	none	ERCB_GLOM_H1:-0.3
GLOM	IgAN	DCT	1	0	0	False	none	ERCB_GLOM_H1:0.3
GLOM	IgAN	ENDO	1	0	0	False	none	ERCB_GLOM_H1:-0.2
GLOM	IgAN	ENDO_PT	1	0	0	False	none	ERCB_GLOM_H1:0.8
GLOM	IgAN	LOH	1	0	0	False	none	ERCB_GLOM_H1:0.3
GLOM	IgAN	MAC	1	0	0	False	none	ERCB_GLOM_H1:-0.6
GLOM	IgAN	MAST	1	0	0	False	none	ERCB_GLOM_H1:-1.9
GLOM	IgAN	NEUTRO	1	0	0	False	none	ERCB_GLOM_H1:-1.2
GLOM	IgAN	NK	1	0	0	False	none	ERCB_GLOM_H1:-1.6
GLOM	IgAN	PEC	1	0	0	False	none	ERCB_GLOM_H1:0.8
GLOM	IgAN	PERI	1	0	1	False	down	ERCB_GLOM_H1:-2.7
GLOM	IgAN	PODO	1	0	0	False	none	ERCB_GLOM_H1:0.6
GLOM	IgAN	PT	1	0	0	False	none	ERCB_GLOM_H1:0.4
GLOM	IgAN	STROMA	1	0	1	False	down	ERCB_GLOM_H1:-2.1
GLOM	IgAN	TCELL	1	0	0	False	none	ERCB_GLOM_H1:-1.9
GLOM	LN	CNT_PC	1	0	0	False	none	ERCB_GLOM_H1:0.1
GLOM	LN	DCT	1	0	0	False	none	ERCB_GLOM_H1:-0.4
GLOM	LN	ENDO	1	0	0	False	none	ERCB_GLOM_H1:0.1
GLOM	LN	ENDO_PT	1	0	0	False	none	ERCB_GLOM_H1:-0.2
GLOM	LN	LOH	1	0	0	False	none	ERCB_GLOM_H1:-0.3
GLOM	LN	MAC	1	1	0	False	up	ERCB_GLOM_H1:3.6
GLOM	LN	MAST	1	0	0	False	none	ERCB_GLOM_H1:1.6
GLOM	LN	NEUTRO	1	1	0	False	up	ERCB_GLOM_H1:2.4
GLOM	LN	NK	1	0	0	False	none	ERCB_GLOM_H1:1.0
GLOM	LN	PEC	1	0	0	False	none	ERCB_GLOM_H1:-0.9
GLOM	LN	PERI	1	1	0	False	up	ERCB_GLOM_H1:2.2
GLOM	LN	PODO	1	0	0	False	none	ERCB_GLOM_H1:-1.3
GLOM	LN	PT	1	0	0	False	none	ERCB_GLOM_H1:1.1
GLOM	LN	STROMA	1	1	0	False	up	ERCB_GLOM_H1:2.8
GLOM	LN	TCELL	1	0	0	False	none	ERCB_GLOM_H1:1.7
GLOM	MCD	CNT_PC	3	0	0	False	none	ERCB_GLOM_H1:-1.4;ERCB_GLOM_H7:-1.3;GSE108109-GPL19983:-2.0
GLOM	MCD	DCT	3	0	0	False	none	ERCB_GLOM_H1:-1.1;ERCB_GLOM_H7:-1.8;GSE108109-GPL19983:-0.6
GLOM	MCD	ENDO	3	1	0	False	up	ERCB_GLOM_H1:-0.7;ERCB_GLOM_H7:-0.9;GSE108109-GPL19983:2.6
GLOM	MCD	ENDO_PT	3	1	0	False	up	ERCB_GLOM_H1:1.9;ERCB_GLOM_H7:-0.6;GSE108109-GPL19983:3.3
GLOM	MCD	IC	1	0	0	False	none	GSE108109-GPL19983:-0.3
GLOM	MCD	LOH	3	0	1	False	down	ERCB_GLOM_H1:-1.5;ERCB_GLOM_H7:-4.0;GSE108109-GPL19983:-1.0
GLOM	MCD	MAC	3	0	3	True	down	ERCB_GLOM_H1:-3.3;ERCB_GLOM_H7:-7.6;GSE108109-GPL19983:-4.7
GLOM	MCD	MAST	3	0	0	False	none	ERCB_GLOM_H1:-0.8;ERCB_GLOM_H7:-0.4;GSE108109-GPL19983:1.0
GLOM	MCD	NEUTRO	3	0	2	True	down	ERCB_GLOM_H1:-2.1;ERCB_GLOM_H7:-2.5;GSE108109-GPL19983:-0.2
GLOM	MCD	NK	3	1	2	False	down	ERCB_GLOM_H1:-3.3;ERCB_GLOM_H7:-3.6;GSE108109-GPL19983:2.3
GLOM	MCD	PEC	3	0	1	False	down	ERCB_GLOM_H1:0.3;ERCB_GLOM_H7:-1.9;GSE108109-GPL19983:-2.0
GLOM	MCD	PERI	3	0	1	False	down	ERCB_GLOM_H1:-2.9;ERCB_GLOM_H7:0.4;GSE108109-GPL19983:-1.9
GLOM	MCD	PODO	3	1	0	False	up	ERCB_GLOM_H1:2.5;ERCB_GLOM_H7:1.7;GSE108109-GPL19983:0.6
GLOM	MCD	PT	3	0	1	False	down	ERCB_GLOM_H1:-2.5;ERCB_GLOM_H7:-0.1;GSE108109-GPL19983:-0.5
GLOM	MCD	STROMA	3	0	1	False	down	ERCB_GLOM_H1:-3.2;ERCB_GLOM_H7:-0.3;GSE108109-GPL19983:1.6
GLOM	MCD	TCELL	3	0	1	False	down	ERCB_GLOM_H1:-2.9;ERCB_GLOM_H7:-1.8;GSE108109-GPL19983:-0.6
GLOM	MN	CNT_PC	2	0	0	False	none	ERCB_GLOM_H1:-0.1;GSE108109-GPL19983:-0.2
GLOM	MN	DCT	2	0	0	False	none	ERCB_GLOM_H1:0.0;GSE108109-GPL19983:-0.0
GLOM	MN	ENDO	2	0	2	True	down	ERCB_GLOM_H1:-2.1;GSE108109-GPL19983:-2.6
GLOM	MN	ENDO_PT	2	0	0	False	none	ERCB_GLOM_H1:-1.0;GSE108109-GPL19983:-1.0
GLOM	MN	IC	1	0	0	False	none	GSE108109-GPL19983:-1.4
GLOM	MN	LOH	2	0	0	False	none	ERCB_GLOM_H1:-0.6;GSE108109-GPL19983:-0.9
GLOM	MN	MAC	2	0	1	False	down	ERCB_GLOM_H1:-9.0;GSE108109-GPL19983:-0.8
GLOM	MN	MAST	2	0	0	False	none	ERCB_GLOM_H1:-0.9;GSE108109-GPL19983:1.9
GLOM	MN	NEUTRO	2	0	1	False	down	ERCB_GLOM_H1:-2.7;GSE108109-GPL19983:1.7
GLOM	MN	NK	2	0	2	True	down	ERCB_GLOM_H1:-2.3;GSE108109-GPL19983:-4.4
GLOM	MN	PEC	2	0	0	False	none	ERCB_GLOM_H1:0.3;GSE108109-GPL19983:-0.1
GLOM	MN	PERI	2	0	0	False	none	ERCB_GLOM_H1:-0.0;GSE108109-GPL19983:1.7
GLOM	MN	PODO	2	2	0	True	up	ERCB_GLOM_H1:2.7;GSE108109-GPL19983:4.4
GLOM	MN	PT	2	0	0	False	none	ERCB_GLOM_H1:-0.7;GSE108109-GPL19983:-0.6
GLOM	MN	STROMA	2	0	1	False	down	ERCB_GLOM_H1:-2.9;GSE108109-GPL19983:-1.1
GLOM	MN	TCELL	2	0	2	True	down	ERCB_GLOM_H1:-2.8;GSE108109-GPL19983:-2.1
GLOM	RPGN	CNT_PC	2	0	0	False	none	ERCB_GLOM_H7:0.7;GSE108109-GPL19983:1.0
GLOM	RPGN	DCT	2	0	0	False	none	ERCB_GLOM_H7:0.2;GSE108109-GPL19983:0.2
GLOM	RPGN	ENDO	2	0	1	False	down	ERCB_GLOM_H7:0.3;GSE108109-GPL19983:-4.9
GLOM	RPGN	ENDO_PT	2	0	2	True	down	ERCB_GLOM_H7:-4.1;GSE108109-GPL19983:-7.4
GLOM	RPGN	IC	1	1	0	False	up	GSE108109-GPL19983:3.8
GLOM	RPGN	LOH	2	0	0	False	none	ERCB_GLOM_H7:-1.5;GSE108109-GPL19983:-0.1
GLOM	RPGN	MAC	2	2	0	True	up	ERCB_GLOM_H7:11.1;GSE108109-GPL19983:10.5
GLOM	RPGN	MAST	2	0	0	False	none	ERCB_GLOM_H7:0.9;GSE108109-GPL19983:-0.2
GLOM	RPGN	NEUTRO	2	1	0	False	up	ERCB_GLOM_H7:5.6;GSE108109-GPL19983:-0.0
GLOM	RPGN	NK	2	0	1	False	down	ERCB_GLOM_H7:-0.5;GSE108109-GPL19983:-2.4
GLOM	RPGN	PEC	2	1	0	False	up	ERCB_GLOM_H7:1.7;GSE108109-GPL19983:2.3
GLOM	RPGN	PERI	2	0	0	False	none	ERCB_GLOM_H7:-1.6;GSE108109-GPL19983:-1.8
GLOM	RPGN	PODO	2	0	1	False	down	ERCB_GLOM_H7:-0.4;GSE108109-GPL19983:-6.5
GLOM	RPGN	PT	2	0	1	False	down	ERCB_GLOM_H7:-3.3;GSE108109-GPL19983:-0.9
GLOM	RPGN	STROMA	2	0	2	True	down	ERCB_GLOM_H7:-3.3;GSE108109-GPL19983:-2.8
GLOM	RPGN	TCELL	2	2	0	True	up	ERCB_GLOM_H7:4.3;GSE108109-GPL19983:3.9
TUB	DKD	CNT_PC	2	1	0	False	up	ERCB_TUB_H1:2.2;ERCB_TUB_H7:1.4
TUB	DKD	DCT	2	0	0	False	none	ERCB_TUB_H1:-0.6;ERCB_TUB_H7:-1.5
TUB	DKD	ENDO	2	2	0	True	up	ERCB_TUB_H1:4.9;ERCB_TUB_H7:3.7
TUB	DKD	ENDO_PT	2	1	0	False	up	ERCB_TUB_H1:3.1;ERCB_TUB_H7:1.1
TUB	DKD	LOH	2	1	0	False	up	ERCB_TUB_H1:2.2;ERCB_TUB_H7:2.0
TUB	DKD	MAC	2	0	0	False	none	ERCB_TUB_H1:1.3;ERCB_TUB_H7:-1.8
TUB	DKD	MAST	2	1	0	False	up	ERCB_TUB_H1:1.4;ERCB_TUB_H7:7.2
TUB	DKD	NEUTRO	2	0	0	False	none	ERCB_TUB_H1:-0.9;ERCB_TUB_H7:0.6
TUB	DKD	NK	2	1	0	False	up	ERCB_TUB_H1:-1.6;ERCB_TUB_H7:2.0
TUB	DKD	PEC	2	0	0	False	none	ERCB_TUB_H1:1.2;ERCB_TUB_H7:-0.2
TUB	DKD	PERI	2	1	0	False	up	ERCB_TUB_H1:-0.4;ERCB_TUB_H7:5.1
TUB	DKD	PODO	2	0	1	False	down	ERCB_TUB_H1:-0.8;ERCB_TUB_H7:-5.2
TUB	DKD	PT	2	0	0	False	none	ERCB_TUB_H1:-0.7;ERCB_TUB_H7:1.5
TUB	DKD	STROMA	2	1	0	False	up	ERCB_TUB_H1:1.6;ERCB_TUB_H7:3.1
TUB	DKD	TCELL	2	0	0	False	none	ERCB_TUB_H1:1.2;ERCB_TUB_H7:1.2
TUB	FSGS	CNT_PC	4	0	1	False	down	ERCB_TUB_H1:-3.0;GSE108112-GPL19983:-1.3;GSE133288-GPL19983:-0.7;GSE182380-RNAseq:0.5
TUB	FSGS	DCT	4	0	1	False	down	ERCB_TUB_H1:-3.0;GSE108112-GPL19983:-1.9;GSE133288-GPL19983:-1.8;GSE182380-RNAseq:-0.5
TUB	FSGS	ENDO	4	2	0	True	up	ERCB_TUB_H1:-0.7;GSE108112-GPL19983:3.2;GSE133288-GPL19983:-0.3;GSE182380-RNAseq:3.0
TUB	FSGS	ENDO_PT	4	2	1	False	up	ERCB_TUB_H1:-3.3;GSE108112-GPL19983:3.5;GSE133288-GPL19983:-1.0;GSE182380-RNAseq:3.5
TUB	FSGS	IC	3	1	0	False	up	GSE108112-GPL19983:-1.6;GSE133288-GPL19983:0.6;GSE182380-RNAseq:2.4
TUB	FSGS	LOH	4	0	2	True	down	ERCB_TUB_H1:-1.5;GSE108112-GPL19983:-2.5;GSE133288-GPL19983:-2.1;GSE182380-RNAseq:-0.1
TUB	FSGS	MAC	4	3	1	False	up	ERCB_TUB_H1:-3.3;GSE108112-GPL19983:3.7;GSE133288-GPL19983:3.4;GSE182380-RNAseq:4.9
TUB	FSGS	MAST	4	2	0	True	up	ERCB_TUB_H1:0.3;GSE108112-GPL19983:4.0;GSE133288-GPL19983:0.1;GSE182380-RNAseq:5.2
TUB	FSGS	NEUTRO	4	0	0	False	none	ERCB_TUB_H1:1.4;GSE108112-GPL19983:0.2;GSE133288-GPL19983:-0.3;GSE182380-RNAseq:1.1
TUB	FSGS	NK	4	3	0	True	up	ERCB_TUB_H1:0.7;GSE108112-GPL19983:4.3;GSE133288-GPL19983:2.4;GSE182380-RNAseq:7.5
TUB	FSGS	PEC	4	2	0	True	up	ERCB_TUB_H1:0.3;GSE108112-GPL19983:0.5;GSE133288-GPL19983:2.8;GSE182380-RNAseq:2.4
TUB	FSGS	PERI	4	1	0	False	up	ERCB_TUB_H1:-1.3;GSE108112-GPL19983:1.9;GSE133288-GPL19983:1.3;GSE182380-RNAseq:3.0
TUB	FSGS	PODO	4	0	0	False	none	ERCB_TUB_H1:-1.3;GSE108112-GPL19983:-0.6;GSE133288-GPL19983:0.4;GSE182380-RNAseq:0.5
TUB	FSGS	PT	4	0	4	True	down	ERCB_TUB_H1:-3.4;GSE108112-GPL19983:-3.2;GSE133288-GPL19983:-4.6;GSE182380-RNAseq:-2.6
TUB	FSGS	STROMA	4	2	0	True	up	ERCB_TUB_H1:-0.0;GSE108112-GPL19983:2.6;GSE133288-GPL19983:1.1;GSE182380-RNAseq:2.9
TUB	FSGS	TCELL	4	3	0	True	up	ERCB_TUB_H1:1.4;GSE108112-GPL19983:3.9;GSE133288-GPL19983:3.5;GSE182380-RNAseq:8.5
TUB	HT	CNT_PC	1	0	0	False	none	ERCB_TUB_H1:-0.3
TUB	HT	DCT	1	0	0	False	none	ERCB_TUB_H1:-0.9
TUB	HT	ENDO	1	0	0	False	none	ERCB_TUB_H1:1.7
TUB	HT	ENDO_PT	1	0	0	False	none	ERCB_TUB_H1:-0.3
TUB	HT	LOH	1	0	0	False	none	ERCB_TUB_H1:-0.5
TUB	HT	MAC	1	1	0	False	up	ERCB_TUB_H1:6.2
TUB	HT	MAST	1	0	0	False	none	ERCB_TUB_H1:1.0
TUB	HT	NEUTRO	1	1	0	False	up	ERCB_TUB_H1:2.2
TUB	HT	NK	1	1	0	False	up	ERCB_TUB_H1:4.3
TUB	HT	PEC	1	0	0	False	none	ERCB_TUB_H1:1.3
TUB	HT	PERI	1	0	0	False	none	ERCB_TUB_H1:-0.6
TUB	HT	PODO	1	0	0	False	none	ERCB_TUB_H1:0.9
TUB	HT	PT	1	0	1	False	down	ERCB_TUB_H1:-5.4
TUB	HT	STROMA	1	0	0	False	none	ERCB_TUB_H1:0.0
TUB	HT	TCELL	1	1	0	False	up	ERCB_TUB_H1:5.1
TUB	IgAN	CNT_PC	2	1	0	False	up	ERCB_TUB_H1:-1.7;GSE175759-RNAseq:3.0
TUB	IgAN	DCT	2	1	0	False	up	ERCB_TUB_H1:1.7;GSE175759-RNAseq:4.5
TUB	IgAN	ENDO	2	0	0	False	none	ERCB_TUB_H1:-1.9;GSE175759-RNAseq:-0.8
TUB	IgAN	ENDO_PT	2	0	0	False	none	ERCB_TUB_H1:0.2;GSE175759-RNAseq:1.1
TUB	IgAN	IC	1	0	0	False	none	GSE175759-RNAseq:0.8
TUB	IgAN	LOH	2	1	0	False	up	ERCB_TUB_H1:0.9;GSE175759-RNAseq:3.1
TUB	IgAN	MAC	2	0	1	False	down	ERCB_TUB_H1:-1.2;GSE175759-RNAseq:-5.1
TUB	IgAN	MAST	2	0	0	False	none	ERCB_TUB_H1:0.5;GSE175759-RNAseq:-0.2
TUB	IgAN	NEUTRO	2	0	0	False	none	ERCB_TUB_H1:1.7;GSE175759-RNAseq:-1.3
TUB	IgAN	NK	2	0	1	False	down	ERCB_TUB_H1:0.8;GSE175759-RNAseq:-3.0
TUB	IgAN	PEC	2	0	2	True	down	ERCB_TUB_H1:-2.4;GSE175759-RNAseq:-2.6
TUB	IgAN	PERI	2	0	0	False	none	ERCB_TUB_H1:1.1;GSE175759-RNAseq:1.6
TUB	IgAN	PODO	2	0	0	False	none	ERCB_TUB_H1:-0.6;GSE175759-RNAseq:-1.6
TUB	IgAN	PT	2	1	0	False	up	ERCB_TUB_H1:0.8;GSE175759-RNAseq:2.7
TUB	IgAN	STROMA	2	0	0	False	none	ERCB_TUB_H1:0.4;GSE175759-RNAseq:-0.6
TUB	IgAN	TCELL	2	0	1	False	down	ERCB_TUB_H1:-3.3;GSE175759-RNAseq:-1.8
TUB	LN	CNT_PC	1	1	0	False	up	ERCB_TUB_H1:2.5
TUB	LN	DCT	1	1	0	False	up	ERCB_TUB_H1:2.1
TUB	LN	ENDO	1	0	0	False	none	ERCB_TUB_H1:0.4
TUB	LN	ENDO_PT	1	1	0	False	up	ERCB_TUB_H1:3.5
TUB	LN	LOH	1	0	0	False	none	ERCB_TUB_H1:-1.2
TUB	LN	MAC	1	1	0	False	up	ERCB_TUB_H1:4.5
TUB	LN	MAST	1	0	0	False	none	ERCB_TUB_H1:-0.0
TUB	LN	NEUTRO	1	0	0	False	none	ERCB_TUB_H1:-1.5
TUB	LN	NK	1	0	0	False	none	ERCB_TUB_H1:0.5
TUB	LN	PEC	1	0	0	False	none	ERCB_TUB_H1:0.2
TUB	LN	PERI	1	0	0	False	none	ERCB_TUB_H1:-0.3
TUB	LN	PODO	1	0	0	False	none	ERCB_TUB_H1:1.9
TUB	LN	PT	1	0	0	False	none	ERCB_TUB_H1:0.5
TUB	LN	STROMA	1	0	0	False	none	ERCB_TUB_H1:0.6
TUB	LN	TCELL	1	0	0	False	none	ERCB_TUB_H1:-0.0
TUB	MCD	CNT_PC	5	0	2	True	down	ERCB_TUB_H1:-2.4;GSE108112-GPL19983:0.6;GSE133288-GPL19983:1.0;GSE175759-RNAseq:-2.0;GSE182380-RNAseq:1.1
TUB	MCD	DCT	5	1	0	False	up	ERCB_TUB_H1:-1.3;GSE108112-GPL19983:1.8;GSE133288-GPL19983:0.1;GSE175759-RNAseq:-1.6;GSE182380-RNAseq:2.8
TUB	MCD	ENDO	5	0	3	True	down	ERCB_TUB_H1:-3.5;GSE108112-GPL19983:-2.3;GSE133288-GPL19983:-0.2;GSE175759-RNAseq:-2.3;GSE182380-RNAseq:-0.7
TUB	MCD	ENDO_PT	5	0	1	False	down	ERCB_TUB_H1:-2.1;GSE108112-GPL19983:-1.7;GSE133288-GPL19983:1.3;GSE175759-RNAseq:-0.8;GSE182380-RNAseq:-0.9
TUB	MCD	IC	4	1	0	False	up	GSE108112-GPL19983:0.2;GSE133288-GPL19983:-0.1;GSE175759-RNAseq:1.6;GSE182380-RNAseq:3.5
TUB	MCD	LOH	5	0	1	False	down	ERCB_TUB_H1:-2.1;GSE108112-GPL19983:0.4;GSE133288-GPL19983:1.5;GSE175759-RNAseq:-0.8;GSE182380-RNAseq:0.2
TUB	MCD	MAC	5	0	4	True	down	ERCB_TUB_H1:-1.0;GSE108112-GPL19983:-2.3;GSE133288-GPL19983:-4.6;GSE175759-RNAseq:-2.3;GSE182380-RNAseq:-2.7
TUB	MCD	MAST	5	0	2	True	down	ERCB_TUB_H1:-0.9;GSE108112-GPL19983:-0.1;GSE133288-GPL19983:0.3;GSE175759-RNAseq:-5.2;GSE182380-RNAseq:-2.9
TUB	MCD	NEUTRO	5	0	1	False	down	ERCB_TUB_H1:0.5;GSE108112-GPL19983:-1.1;GSE133288-GPL19983:0.4;GSE175759-RNAseq:0.1;GSE182380-RNAseq:-2.4
TUB	MCD	NK	5	0	1	False	down	ERCB_TUB_H1:-1.5;GSE108112-GPL19983:-0.5;GSE133288-GPL19983:-1.6;GSE175759-RNAseq:-6.2;GSE182380-RNAseq:-1.8
TUB	MCD	PEC	5	0	2	True	down	ERCB_TUB_H1:-0.4;GSE108112-GPL19983:-0.6;GSE133288-GPL19983:-2.4;GSE175759-RNAseq:-0.6;GSE182380-RNAseq:-2.7
TUB	MCD	PERI	5	0	4	True	down	ERCB_TUB_H1:-1.7;GSE108112-GPL19983:-2.9;GSE133288-GPL19983:-2.2;GSE175759-RNAseq:-3.1;GSE182380-RNAseq:-2.4
TUB	MCD	PODO	5	0	1	False	down	ERCB_TUB_H1:-0.9;GSE108112-GPL19983:-0.6;GSE133288-GPL19983:0.3;GSE175759-RNAseq:-2.6;GSE182380-RNAseq:-1.6
TUB	MCD	PT	5	2	0	True	up	ERCB_TUB_H1:1.4;GSE108112-GPL19983:2.1;GSE133288-GPL19983:4.5;GSE175759-RNAseq:-1.3;GSE182380-RNAseq:-0.4
TUB	MCD	STROMA	5	0	3	True	down	ERCB_TUB_H1:-2.6;GSE108112-GPL19983:-3.2;GSE133288-GPL19983:-1.0;GSE175759-RNAseq:-2.1;GSE182380-RNAseq:-0.6
TUB	MCD	TCELL	5	0	3	True	down	ERCB_TUB_H1:-3.0;GSE108112-GPL19983:0.4;GSE133288-GPL19983:-3.4;GSE175759-RNAseq:-10.1;GSE182380-RNAseq:-1.7
TUB	MN	CNT_PC	4	0	0	False	none	ERCB_TUB_H1:-0.2;GSE108112-GPL19983:1.2;GSE133288-GPL19983:-0.5;GSE182380-RNAseq:-1.3
TUB	MN	DCT	4	1	0	False	up	ERCB_TUB_H1:-0.2;GSE108112-GPL19983:1.3;GSE133288-GPL19983:2.5;GSE182380-RNAseq:-1.6
TUB	MN	ENDO	4	0	1	False	down	ERCB_TUB_H1:-0.8;GSE108112-GPL19983:-1.0;GSE133288-GPL19983:0.7;GSE182380-RNAseq:-2.6
TUB	MN	ENDO_PT	4	0	2	True	down	ERCB_TUB_H1:-2.4;GSE108112-GPL19983:-0.4;GSE133288-GPL19983:-0.7;GSE182380-RNAseq:-2.9
TUB	MN	IC	3	0	1	False	down	GSE108112-GPL19983:0.6;GSE133288-GPL19983:-0.8;GSE182380-RNAseq:-5.0
TUB	MN	LOH	4	2	0	True	up	ERCB_TUB_H1:2.0;GSE108112-GPL19983:3.9;GSE133288-GPL19983:0.7;GSE182380-RNAseq:-0.0
TUB	MN	MAC	4	0	3	True	down	ERCB_TUB_H1:-6.7;GSE108112-GPL19983:-5.8;GSE133288-GPL19983:1.8;GSE182380-RNAseq:-3.0
TUB	MN	MAST	4	0	2	True	down	ERCB_TUB_H1:-1.3;GSE108112-GPL19983:-3.4;GSE133288-GPL19983:-0.6;GSE182380-RNAseq:-3.1
TUB	MN	NEUTRO	4	0	0	False	none	ERCB_TUB_H1:-0.9;GSE108112-GPL19983:-0.9;GSE133288-GPL19983:-0.1;GSE182380-RNAseq:0.5
TUB	MN	NK	4	0	3	True	down	ERCB_TUB_H1:-2.2;GSE108112-GPL19983:-5.9;GSE133288-GPL19983:-0.9;GSE182380-RNAseq:-5.9
TUB	MN	PEC	4	0	0	False	none	ERCB_TUB_H1:-0.3;GSE108112-GPL19983:-0.4;GSE133288-GPL19983:-0.2;GSE182380-RNAseq:-0.5
TUB	MN	PERI	4	1	0	False	up	ERCB_TUB_H1:1.8;GSE108112-GPL19983:2.1;GSE133288-GPL19983:1.5;GSE182380-RNAseq:-1.4
TUB	MN	PODO	4	0	0	False	none	ERCB_TUB_H1:-0.9;GSE108112-GPL19983:0.3;GSE133288-GPL19983:-1.1;GSE182380-RNAseq:0.7
TUB	MN	PT	4	3	0	True	up	ERCB_TUB_H1:3.6;GSE108112-GPL19983:6.4;GSE133288-GPL19983:-0.0;GSE182380-RNAseq:2.9
TUB	MN	STROMA	4	0	1	False	down	ERCB_TUB_H1:-0.3;GSE108112-GPL19983:0.1;GSE133288-GPL19983:0.2;GSE182380-RNAseq:-2.4
TUB	MN	TCELL	4	0	2	True	down	ERCB_TUB_H1:-1.1;GSE108112-GPL19983:-7.8;GSE133288-GPL19983:0.7;GSE182380-RNAseq:-6.9
TUB	RPGN	CNT_PC	2	0	1	False	down	ERCB_TUB_H7:-2.3;GSE108112-GPL19983:-0.5
TUB	RPGN	DCT	2	0	0	False	none	ERCB_TUB_H7:-1.6;GSE108112-GPL19983:-1.1
TUB	RPGN	ENDO	2	0	1	False	down	ERCB_TUB_H7:-3.0;GSE108112-GPL19983:-0.7
TUB	RPGN	ENDO_PT	2	0	1	False	down	ERCB_TUB_H7:-1.9;GSE108112-GPL19983:-2.7
TUB	RPGN	IC	1	0	0	False	none	GSE108112-GPL19983:1.3
TUB	RPGN	LOH	2	0	2	True	down	ERCB_TUB_H7:-3.0;GSE108112-GPL19983:-2.4
TUB	RPGN	MAC	2	2	0	True	up	ERCB_TUB_H7:5.9;GSE108112-GPL19983:5.2
TUB	RPGN	MAST	2	0	1	False	down	ERCB_TUB_H7:-3.2;GSE108112-GPL19983:-0.5
TUB	RPGN	NEUTRO	2	1	0	False	up	ERCB_TUB_H7:0.7;GSE108112-GPL19983:2.0
TUB	RPGN	NK	2	1	0	False	up	ERCB_TUB_H7:0.7;GSE108112-GPL19983:3.2
TUB	RPGN	PEC	2	0	0	False	none	ERCB_TUB_H7:1.9;GSE108112-GPL19983:0.3
TUB	RPGN	PERI	2	0	2	True	down	ERCB_TUB_H7:-4.3;GSE108112-GPL19983:-2.6
TUB	RPGN	PODO	2	1	0	False	up	ERCB_TUB_H7:2.8;GSE108112-GPL19983:0.9
TUB	RPGN	PT	2	0	2	True	down	ERCB_TUB_H7:-3.0;GSE108112-GPL19983:-6.3
TUB	RPGN	STROMA	2	0	1	False	down	ERCB_TUB_H7:-2.9;GSE108112-GPL19983:-0.9
TUB	RPGN	TCELL	2	2	0	True	up	ERCB_TUB_H7:2.6;GSE108112-GPL19983:5.5
