sig_id	auc_dkd_ctrl	auc_dkd_other	adj_auc_dkd_other	strat_auc_dkd_other	specificity_ratio	r_injury	specificity_ratio_null_median	auc_dkd_other_null_median	adj_auc_dkd_other_null_median	n_cohorts_adj_beats_random	gse30122
PMID29207157_208	0.8535240726400916	0.6308830610567044	0.555183797436068	0.5383528190112353	1.8213369355845306	0.7164906305013202	1.1639992557453664	0.559249589052075	0.5300898817841062	0	no
PMID30761531_204	0.9233172276501845	0.6637061687051499	0.6270017643918727	0.5927514076593434	1.8019141271864156	0.8108428266762915	1.3829551383149177	0.6075852089999738	0.5585399194133766	1	unclear
PMID30988245_205	0.8084116539107336	0.6642006703706168	0.6444944256760162	0.6352654343534747	1.912333695628007	0.4406090738643826	1.1997204540461222	0.5646646281834917	0.5293723044538136	1	no
PMID31277135_206	0.7925179020508608	0.6893507369338471	0.663183712877326	0.6720177481841644	2.30346327627465	0.41865393871905937	1.2300593984718617	0.5746507415209383	0.5368219327734057	1	no
PMID31895808_200	0.8598363946602429					0.7160592034203879				0	no
PMID32778679_201	0.8792843650294447	0.6575379802331653	0.6117331397933692	0.5933511374047173	2.0600049081362757	0.7782931566739281	1.2837086314893182	0.5892033199198721	0.5403089191704119	1	no
PMID32953797_202	0.9747051185804992	0.6989247618745174	0.6722695181991584	0.6384413204154017	1.7778251561292386	0.7464199418507728	1.371810683756997	0.6024619731398084	0.5536136575348266	0	no
PMID32954999_188	0.7911914302163598	0.6374823541909883	0.5978580016765567	0.5919271210696814	2.5180061904894147	0.4407751532407313	1.260552566763982	0.5859643294428751	0.5404162022866902	0	no
PMID33145306_203	0.8468752720293916	0.699213751771827	0.6782220913304985	0.6715748220091855	35.159481259629764	0.6248510574841298	1.3033558065654767	0.5929681025774411	0.5443007628433514	0	no
PMID33887734_190	0.8671202593569586	0.7918511427149935	0.7802516240067183	0.7672356285016836	5.007264851061115	0.42897978041862067	1.1346819188758297	0.5421380690513492	0.51533987258472	3	no
PMID34087849_191	0.8830842737154029	0.640592635173009	0.5857806851198794	0.5674937376374476	2.1924580829366835	0.7560394065159888	1.1639992557453664	0.559249589052075	0.5300898817841062	0	no
PMID34124269_192	0.8729511229522317	0.6214471749819036	0.5487649036357991	0.5506737503717498	2.0031089344765767	0.6903397127832941	1.2300593984718617	0.5746507415209383	0.5368219327734057	0	no
PMID34215202_193	0.8963828266267969	0.6419449291974909	0.5792973956159506	0.5436664610815375	2.1498827391596027	0.7942232054317571	1.1997204540461222	0.5646646281834917	0.5293723044538136	0	no
PMID34262312_194	0.8397076970536864	0.648692949943241	0.5997783798545034	0.6158273903263215	2.6284768394406792	0.5612921232981484	1.1346819188758297	0.5421380690513492	0.51533987258472	0	no
PMID34424825_195	0.8631697828552701	0.5582206030462318	0.5195551510766054	0.5140560498913194	1.87730111890008	0.6020697328862598	1.128794458569466	0.5512633592730821	0.5229829589561191	1	no
PMID34557161_198	0.9302435708272755	0.7130347993878502	0.7010487016767583	0.6762976613194573	2.110999918316473	0.7551024762731252	1.2300593984718617	0.5746507415209383	0.5368219327734057	2	no
PMID34735495_199	0.861268287459413	0.6040615510770087	0.5530473880548112	0.5310926500322349	2.010622098264972	0.7061238039521812	1.236141143863819	0.5696303560590938	0.5316451356922072	0	no
PMID34908186_156	0.930715959104287	0.6701770075329111	0.6314833084067772	0.6178014716302501	1.7371184774051565	0.7460501168690087	1.2075989029109877	0.5646646281834917	0.528256233025242	0	no
PMID34932275_157	0.87443132374267	0.6036038721602881	0.5192621852801755	0.5287171887131767	2.150312462593869	0.6872170283470714	1.128794458569466	0.5512633592730821	0.5229829589561191	0	no
PMID35559414_160	0.8633814336788245	0.7005202315926582	0.6960831754315394	0.6835164113818315	4.499384102190334	0.5268721310522336	1.128794458569466	0.5512633592730821	0.5229829589561191	1	no
PMID35592524_161	0.937806480616938	0.6726701861250068	0.6291457506648762	0.6063276807402661	2.028981782250927	0.7971016975156181	1.367272173399312	0.603314176556637	0.5517768047431532	1	no
PMID35637650_162	0.8095768736925771	0.7435133520899997	0.7388955941492912	0.7120039410469672	7.477515077870871	0.3658282453711727	1.2691621405512739	0.583602027872376	0.538194361481943	2	no
PMID35663304_163	0.8961361334657318	0.7338047357180159	0.6991531366378536	0.6888326656806564	2.7410736555822934	0.6560878179818264	1.1346819188758297	0.5421380690513492	0.51533987258472	2	no
PMID35713142_121	0.8724679148298674	0.6201393373064601	0.5481333594696718	0.557822075052544	2.202010559606712	0.6849190258745229	1.1997204540461222	0.5646646281834917	0.5293723044538136	0	no
PMID35721731_164	0.8390663793898886	0.3719606015491262	0.3907184021245793	0.41828420247939657	0.6539836497675973	0.15748751895302052	1.1639992557453664	0.559249589052075	0.5300898817841062	0	no
PMID35834115_122	0.7696393755841454	0.5813739680304946	0.523840596941872	0.5082636140268937	-1.5812250254362423	0.5973369325015228	1.236141143863819	0.5696303560590938	0.5316451356922072	0	no
PMID35845512_165	0.8195219190282071	0.6890556603193422	0.6618222131656575	0.6559157320527176	3.9301032042564903	0.4981384845694179	1.128794458569466	0.5512633592730821	0.5229829589561191	0	no
PMID35909518_166	0.86249779192384	0.6252554467927662	0.5527506101839474	0.5483267416353798	2.0325506781190033	0.7266854965379578	1.1997204540461222	0.5646646281834917	0.5293723044538136	0	unclear
PMID35923621_167	0.9129605299913802	0.6279515002056629	0.5525800907387133	0.5447449047821495	2.382430254944585	0.7360541918743003	1.1639992557453664	0.559249589052075	0.5300898817841062	0	no
PMID35991124_168	0.8667423153458703	0.6876337565555078	0.6450714414253655	0.611970927667966	2.9247564558107655	0.7606019630776895	1.2837086314893182	0.5892033199198721	0.5403089191704119	1	no
PMID36035169_169	0.756905873756445	0.5707735215704184	0.5271862404401995	0.5170360262989288	1.7842878532403892	0.4798293665352042	1.1997204540461222	0.5646646281834917	0.5293723044538136	0	no
PMID36059966_170	0.8879443769456943	0.6397299312238762	0.5711643379617588	0.5710906790097583	2.1372599910309695	0.7242988711952222	1.343871711154651	0.5981678571680609	0.546208265031041	0	no
PMID36064366_171	0.9052380792673759	0.6524235467994202	0.59083596523993	0.5797672496901253	1.7558092118134982	0.7727747008616043	1.236141143863819	0.5696303560590938	0.5316451356922072	0	no
PMID36071835_172	0.7932699778168503	0.49678474519968463	0.41882973536516266	0.4024877796606448	1.120438755509884	0.5746572570197728	1.128794458569466	0.5512633592730821	0.5229829589561191	0	no
PMID36071835_173	0.692817089698471	0.5957359112029873	0.5303007399078952	0.5231807462540593	0.3591339295935264	0.2918670441370905	1.2357737460374865	0.5812217811977651	0.5378734289212572	1	no
PMID36092962_174	0.9269786171387576	0.7087965696874932	0.6872056322423113	0.7044585476508406	1.6467670002223533	0.7640199044822275	1.2738917758301906	0.5847180993009474	0.538194361481943	2	no
PMID36154667_175	0.8535448954565054	0.6255507155862303	0.5611291685821553	0.556650329634797	1.8361629964368469	0.688978024862406	1.126360018688389	0.5432541404799206	0.5164559440132914	0	no
PMID36250071_177	0.925243595380539	0.5462160057474741	0.5736528853559885	0.5750883367364658	1.111870395116458	0.38934543259173343	1.1346819188758297	0.5421380690513492	0.51533987258472	0	yes
PMID36329882_178	0.7014463968231497	0.5291517554697283	0.5305534079819421	0.5463963371915475	0.5823534126531819	0.2720619845189989	1.2738917758301906	0.5847180993009474	0.538194361481943	0	no
PMID36385790_180	0.7904157942568671	0.6268150294531583	0.5997676304346949	0.5825152641968507	-1.4043930642531912	0.5805617912843559	1.260552566763982	0.5859643294428751	0.5404162022866902	1	no
PMID36466094_181	0.9886710239651416	0.637334820609448	0.6047565079986773	0.6081208770700726	1.4609706983212822	0.6053419754084437	1.2300593984718617	0.5746507415209383	0.5368219327734057	1	no
PMID36482994_182	0.5902592083284129	0.5961010512252071	0.5928162685978824	0.6113665522974637	32.774095981259826	0.1639655480017909	1.128794458569466	0.5512633592730821	0.5229829589561191	2	no
PMID36568106_184	0.7931349561119028	0.601521802167325	0.505498202213095	0.529551749569369	2.031309608018345	0.6371360017577109	1.1346819188758297	0.5421380690513492	0.51533987258472	0	yes
PMID36585417_185	0.6266695964005554	0.5681455688194742	0.5727257762517718	0.5477577149312687	0.8930311038715582	0.1380399966460009	1.2357737460374865	0.5812217811977651	0.5378734289212572	0	no
PMID36624863_186	0.8778411041114967	0.39457611748599175	0.41685230208969726	0.4569190523523529	0.7072731712711171	0.20600167089708155	1.1997204540461222	0.5646646281834917	0.5293723044538136	0	no
PMID36627452_123	0.9143825084723081	0.632995514228048	0.5665226332625611	0.5438621162494087	1.7100280300831803	0.6864149316897247	1.236141143863819	0.5696303560590938	0.5316451356922072	0	unclear
PMID36743936_187	0.9227024210107716	0.5903744017878566	0.5278197851577858	0.5155957976802812	1.0631434700000597	0.6634854341576754	1.128794458569466	0.5512633592730821	0.5229829589561191	0	no
PMID36891052_124	0.888079684770679	0.702644076880657	0.6613131090497765	0.6533227197515414	2.802895689480092	0.6347663920606261	1.236141143863819	0.5696303560590938	0.5316451356922072	1	no
PMID36911691_126	0.8624908481488497	0.5958770083646364	0.5028238492701989	0.49487555113780385	2.536301238927702	0.6831960218840786	1.128794458569466	0.5512633592730821	0.5229829589561191	0	no
PMID36919187_127	0.9621134793373337	0.6909446912736387	0.6909166047913428	0.6914870441449156	1.893095710571653	0.4495999219091103	1.128794458569466	0.5512633592730821	0.5229829589561191	2	no
PMID36969169_128	0.9023933471812895	0.7278661664468895	0.6998208577054059	0.6799507344179446	1.8219341405122962	0.6780475600204343	1.128794458569466	0.5512633592730821	0.5229829589561191	1	no
PMID37038746_129	0.9425257608392096	0.6462872726365391	0.5589525150365858	0.5630407337991932	1.9429840234091766	0.770438776149302	1.260552566763982	0.5859643294428751	0.5404162022866902	0	no
PMID37063851_130	0.5445391494897034	0.5431279828694826	0.5207462510610799	0.5613081102335487	1.144041753299784	0.07303864249510146	1.128794458569466	0.5512633592730821	0.5229829589561191	0	no
PMID37113991_131	0.8821965242564905	0.6202219017979381	0.5647301076504616	0.5472197255937519	1.8540005948027711	0.742765601137787	1.2357737460374865	0.5812217811977651	0.5378734289212572	0	yes
PMID37127580_132	0.8379474921872583	0.6953699174021135	0.6653476952134963	0.6604643679055666	-1.6145559675255456	0.5822361539606681	1.2837086314893182	0.5892033199198721	0.5403089191704119	0	no
PMID37143982_133	0.9008479222262026	0.6697392931746099	0.6396099201896536	0.6224884483113078	1.5814801976433028	0.7458779606333387	1.2300593984718617	0.5746507415209383	0.5368219327734057	1	no
PMID37250717_134	0.8608127969381915	0.6185907466524315	0.5507245871365865	0.5663472512469836	2.121893787873258	0.7121133388273733	1.1997204540461222	0.5646646281834917	0.5293723044538136	0	yes
PMID37312900_135	0.8659708187199401	0.6359991610915866	0.5656575601564249	0.5645953465905802	1.8380580429323548	0.7223187460911845	1.260552566763982	0.5859643294428751	0.5404162022866902	0	no
PMID37396184_137	0.6684378278060196	0.7157930242692411	0.6869394139764133	0.6830088381645838	0.7746966048137344	0.30345316163927066	1.1997204540461222	0.5646646281834917	0.5293723044538136	2	no
PMID37404805_138	0.8861485294445833	0.7266577262494531	0.6950494637135881	0.6933301647275798	2.5369441675734965	0.6266916159974133	1.128794458569466	0.5512633592730821	0.5229829589561191	1	yes
PMID37480090_139	0.8218133976465222	0.5733445326409345	0.43436735064733434	0.43080211133931723	1.5301618176796565	0.6901854935266455	1.343871711154651	0.5981678571680609	0.546208265031041	0	no
PMID37492198_140	0.8869898295562328	0.6982780135173009	0.6401189801988882	0.6520992736657425	2.0146546026851384	0.7218467494887356	1.236141143863819	0.5696303560590938	0.5316451356922072	1	no
PMID37554330_141	0.8268440038445316	0.5435180116421383	0.5002319221978921	0.5648911795995681	0.912504306193687	0.37799811189279287	1.128794458569466	0.5512633592730821	0.5229829589561191	0	no
PMID37593129_142	0.888839827441143	0.5370306485743723	0.41607863370715603	0.4178953621591628	1.6802067449480775	0.6739942668115358	1.236141143863819	0.5696303560590938	0.5316451356922072	0	no
PMID37622120_143	0.8856156795750519	0.6200179652671501	0.533204248931863	0.5358390667632718	2.0559542581308823	0.7638032354797909	1.1639992557453664	0.559249589052075	0.5300898817841062	0	no
PMID37656997_144	0.9626954846979442	0.6554795892083387	0.582433255302375	0.5780069070615498	1.375473556801663	0.851550569138379	1.2300593984718617	0.5746507415209383	0.5368219327734057	0	no
PMID37737517_91	0.8886628225092051	0.6435727920968956	0.6041685695534089	0.5861077495613851	1.7883253809435398	0.7566702742147305	1.1997204540461222	0.5646646281834917	0.5293723044538136	0	unclear
PMID37745718_145	0.5672151162878819	0.7204134475115787	0.6950478223162492	0.6921589232927952	0.5966922128762374	0.10935117921450484	1.1997204540461222	0.5646646281834917	0.5293723044538136	2	no
PMID37760894_146	0.8689521785142632	0.639425863154467	0.6037682670826301	0.5837395336211525	2.229603526634878	0.7033830867291176	1.1639992557453664	0.559249589052075	0.5300898817841062	0	no
PMID37776100_147	0.8118216051905688	0.6121463592105767	0.5563138632734289	0.5599264334572832	2.063100246721162	0.5298614835805239	1.1639992557453664	0.559249589052075	0.5300898817841062	0	no
PMID37777674_92	0.8118206084739268	0.5864189713019476	0.5113762634663892	0.5149331898229372	2.005793005632526	0.6845921989417122	1.1639992557453664	0.559249589052075	0.5300898817841062	0	unclear
PMID37957539_93	0.48931621164818534	0.569041021953516	0.5679468683777021	0.5556485312639095	0.7949147467798003	-0.02764516019608738	1.1346819188758297	0.5421380690513492	0.51533987258472	1	no
PMID37960829_148	0.9616983583556881	0.6872883416556274	0.6448259438318241	0.6190447027897703	2.5169393670241633	0.7559500702946919	1.1346819188758297	0.5421380690513492	0.51533987258472	1	no
PMID37964514_149	0.9189799295683027	0.6720150291507127	0.6347149362243097	0.6085725755425551	1.8943887039000025	0.6933396667053966	1.128794458569466	0.5512633592730821	0.5229829589561191	0	no
PMID37988198_150	0.9370956883680587	0.6433425238982412	0.5736706603344645	0.5883153546143882	1.318317415445867	0.7560856311816168	1.1346819188758297	0.5421380690513492	0.51533987258472	0	no
PMID38020922_151	0.43673783316503617	0.44123825250979415	0.44560039983305	0.44491365923566245	3.09723189936096	-0.156860284902996	1.2300593984718617	0.5746507415209383	0.5368219327734057	0	no
PMID38028597_152	0.9166479037665454	0.665438091785175	0.6360711053327204	0.6010514581574383	2.069509618511121	0.7573029364630596	1.1639992557453664	0.559249589052075	0.5300898817841062	1	yes
PMID38028994_153	0.8746838244640318	0.6613921229562241	0.590445977423446	0.5842458818105064	2.0272388408751074	0.7145225874046842	1.236141143863819	0.5696303560590938	0.5316451356922072	0	unclear
PMID38104515_94	0.8817948749308013	0.6460360663827711	0.5660468958246381	0.5598122488817566	1.909218977200845	0.7627206797589471	1.1639992557453664	0.559249589052075	0.5300898817841062	0	unclear
PMID38292407_95	0.8750144489033298	0.6327456374746198	0.6208655532384864	0.6159506565750316	1.7432922936491713	0.5497496754437129	1.3191961914879524	0.5911120035355888	0.5438164151579673	0	no
PMID38304805_96	0.8673149968609345	0.6493411254655141	0.6014156941781243	0.595813343672469	1.7878789362514296	0.6890035132992937	1.1997204540461222	0.5646646281834917	0.5293723044538136	0	no
PMID38332898_97	0.8015464644787533	0.6765820896519255	0.6515353649610752	0.6474184844982824	2.841115010987675	0.4418003249798968	1.1346819188758297	0.5421380690513492	0.51533987258472	1	no
PMID38375694_98	0.8137992622893201	0.5053668431688634	0.4666491878328161	0.43349563081701126	1.3878310848973454	0.6142871549250549	1.1346819188758297	0.5421380690513492	0.51533987258472	0	no
PMID38390317_99	0.9094012712984422	0.8015632025558668	0.817429963686368	0.7899496615829257	1.9264934414498833	0.6441418016640781	1.128794458569466	0.5512633592730821	0.5229829589561191	3	yes
PMID38390397_155	0.6689085065765847	0.6613492229417066	0.6398804924116405	0.6673631711206784	1.6982866152552432	0.30755355115089494	1.1639992557453664	0.559249589052075	0.5300898817841062	0	no
PMID38643193_100	0.934699386867908	0.6178989433559765	0.5545689665384297	0.5623372933420357	1.7818766003079844	0.6535981815970382	1.1997204540461222	0.5646646281834917	0.5293723044538136	0	no
PMID38691241_101	0.8811167991393983	0.6694035470817027	0.6292894028615383	0.6178246498565894	2.4786772123636704	0.6541429854646926	1.1997204540461222	0.5646646281834917	0.5293723044538136	1	unclear
PMID38764052_102	0.8388236439549063	0.6016996212625287	0.5071763592912288	0.524307462540593	2.353070866610717	0.6949029495468392	1.2357737460374865	0.5812217811977651	0.5378734289212572	0	no
PMID38766319_103	0.870877095192187	0.6411380705635771	0.5849917747405521	0.5484255322758673	1.6097926859344076	0.759445582063913	1.1346819188758297	0.5421380690513492	0.51533987258472	0	no
PMID38774257_104	0.9189227602058958	0.7169711663511151	0.7197283011682465	0.6893160801502568	1.902280197186444	0.7347902409557138	1.1346819188758297	0.5421380690513492	0.51533987258472	1	no
PMID38851464_105	0.93545715485833	0.7943231312139964	0.7719643726673886	0.759757329708648	1.7366934511354488	0.6783182411637756	1.128794458569466	0.5512633592730821	0.5229829589561191	2	no
PMID38951833_106	0.9359839901031174	0.7734986790689515	0.7610248658149799	0.755144493412294	1.8291008229720602	0.7448239765858418	1.2300593984718617	0.5746507415209383	0.5368219327734057	2	no
PMID38968594_107	0.7905257160366378	0.6979350118810703	0.6507198362206804	0.6384486057136698	2.008769395239615	0.4998915006151529	1.1639992557453664	0.559249589052075	0.5300898817841062	0	yes
PMID39028495_37	0.8513423062585203	0.634945169767742	0.616874434174737	0.6090772022059484	2.549706819534199	0.35437850479708577	1.2300593984718617	0.5746507415209383	0.5368219327734057	0	no
PMID39085362_108	0.9837327523602033	0.4835934774839351	0.5003164809398799	0.5326895874126014	1.350209487010922	0.3962339313836596	1.1346819188758297	0.5421380690513492	0.51533987258472	0	no
PMID39187837_109	0.9145157533686543	0.5482592650421307	0.4865502925404823	0.4748432862483508	1.1275327783262319	0.70165590000182	1.1639992557453664	0.559249589052075	0.5300898817841062	0	no
PMID39224660_110	0.7373615915459725	0.5852992043665075	0.4879694364884456	0.5026101327521062	2.1456202110171194	0.5901680971212361	1.128794458569466	0.5512633592730821	0.5229829589561191	0	no
PMID39265357_111	0.8730220725828168	0.5608027510449495	0.4450934821466377	0.45527254001425127	1.6267736337334342	0.7751318711759652	1.236141143863819	0.5696303560590938	0.5316451356922072	0	unclear
PMID39290792_112	0.7510937319982589	0.6431446646332243	0.6220939107372212	0.5859154975259925	1.4343049354129134	0.2900002324016609	1.1346819188758297	0.5421380690513492	0.51533987258472	0	no
PMID39333211_114	0.4445617687213926	0.5237441892643919	0.5006879975229707	0.504081303928672	1.0031460571533724	0.039922405863589326	1.126360018688389	0.5432541404799206	0.5164559440132914	0	no
PMID39378104_116	0.7425219840969981	0.678562163025222	0.664134551357275	0.6911674241380893	0.6051207744639342	0.30311316469643157	1.1997204540461222	0.5646646281834917	0.5293723044538136	1	no
PMID39444490_117	0.6821918659538174	0.5345549897722988	0.41292254167195946	0.4263354700214966	1.6004722764049242	0.5365314526603293	1.2300593984718617	0.5746507415209383	0.5368219327734057	0	no
PMID39509016_38	0.9157714902418702	0.6942645355343305	0.6696974580205541	0.65555780435082	1.6114787593562037	0.7521144077125778	1.1639992557453664	0.559249589052075	0.5300898817841062	2	unclear
PMID39609849_119	0.9278807519774895	0.6970213237992406	0.666526744632095	0.6216018524617322	2.2967964114256874	0.7852603554144381	1.2738917758301906	0.5847180993009474	0.538194361481943	0	no
PMID39838413_39	0.8882913066862798	0.5928140601150906	0.506533306440881	0.4741092325686764	1.6476232826789143	0.829556288940862	1.1997204540461222	0.5646646281834917	0.5293723044538136	0	no
PMID39865825_41	0.5683425476404605	0.5136970008236601	0.490847168328101	0.4686318060154608	1.8104536571669563	0.10191818470946411	1.1997204540461222	0.5646646281834917	0.5293723044538136	0	no
PMID39892769_43	0.8024205245683539	0.5732325647687199	0.45007905171214435	0.45883935717721636	4.569246577687333	0.7543490025735728	1.1346819188758297	0.5421380690513492	0.51533987258472	0	no
PMID39916957_120	0.8699734266464739	0.6425769427843543	0.5869739116748024	0.5719201251873719	2.2129102494943362	0.7360521541963411	1.3191961914879524	0.5911120035355888	0.5438164151579673	0	no
PMID39920798_44	0.8748347012566365	0.6559552825396153	0.6113705012480921	0.6047415814885561	2.3675705544338794	0.6978512206673256	1.1346819188758297	0.5421380690513492	0.51533987258472	1	no
PMID39953123_45	0.8682666765496988	0.5777003160052182	0.5118307950588459	0.5134642241955734	1.5290706089292347	0.7166091508401538	1.1639992557453664	0.559249589052075	0.5300898817841062	0	no
PMID39957315_46	0.5176587640608366	0.5912881906848779	0.6751168983651809	0.6737292044653889	2.689822303770953	-0.2439452547547225	1.1346819188758297	0.5421380690513492	0.51533987258472	0	no
PMID39959271_47	0.8830873727325761	0.6171350508965495	0.532094298875709	0.5387021640329814	1.7701719276773524	0.7616560627560762	1.1346819188758297	0.5421380690513492	0.51533987258472	0	no
PMID39988817_48	0.8733376772527635	0.59936487059362	0.5554622017382556	0.5464034628120453	1.576186952111145	0.6834942508441962	1.1346819188758297	0.5421380690513492	0.51533987258472	1	no
PMID39995931_49	0.620916711983451	0.5876653999237837	0.5075680326116981	0.48524826400324145	3.43551558060481	0.45893207408261616	1.1639992557453664	0.559249589052075	0.5300898817841062	0	no
PMID40097518_50	0.6793603300049952	0.49493371527168684	0.4271374521883953	0.42643045334514945	0.7240855154719913	0.4682591596445324	1.1639992557453664	0.559249589052075	0.5300898817841062	0	no
PMID40228227_52	0.7991954141783921	0.7766324468401494	0.7598158679835147	0.7374509340151575	-2.1646970409103776	0.3537132239616631	1.128794458569466	0.5512633592730821	0.5229829589561191	2	unclear
PMID40230799_53	0.11990969528431666	0.4446704332482453	0.4311068865345181	0.43005772850387913	1.4684536939891786	-0.35130490225452515	1.128794458569466	0.5512633592730821	0.5229829589561191	0	no
PMID40312440_56	0.7409837937932745	0.6720605629621117	0.6462112768848912	0.6302068974808835	-8.159769632726078	0.49639013632407814	1.2300593984718617	0.5746507415209383	0.5368219327734057	1	yes
PMID40374840_57	0.942896986155699	0.6828701631391432	0.624585917352714	0.6214563161540012	2.323749810772557	0.7851846527687822	1.1997204540461222	0.5646646281834917	0.5293723044538136	1	no
PMID40376698_58	0.8203269410058301	0.5982619114409112	0.5170155124335376	0.4889770792540653	2.9983306002515855	0.6624049842598422	1.1997204540461222	0.5646646281834917	0.5293723044538136	0	no
PMID40460381_59	0.8024205245683539	0.5732325647687199	0.45007905171214435	0.45883935717721636	4.569246577687333	0.7543490025735728	1.1346819188758297	0.5421380690513492	0.51533987258472	0	no
PMID40470717_60	0.8137348796790622	0.6967934405099636	0.6510283716632692	0.6581606817442401	2.9060605642743766	0.6115186881398643	1.260552566763982	0.5859643294428751	0.5404162022866902	1	no
PMID40505639_61	0.38603038551881447	0.4952719313367892	0.4504201252578348	0.4337225578782018	1.3869116927889316	0.13655066883128683	1.128794458569466	0.5512633592730821	0.5229829589561191	0	no
PMID40555691_62	0.9083981540549891	0.7369104107059685	0.7430536096123252	0.727375770694738	2.5697625224720047	0.6531188342434552	1.2447874299930768	0.5685142846305224	0.5316451356922072	2	unclear
PMID40611469_0	0.8169614934939992	0.6189437352935839	0.5868323955000131	0.540088431545142	2.4149186865989734	0.6173296265185337	1.1346819188758297	0.5421380690513492	0.51533987258472	0	no
PMID40615901_63	0.8132443578973082	0.7178732984916031	0.7076951637188305	0.7070480295763151	-0.6762010541533185	0.4259155025889516	1.1346819188758297	0.5421380690513492	0.51533987258472	3	yes
PMID40624623_64	0.8673693139543123	0.5948481924844291	0.5007984846720582	0.5091693312894578	1.727201651661003	0.7257271439355982	1.1346819188758297	0.5421380690513492	0.51533987258472	0	no
PMID40640102_65	0.7096203616657469	0.5878636183429209	0.5586262928288138	0.49737047138873747	0.5086717008590209	0.5093246465463763	1.128794458569466	0.5512633592730821	0.5229829589561191	1	no
PMID40703651_68	0.2558304258009643	0.5109151883379003	0.470052563780731	0.4824688927743813	1.0552139550599988	-0.26631322757840103	1.1346819188758297	0.5421380690513492	0.51533987258472	0	no
PMID40742465_69	0.9453516284509756	0.6346983899309819	0.5816603745385185	0.5460267729721422	1.7967309494327732	0.8050570992626996	1.1346819188758297	0.5421380690513492	0.51533987258472	0	unclear
PMID40764924_71	0.7685362525174573	0.6121127783003365	0.5427267352562822	0.5366850944793407	-2.8325249980508636	0.4301486321170107	1.1346819188758297	0.5421380690513492	0.51533987258472	0	no
PMID40775242_72	0.34860295122026685	0.351301574531663	0.36693770830938965	0.3605839416058394	5.555358838099618	-0.008971342777389221	1.2441042675399394	0.551195264912079	0.5483938627743937	0	yes
PMID40825025_73	0.8699149841186046	0.7468771958808929	0.7379297121524648	0.6984737050631825	0.7102488591178666	0.563465660138733	1.2075989029109877	0.5646646281834917	0.528256233025242	2	no
PMID40898746_74	0.759491873581078	0.6310192592301349	0.5570534466697717	0.5843618228415058	2.5875376390053164	0.48897772795292926	1.128794458569466	0.5512633592730821	0.5229829589561191	0	yes
PMID40948769_75	0.8684395311028049	0.5934429295281647	0.5013670350957845	0.49766073563548757	1.5779609989391157	0.6751977380192673	1.1857054520527477	0.5614260630205845	0.5315652869099539	0	yes
PMID40950408_76	0.6829567522239142	0.5477144723484092	0.564478800581502	0.5691217173743386	-0.4093771190948662	0.11750968749903239	1.2075989029109877	0.5646646281834917	0.528256233025242	1	no
PMID40958910_77	0.5041064323741615	0.5811703276443321	0.6060435462398958	0.5927357243083458	2.173700345323872	-0.14715426810032542	1.1346819188758297	0.5421380690513492	0.51533987258472	0	no
PMID40969366_78	0.8708165913739728	0.6465246168014566	0.5847079925779856	0.5500048352424807	2.7149164534309973	0.6820895203771705	1.1639992557453664	0.559249589052075	0.5300898817841062	0	no
PMID41117762_1	0.7285583898688875	0.5141115119355105	0.4806295140002056	0.4862472555383236	0.9204379862562324	0.4995236316918992	1.1346819188758297	0.5421380690513492	0.51533987258472	0	unclear
PMID41122706_79	0.9452061070285153	0.6325030572206864	0.575975906807445	0.5301054621773261	1.43384569845774	0.8382166604675475	1.128794458569466	0.5512633592730821	0.5229829589561191	0	no
PMID41162187_80	0.9368343041321717	0.6127117308052916	0.5405016589139784	0.5282695919634178	2.427586267697618	0.7182459406789709	1.1346819188758297	0.5421380690513492	0.51533987258472	0	no
PMID41164826_81	0.8287248450360879	0.4948145265113709	0.5418862799597546	0.5465749567373042	0.9551760678710749	0.18486087078665592	1.128794458569466	0.5512633592730821	0.5229829589561191	0	no
PMID41311665_83	0.830673990172729	0.6027213139193519	0.5547977256596842	0.5425991149859584	1.3708243799951902	0.6598528669677891	1.236141143863819	0.5696303560590938	0.5316451356922072	0	no
PMID41329505_84	0.8309562499146633	0.6008826905608753	0.5483128451660124	0.5330654239744196	2.261185588444519	0.649298532897585	1.1346819188758297	0.5421380690513492	0.51533987258472	0	no
PMID41332907_85	0.8637265545055405	0.7151814793167552	0.6504536242557318	0.6572691259039258	2.752914357622301	0.6226857801954162	1.1997204540461222	0.5646646281834917	0.5293723044538136	0	no
PMID41353443_86	0.7933439628882505	0.44931974319346235	0.4419692855176961	0.47038654994221657	1.0154059816369305	0.21806048178586987	1.128794458569466	0.5512633592730821	0.5229829589561191	0	no
PMID41438111_87	0.8849636292918198	0.6512396267468752	0.6203788836532199	0.6034636403737258	2.3319743324916486	0.741507554745056	1.1997204540461222	0.5646646281834917	0.5293723044538136	0	yes
PMID41479901_88	0.8796954192697856	0.7135299437501638	0.6613900877495428	0.6472902582588337	2.2682215588187793	0.7386113721672283	1.2357737460374865	0.5812217811977651	0.5378734289212572	1	no
PMID41503644_89	0.9135903816615739	0.6276401765929305	0.5636541764205364	0.5440795824027113	1.444585229466163	0.823437759056704	1.128794458569466	0.5512633592730821	0.5229829589561191	0	unclear
PMID41528564_2	0.8908103307462438	0.6522419030278834	0.6134194439991774	0.5807180459832059	2.1601859947044177	0.6659185864543841	1.1639992557453664	0.559249589052075	0.5300898817841062	1	no
PMID41569454_4	0.914834869958591	0.5795177209163295	0.5031641856048004	0.4757094782728454	1.5117568450916523	0.7944451445167521	1.128794458569466	0.5512633592730821	0.5229829589561191	0	no
PMID41582386_5	0.704175979810457	0.615144196598697	0.6002045823781095	0.5756333768455257	21.379740514665464	0.24061832986377696	1.2300593984718617	0.5746507415209383	0.5368219327734057	0	no
PMID41593805_6	0.9230950384770993	0.7122659606830833	0.6621836576810086	0.6439527433638916	2.1117026646155748	0.7836270745373833	1.1997204540461222	0.5646646281834917	0.5293723044538136	1	no
PMID41669232_90	0.8757332379271513	0.6971523142379279	0.6602905153571781	0.6370264007233403	2.857832621639575	0.5904082551643633	1.236141143863819	0.5696303560590938	0.5316451356922072	0	no
PMID41709877_7	0.9580987883618662	0.6254561288831492	0.5816092076782866	0.5668021332950106	0.927993275821694	0.6593074014528821	1.1639992557453664	0.559249589052075	0.5300898817841062	0	no
PMID41825713_8	0.9424187313345387	0.6906510449746652	0.625064802114901	0.618706250785914	2.33994413471465	0.6701378296808459	1.1346819188758297	0.5421380690513492	0.51533987258472	0	unclear
PMID41867465_10	0.6039375375500841	0.5810947241267892	0.5854232007512747	0.5867366204998313	0.060753840802197256	0.12287307134678231	1.1346819188758297	0.5421380690513492	0.51533987258472	1	no
PMID41878449_11	0.869489972832929	0.6203897401891696	0.5803269707605699	0.5522153095054181	1.6201716846103615	0.7428065821844144	1.236141143863819	0.5696303560590938	0.5316451356922072	1	yes
PMID41925798_12	0.7921109117297319	0.6059638549813794	0.6080895905542214	0.5981314058230491	2.1330981394266253	0.19198608911644824	1.2738917758301906	0.5847180993009474	0.538194361481943	0	no
PMID41928356_13	0.9254789573319937	0.7446061793159487	0.7300659917341624	0.7087355516567566	2.552915345626557	0.5974078927975964	1.1639992557453664	0.559249589052075	0.5300898817841062	1	no
PMID41944350_14	0.8868614967395115	0.643350122843311	0.581004388989368	0.5634319992255628	1.7686521769063586	0.7592230796815654	1.1639992557453664	0.559249589052075	0.5300898817841062	0	no
PMID41978270_15	0.950579726018682	0.5167716625382845	0.42271539858798246	0.4421286044761671	1.2864754036869877	0.7713024624570521	1.128794458569466	0.5512633592730821	0.5229829589561191	0	no
PMID42107160_17	0.42314321038430847	0.552321398956966	0.5537982249469209	0.5229664736561619	0.680516916660088	-0.010847572161994501	1.1346819188758297	0.5421380690513492	0.51533987258472	1	unclear
PMID42123756_18	0.8516068170983296	0.6324090565059068	0.5963844742336533	0.5822467410765076	2.523308832163428	0.6373097746587639	1.1997204540461222	0.5646646281834917	0.5293723044538136	1	no
PMID42169644_19	0.7656940523875916	0.5621467845246665	0.4884478518298966	0.4848845130526597	1.3832227443869975	0.5540678618872981	1.128794458569466	0.5512633592730821	0.5229829589561191	0	yes
PMID42278229_21	0.8504107048610344	0.6515570055720556	0.6106827053555046	0.5959995429223827	1.7964891792770163	0.6901444894512392	1.1639992557453664	0.559249589052075	0.5300898817841062	1	yes
PMID42402786_22	0.929370059248917	0.6885595550622332	0.6646220054107513	0.6229500468055463	1.8695413899129487	0.7832608952250459	1.1657513246994582	0.5625978033377893	0.5300898817841062	1	no
PMID42461218_23	0.8997477969195783	0.6477395973844506	0.5983280241533036	0.5793886786464914	2.2426167976317273	0.6850126237654531	1.1857054520527477	0.5614260630205845	0.5315652869099539	0	no
PMID42464365_24	0.8676206295024284	0.6837750015374316	0.6462298394820519	0.6143040494282538	2.628432077516309	0.7123640682874117	1.2738917758301906	0.5847180993009474	0.538194361481943	1	unclear
PMID42563361_27	0.9280403820667079	0.6964285714285714	0.6964285714285714	0.6792452830188679	1.5994926429590264	0.8231326771871189	1.1619434631501226	0.5223214285714286	0.46875	0	no
PMID42602622_28	0.9483477768038705	0.6950767783295729	0.6458573241984689	0.6337059962994677	1.5117755383021938	0.7621310940175574	1.1639992557453664	0.559249589052075	0.5300898817841062	1	no
PMID42621048_29	0.9753852981521827	0.5139288190558859	0.47607992603189386	0.5270765944324354	1.0617773974722602	0.505005784156663	1.128794458569466	0.5512633592730821	0.5229829589561191	0	no
PMID42694848_32	0.9313755025985947	0.6535453016844203	0.6342269623425014	0.611113023917734	1.2423830003395624	0.6367944406247897	1.1346819188758297	0.5421380690513492	0.51533987258472	1	no
PMID42713097_33	0.8739852178423998	0.5881975056557323	0.5230093126773087	0.544483252795858	1.7057291893076274	0.6702602700152864	1.126360018688389	0.5432541404799206	0.5164559440132914	0	no
PMID42735794_34	0.9377071956957028	0.6961029604128987	0.6368780175247047	0.6394194615266393	2.0312622486794503	0.7298124651205797	1.2300593984718617	0.5746507415209383	0.5368219327734057	0	unclear
PMID42747041_35	0.8211022782145712	0.7008665790330614	0.648421063973288	0.6403027390725515	1.1817598440694415	0.5098872453435859	1.1346819188758297	0.5421380690513492	0.51533987258472	0	no
PMID42787683_36	0.908040124928612	0.7045601105539392	0.6438998554814228	0.6480534132121379	1.528849351313076	0.6895207461737289	1.1997204540461222	0.5646646281834917	0.5293723044538136	0	no
