key	value	source
n_signature_records_curated	209	metadata/published_dkd_signatures.tsv
n_pmids_curated	208	metadata/published_dkd_signatures.tsv
year_range	2018-2026	metadata/published_dkd_signatures.tsv
n_fulltext_curated	100	metadata/published_dkd_signatures.tsv
n_gse30122_validation_yes	17	metadata/published_dkd_signatures.tsv
n_gse30122_validation_unclear	23	metadata/published_dkd_signatures.tsv
INJURY_auc_dkd_ctrl_ERCB_GLOM_H1	1.0	12_signature_audit/signature_metrics.tsv
INJURY_auc_dkd_other_ERCB_GLOM_H1	0.727	12_signature_audit/signature_metrics.tsv
INJURY_auc_dkd_ctrl_ERCB_GLOM_H7	0.992	12_signature_audit/signature_metrics.tsv
INJURY_auc_dkd_other_ERCB_GLOM_H7	0.503	12_signature_audit/signature_metrics.tsv
INJURY_auc_dkd_ctrl_GSE96804-GPL17586	0.971	12_signature_audit/signature_metrics.tsv
INJURY_auc_dkd_ctrl_ERCB_TUB_H1	0.976	12_signature_audit/signature_metrics.tsv
INJURY_auc_dkd_other_ERCB_TUB_H1	0.668	12_signature_audit/signature_metrics.tsv
INJURY_auc_dkd_ctrl_ERCB_TUB_H7	1.0	12_signature_audit/signature_metrics.tsv
INJURY_auc_dkd_other_ERCB_TUB_H7	0.621	12_signature_audit/signature_metrics.tsv
INJURY_auc_dkd_ctrl_GSE142025-RNAseq	1.0	12_signature_audit/signature_metrics.tsv
INJURY_auc_dkd_ctrl_min	0.971	12_signature_audit/signature_metrics.tsv
INJURY_auc_dkd_ctrl_max	1.0	12_signature_audit/signature_metrics.tsv
INJURY_n_cohorts	6	12_signature_audit/signature_metrics.tsv
n_signatures_evaluable	177	12_signature_audit/signature_metrics.tsv
n_signature_cohort_pairs	1051	12_signature_audit/signature_metrics.tsv
median_genes_used	4.0	12_signature_audit/signature_metrics.tsv
frac_pairs_auc_dkd_ctrl_le_injury	0.946	12_signature_audit/signature_metrics.tsv
n_sigs_never_exceed_injury	127	12_signature_audit/signature_metrics.tsv
frac_sigs_never_exceed_injury	0.718	12_signature_audit/signature_metrics.tsv
frac_pairs_auc_dkd_ctrl_not_above_random95	0.68	12_signature_audit/signature_metrics.tsv
frac_sigs_not_above_random95_in_majority_of_cohorts	0.701	12_signature_audit/signature_metrics.tsv
n_sigs_not_above_random95_in_majority_of_cohorts	124	12_signature_audit/signature_metrics.tsv
sig_median_of_cohort_mean_auc_dkd_ctrl	0.868	12_signature_audit/signature_metrics.tsv
sig_median_of_cohort_mean_auc_dkd_other	0.634	12_signature_audit/signature_metrics.tsv
sig_median_of_cohort_mean_adj_auc_dkd_other	0.585	12_signature_audit/signature_metrics.tsv
sig_median_of_cohort_mean_strat_auc_dkd_other	0.574	12_signature_audit/signature_metrics.tsv
sig_median_of_cohort_mean_specificity_ratio	1.826	12_signature_audit/signature_metrics.tsv
sig_median_of_cohort_mean_r_injury	0.662	12_signature_audit/signature_metrics.tsv
sig_median_of_cohort_mean_specificity_ratio_null_median	1.164	12_signature_audit/signature_metrics.tsv
sig_median_of_cohort_mean_auc_dkd_other_null_median	0.559	12_signature_audit/signature_metrics.tsv
sig_median_of_cohort_mean_adj_auc_dkd_other_null_median	0.529	12_signature_audit/signature_metrics.tsv
sig_auc_dkd_other_IQR	0.588-0.685	12_signature_audit/signature_metrics.tsv
sig_adj_auc_dkd_other_IQR	0.528-0.645	12_signature_audit/signature_metrics.tsv
n_sigs_adj_beats_random_ge3_cohorts	3	12_signature_audit/signature_metrics.tsv
sigs_adj_beats_random_ge3_cohorts	PMID33887734_190;PMID38390317_99;PMID40615901_63	12_signature_audit/signature_metrics.tsv
n_sigs_adj_beats_random_all4_cohorts	0	12_signature_audit/signature_metrics.tsv
n_sigs_adj_beats_random_ge1_cohort	60	12_signature_audit/signature_metrics.tsv
gse30122_no_n_sigs	141	12_signature_audit/signature_metrics.tsv
gse30122_no_median_auc_dkd_ctrl	0.867	12_signature_audit/signature_metrics.tsv
gse30122_no_median_auc_dkd_other	0.632	12_signature_audit/signature_metrics.tsv
gse30122_no_median_adj_auc_dkd_other	0.585	12_signature_audit/signature_metrics.tsv
gse30122_unclear_n_sigs	19	12_signature_audit/signature_metrics.tsv
gse30122_unclear_median_auc_dkd_ctrl	0.882	12_signature_audit/signature_metrics.tsv
gse30122_unclear_median_auc_dkd_other	0.646	12_signature_audit/signature_metrics.tsv
gse30122_unclear_median_adj_auc_dkd_other	0.59	12_signature_audit/signature_metrics.tsv
gse30122_yes_n_sigs	17	12_signature_audit/signature_metrics.tsv
gse30122_yes_median_auc_dkd_ctrl	0.861	12_signature_audit/signature_metrics.tsv
gse30122_yes_median_auc_dkd_other	0.631	12_signature_audit/signature_metrics.tsv
gse30122_yes_median_adj_auc_dkd_other	0.58	12_signature_audit/signature_metrics.tsv
gse30122_yes_vs_no_auc_dkd_other_MWU_p	0.574	12_signature_audit/signature_metrics.tsv
gse30122_yes_vs_no_adj_auc_dkd_other_MWU_p	0.711	12_signature_audit/signature_metrics.tsv
INJURY_adj_auc_dkd_other_ERCB_GLOM_H1	0.513	12_signature_audit/signature_metrics.tsv
INJURY_adj_auc_dkd_other_ERCB_GLOM_H7	0.498	12_signature_audit/signature_metrics.tsv
INJURY_adj_auc_dkd_other_ERCB_TUB_H1	0.525	12_signature_audit/signature_metrics.tsv
INJURY_adj_auc_dkd_other_ERCB_TUB_H7	0.379	12_signature_audit/signature_metrics.tsv
