file	md5	bytes	url	strategy	workflow_type	redcap_id
075b30e2-f0b4-4685-a02b-9807b510b272_21-0060_counts.csv	b00a0a1f68276f052d90922ecf9cda33	741416	https://atlas.kpmp.org/api/v1/file/download/5f82e67d-93fb-4254-b0b3-d20bd8e24539/075b30e2-f0b4-4685-a02b-9807b510b272_21-0060_counts.csv	Regional Transcriptomics	Non-normalized Expression Matrix	34-10209
09d3fb4e-f799-4fc3-8805-164c6c7e91ca_METADATA_Transcriptomics_Regional_v4_29-10008.xlsx	9b16d4f59bd505c1744c93d92fa9d9df	134321	https://atlas.kpmp.org/api/v1/file/download/bf11b5e5-ed61-484b-957e-b6bdf6e6cdbc/09d3fb4e-f799-4fc3-8805-164c6c7e91ca_METADATA_Transcriptomics_Regional_v4_29-10008.xlsx	Regional Transcriptomics	Experimental Metadata	29-10008
10be277d-d340-4fe2-8e59-881913dfe678_METADATA_Transcriptomics_Regional_v2_S-1908-000905.xlsx	478629de74299e0df40fa4f0325c246c	37855	https://atlas.kpmp.org/api/v1/file/download/bf2f9e20-39be-43ca-9f01-0267bc124e0a/10be277d-d340-4fe2-8e59-881913dfe678_METADATA_Transcriptomics_Regional_v2_S-1908-000905.xlsx	Regional Transcriptomics	Experimental Metadata	31-10000
1236810f-ba63-41de-b8ad-5ad5b5197a7c_METADATA_Transcriptomics_Regional_v4_32-10074.xlsx	fdce8cdc8a2d08e0d9c594d19aaa1bb5	135277	https://atlas.kpmp.org/api/v1/file/download/6e44e9b5-9a99-45cd-b39d-cf19cf8647a5/1236810f-ba63-41de-b8ad-5ad5b5197a7c_METADATA_Transcriptomics_Regional_v4_32-10074.xlsx	Regional Transcriptomics	Experimental Metadata	32-10074
21a12882-4cf4-4ac7-8ae8-2a2085ab4b3e_Counts.csv	c1b4b2ed5463ed8f80c4097e2a1dd299	465649	https://atlas.kpmp.org/api/v1/file/download/150e8fdf-e04d-47e1-8c8b-dae2ca83b17d/21a12882-4cf4-4ac7-8ae8-2a2085ab4b3e_Counts.csv	Regional Transcriptomics	Non-normalized Expression Matrix	32-10034
241f3cb8-7a9b-474d-8aaf-9c09b676900f_19-0003_Bulk_Glom_PT_TAL_DCT_INT_Ti_Seq-03-2020_raw-reads.csv	4314e3ab1ba8065946abdf5efdc6d2a8	743502	https://atlas.kpmp.org/api/v1/file/download/bf2f9e20-39be-43ca-9f01-0267bc124e0a/241f3cb8-7a9b-474d-8aaf-9c09b676900f_19-0003_Bulk_Glom_PT_TAL_DCT_INT_Ti_Seq-03-2020_raw-reads.csv	Regional Transcriptomics	Non-normalized Expression Matrix	31-10000
3b2cb7cc-8ffa-4bf0-9f15-3fc3a9db3063_METADATA_Transcriptomics_Regional_v4_KPMP_27-10066.xlsx	08ebdf7787aae17ff7467b84d6dca392	125571	https://atlas.kpmp.org/api/v1/file/download/8f460abd-8737-42af-9331-9414ba6e5c1e/3b2cb7cc-8ffa-4bf0-9f15-3fc3a9db3063_METADATA_Transcriptomics_Regional_v4_KPMP_27-10066.xlsx	Regional Transcriptomics	Experimental Metadata	27-10066
3d649f2c-9d67-4b67-96b1-e86a12842ace_METADATA_Transcriptomics_Regional_v2_19-0001.xlsx	69e0c6da6376c00d58799a451a729d26	41807	https://atlas.kpmp.org/api/v1/file/download/0857a04e-9f44-4b8b-94d4-8c56c3902e29/3d649f2c-9d67-4b67-96b1-e86a12842ace_METADATA_Transcriptomics_Regional_v2_19-0001.xlsx	Regional Transcriptomics	Experimental Metadata	29-10006
454915ed-7c8b-44d9-a210-c3f71e8a88f4_20-0040_counts.csv	ec14ac5fb9bc995ce95c53873ccbfa9c	618224	https://atlas.kpmp.org/api/v1/file/download/4cb5c8ef-065a-468f-a340-b284c3ec77ca/454915ed-7c8b-44d9-a210-c3f71e8a88f4_20-0040_counts.csv	Regional Transcriptomics	Non-normalized Expression Matrix	30-10125
459958e7-7945-43f3-bad1-ab4d905c5ccc_21-0056_counts.csv	b33f3b08de719645f9366b98c196821b	603890	https://atlas.kpmp.org/api/v1/file/download/63676648-457b-4541-8441-2ac76f30f4ea/459958e7-7945-43f3-bad1-ab4d905c5ccc_21-0056_counts.csv	Regional Transcriptomics	Non-normalized Expression Matrix	33-10331
49076cfa-3a18-48d9-97e0-c4b3a3357f4e_METADATA_Transcriptomics_Regional_v4_34-10050.xlsx	111eb33468bea5d823aadedc54d8f39a	135002	https://atlas.kpmp.org/api/v1/file/download/c9b7e98d-de9e-43dd-811e-df5e3e03ede5/49076cfa-3a18-48d9-97e0-c4b3a3357f4e_METADATA_Transcriptomics_Regional_v4_34-10050.xlsx	Regional Transcriptomics	Experimental Metadata	34-10050
49463f3c-a1de-4b1c-b857-d60bc838522f_20-0038_counts.csv	49aab4697f5f4b8d77b81c58aba01277	615121	https://atlas.kpmp.org/api/v1/file/download/6e44e9b5-9a99-45cd-b39d-cf19cf8647a5/49463f3c-a1de-4b1c-b857-d60bc838522f_20-0038_counts.csv	Regional Transcriptomics	Non-normalized Expression Matrix	32-10074
4fb48482-5355-4f88-a3f4-a9ed02a027a2_METADATA_Transcriptomics_Regional_v4_30-10044.xlsx	53cf0dcc023a17d19ebf9be1808d21be	134748	https://atlas.kpmp.org/api/v1/file/download/e63392b8-5013-470e-8a85-47a18f3ccfb5/4fb48482-5355-4f88-a3f4-a9ed02a027a2_METADATA_Transcriptomics_Regional_v4_30-10044.xlsx	Regional Transcriptomics	Experimental Metadata	30-10044
50b06caf-d5b9-41f0-8c67-bd404a6efa4c_21-0057_counts.csv	ab3649c26bfbbfb714fd9a0034f6215f	725223	https://atlas.kpmp.org/api/v1/file/download/8f460abd-8737-42af-9331-9414ba6e5c1e/50b06caf-d5b9-41f0-8c67-bd404a6efa4c_21-0057_counts.csv	Regional Transcriptomics	Non-normalized Expression Matrix	27-10066
5c0fbe56-932a-4a28-9590-730776183054_19-0002_Bulk_Glom_Glom-noBC_PT_TAL_INT_Ti_Seq-03-2020_raw-reads.csv	29ef7d7f87c9a115f7bf9dde030d0824	740674	https://atlas.kpmp.org/api/v1/file/download/2de2b151-4ea2-4a4c-91e6-760127d972b8/5c0fbe56-932a-4a28-9590-730776183054_19-0002_Bulk_Glom_Glom-noBC_PT_TAL_INT_Ti_Seq-03-2020_raw-reads.csv	Regional Transcriptomics	Non-normalized Expression Matrix	29-10007
6945a49d-9f74-4eb8-b67d-e076b7ad6b38_METADATA_Transcriptomics_Regional_v4_KPMP_34-10209.xlsx	3bf364090d0e28cae93560ecbd606907	125638	https://atlas.kpmp.org/api/v1/file/download/5f82e67d-93fb-4254-b0b3-d20bd8e24539/6945a49d-9f74-4eb8-b67d-e076b7ad6b38_METADATA_Transcriptomics_Regional_v4_KPMP_34-10209.xlsx	Regional Transcriptomics	Experimental Metadata	34-10209
70438307-c061-4e2a-a6b0-a342cd91c095_Counts.csv	d815e0e61cc2781a17ecdc5bc13a5ff9	388499	https://atlas.kpmp.org/api/v1/file/download/6c2b05a6-a77b-438e-a354-8979fcc99292/70438307-c061-4e2a-a6b0-a342cd91c095_Counts.csv	Regional Transcriptomics	Non-normalized Expression Matrix	31-10042
7130dc25-d934-4746-8a89-c678c04439e7_Counts.csv	f7fb0eaf000b1e1cfecacb92deb6f606	577793	https://atlas.kpmp.org/api/v1/file/download/c9b7e98d-de9e-43dd-811e-df5e3e03ede5/7130dc25-d934-4746-8a89-c678c04439e7_Counts.csv	Regional Transcriptomics	Non-normalized Expression Matrix	34-10050
713c46ca-3514-4ed3-9a30-5356d8c08848_METADATA_Transcriptomics_Regional_v4_KPMP.xlsx	0f36370ae0f1a5b2daf725f129d88adc	118156	https://atlas.kpmp.org/api/v1/file/download/c8244dd5-402d-499e-a225-5e604ab9b619/713c46ca-3514-4ed3-9a30-5356d8c08848_METADATA_Transcriptomics_Regional_v4_KPMP.xlsx	Regional Transcriptomics	Experimental Metadata	33-10006
760e9f6c-cb23-4c68-b0f9-cc4bb4ba3e36_counts.csv	7228e83f02de7502e7a057d460255015	285157	https://atlas.kpmp.org/api/v1/file/download/de505f39-5a25-4b00-bc47-70fc426b435d/760e9f6c-cb23-4c68-b0f9-cc4bb4ba3e36_counts.csv	Regional Transcriptomics	Non-normalized Expression Matrix	32-2
78157a37-855c-4f8f-a150-2c4b0e038870_19-0001_HiSeq_raw-reads.csv	394adf237eeb0f3ba6de37e929b38e13	24512831	https://atlas.kpmp.org/api/v1/file/download/0857a04e-9f44-4b8b-94d4-8c56c3902e29/78157a37-855c-4f8f-a150-2c4b0e038870_19-0001_HiSeq_raw-reads.csv	Regional Transcriptomics	Non-normalized Expression Matrix	29-10006
7f85d9f5-6768-46ba-8b54-73c1ae68909d_METADATA_Transcriptomics_Regional_v4_30-10125.xlsx	58d425738bf5a7b7fd8f803db8fba590	135375	https://atlas.kpmp.org/api/v1/file/download/4cb5c8ef-065a-468f-a340-b284c3ec77ca/7f85d9f5-6768-46ba-8b54-73c1ae68909d_METADATA_Transcriptomics_Regional_v4_30-10125.xlsx	Regional Transcriptomics	Experimental Metadata	30-10125
8cdaa7f1-23fb-4d67-a43e-fe8def68cee6_21-0055_counts.csv	f3ba131da17b239d98d330963ad2daaa	712975	https://atlas.kpmp.org/api/v1/file/download/d674550c-63f9-407b-b87b-4b763c46bcae/8cdaa7f1-23fb-4d67-a43e-fe8def68cee6_21-0055_counts.csv	Regional Transcriptomics	Non-normalized Expression Matrix	29-10282
98b5d00d-fdce-4fab-91fd-28a0a634b6ff_METADATA_Transcriptomics_Regional_v4_32-10034.xlsx	44a88bb07c17d00282e83b3827f50308	135013	https://atlas.kpmp.org/api/v1/file/download/150e8fdf-e04d-47e1-8c8b-dae2ca83b17d/98b5d00d-fdce-4fab-91fd-28a0a634b6ff_METADATA_Transcriptomics_Regional_v4_32-10034.xlsx	Regional Transcriptomics	Experimental Metadata	32-10034
aa666848-fdb9-404b-affb-9c3dab8af6ed_19-0001_NovaSeq_raw-reads.csv	03cfc8dbf9b12a8218bb90ceeeb2d50b	637374	https://atlas.kpmp.org/api/v1/file/download/0857a04e-9f44-4b8b-94d4-8c56c3902e29/aa666848-fdb9-404b-affb-9c3dab8af6ed_19-0001_NovaSeq_raw-reads.csv	Regional Transcriptomics	Non-normalized Expression Matrix	29-10006
abb52bf3-fb5a-4ccc-9e58-e6ae3c649c0f_METADATA_Transcriptomics_Regional_v2_S-1905-017609.xlsx	621f80aa747ccc37c4dfb35dc2b6774d	37064	https://atlas.kpmp.org/api/v1/file/download/2de2b151-4ea2-4a4c-91e6-760127d972b8/abb52bf3-fb5a-4ccc-9e58-e6ae3c649c0f_METADATA_Transcriptomics_Regional_v2_S-1905-017609.xlsx	Regional Transcriptomics	Experimental Metadata	29-10007
ac4b4b51-0983-468f-a314-052c4400f1b4_Counts.csv	0e1b410d194067eda96e7e71a10b0bc2	388069	https://atlas.kpmp.org/api/v1/file/download/e63392b8-5013-470e-8a85-47a18f3ccfb5/ac4b4b51-0983-468f-a314-052c4400f1b4_Counts.csv	Regional Transcriptomics	Non-normalized Expression Matrix	30-10044
b8447dca-2cb5-47f7-a4b8-ea99336b0784_METADATA_Transcriptomics_Regional_v4_31-10042.xlsx	ab242d9a098492625412b5ed6d1090b8	134670	https://atlas.kpmp.org/api/v1/file/download/6c2b05a6-a77b-438e-a354-8979fcc99292/b8447dca-2cb5-47f7-a4b8-ea99336b0784_METADATA_Transcriptomics_Regional_v4_31-10042.xlsx	Regional Transcriptomics	Experimental Metadata	31-10042
c0ba4c0a-a2a5-421a-8511-a145b039c610_METADATA_Transcriptomics_Regional_v4_33-10005.xlsx	dd24386bbb47ad55d761ee9c76d32c65	135658	https://atlas.kpmp.org/api/v1/file/download/9ca2ea99-7e8a-4b05-8906-b5d58fd18e6a/c0ba4c0a-a2a5-421a-8511-a145b039c610_METADATA_Transcriptomics_Regional_v4_33-10005.xlsx	Regional Transcriptomics	Experimental Metadata	33-10005
caf09c97-fb99-45bc-8878-b4bc5738ccda_METADATA_Transcriptomics_Regional_v4_29-10282.xlsx	d38c29180608d587883e368ba91d22ed	135693	https://atlas.kpmp.org/api/v1/file/download/d674550c-63f9-407b-b87b-4b763c46bcae/caf09c97-fb99-45bc-8878-b4bc5738ccda_METADATA_Transcriptomics_Regional_v4_29-10282.xlsx	Regional Transcriptomics	Experimental Metadata	29-10282
d608124e-28bd-4287-9583-55a27ab7dc72_Counts.csv	c4c94abd11eddd28c4c877ea5e37055c	318322	https://atlas.kpmp.org/api/v1/file/download/bf11b5e5-ed61-484b-957e-b6bdf6e6cdbc/d608124e-28bd-4287-9583-55a27ab7dc72_Counts.csv	Regional Transcriptomics	Non-normalized Expression Matrix	29-10008
da1f88da-40ae-4d7e-a40c-fc1f255ab9e4_METADATA_Transcriptomics_Regional_v4_32-2.xlsx	2611dd589b25f583d53ed3f83d358725	135205	https://atlas.kpmp.org/api/v1/file/download/de505f39-5a25-4b00-bc47-70fc426b435d/da1f88da-40ae-4d7e-a40c-fc1f255ab9e4_METADATA_Transcriptomics_Regional_v4_32-2.xlsx	Regional Transcriptomics	Experimental Metadata	32-2
dabb393e-455e-48cd-97e3-e1575d4c2932_21-0058_counts.csv	019d9a6af6c37939cb75f5548f23ef83	540407	https://atlas.kpmp.org/api/v1/file/download/a5cb7448-1bbe-431e-a44b-641f2955846e/dabb393e-455e-48cd-97e3-e1575d4c2932_21-0058_counts.csv	Regional Transcriptomics	Non-normalized Expression Matrix	34-10240
e03ea6e2-0f3b-4942-b211-9cf748d189e8_Counts.csv	ffb9b059d278a598c2156354ae5094a9	649484	https://atlas.kpmp.org/api/v1/file/download/9ca2ea99-7e8a-4b05-8906-b5d58fd18e6a/e03ea6e2-0f3b-4942-b211-9cf748d189e8_Counts.csv	Regional Transcriptomics	Non-normalized Expression Matrix	33-10005
e5f5de97-e6f6-497d-b00f-6e897dbb08a7_Atlas Explorer v1.0 Regional Transcriptomics.zip	fedb5fba9da57ca83e7850eff526576e	20964020	https://atlas.kpmp.org/api/v1/file/download/b9715235-e403-4dfe-be17-9d2e1851963f/e5f5de97-e6f6-497d-b00f-6e897dbb08a7_Atlas%20Explorer%20v1.0%20Regional%20Transcriptomics.zip	Regional Transcriptomics	Aggregated Data	18-162;31-10042;31-10000;32-10034;31-10001;33-10005;IU-7039;14-0518;31-10006;18-342;18-142;IU1700002;17-1606;14-0577;32-2;34-10050;IU-16352;29-10011;30-10044;15-0047;29-10006;IU1800006;29-10008;29-10007;15-0418;16-0600;18-312;16-0586;IU-12602;IU-16765;14-0521;IU1700001;18-139;IU-33186;IU-23884;IU-6140
e87dab0e-713f-4b9f-a98d-808bebc6ef1b_21-0059_counts.csv	58cb9dd2d4219c2433504db09f8661f5	439529	https://atlas.kpmp.org/api/v1/file/download/c8244dd5-402d-499e-a225-5e604ab9b619/e87dab0e-713f-4b9f-a98d-808bebc6ef1b_21-0059_counts.csv	Regional Transcriptomics	Non-normalized Expression Matrix	33-10006
ebff3256-615e-425a-9565-b019921c1262_METADATA_Transcriptomics_Regional_v4_33-10331.xlsx	fcee0cfcc486cba9a4e6f4880d9f975e	135315	https://atlas.kpmp.org/api/v1/file/download/63676648-457b-4541-8441-2ac76f30f4ea/ebff3256-615e-425a-9565-b019921c1262_METADATA_Transcriptomics_Regional_v4_33-10331.xlsx	Regional Transcriptomics	Experimental Metadata	33-10331
ecdc9a6c-090f-474b-a1f0-2c9b7d845598_March 2020 FTF 1.zip	01bb31761c62711613c4786468d5d066	10160821	https://atlas.kpmp.org/api/v1/file/download/ecdc9a6c-090f-474b-a1f0-2c9b7d845598/ecdc9a6c-090f-474b-a1f0-2c9b7d845598_March%202020%20FTF%201.zip	Regional Transcriptomics	Normalized Expression Matrix	18-162;IU1800006;IU1700001;18-139;18-312;18-342;18-142;IU1700002;17-1606
fdd63afe-fdef-4a6b-ba5f-9c892584b378_METADATA_Transcriptomics_Regional_v4_KPMP_34-10240.xlsx	64e5bb9d2699e4a2ab109b9a0f71c64f	124388	https://atlas.kpmp.org/api/v1/file/download/a5cb7448-1bbe-431e-a44b-641f2955846e/fdd63afe-fdef-4a6b-ba5f-9c892584b378_METADATA_Transcriptomics_Regional_v4_KPMP_34-10240.xlsx	Regional Transcriptomics	Experimental Metadata	34-10240
001bf321-c77a-4820-88c8-f5a69b6b5699_METADATA_Transcriptomics_Bulk total-mRNA_v3_30-10125.xlsx	2ff980eca581272d233ce835ce11ad2b	36887	https://atlas.kpmp.org/api/v1/file/download/739878de-0d55-472c-b8a3-0b2c48ba08b2/001bf321-c77a-4820-88c8-f5a69b6b5699_METADATA_Transcriptomics_Bulk%20total-mRNA_v3_30-10125.xlsx	Bulk Total/mRNA	Experimental Metadata	30-10125
009dad3b-749c-4951-9d0e-fb23e9096f2b_METADATA_Transcriptomics_Bulk total-mRNA_v3_32-10003.xlsx	adf5017edc54090db85d2dc1916c5be3	35633	https://atlas.kpmp.org/api/v1/file/download/fc7f91cf-d683-47a5-a74f-67588e3938ff/009dad3b-749c-4951-9d0e-fb23e9096f2b_METADATA_Transcriptomics_Bulk%20total-mRNA_v3_32-10003.xlsx	Bulk Total/mRNA	Experimental Metadata	32-10003
03bac984-c2bd-41ec-8c0d-1cb7a6101424_Counts.csv	66ad178e41c7e69aa5f3b2dcd3c60ea9	296891	https://atlas.kpmp.org/api/v1/file/download/4582d781-52f0-4db7-be0d-67c38e8ac1ab/03bac984-c2bd-41ec-8c0d-1cb7a6101424_Counts.csv	Bulk Total/mRNA	Non-normalized Expression Matrix	29-10011
0e1699eb-e445-44a6-b00a-8a8172ff7413_METADATA_Transcriptomics_Bulk total-mRNA_v3_29-10013.xlsx	1d51e15876a6cd9214504a37beedd529	35632	https://atlas.kpmp.org/api/v1/file/download/3683391c-ef9a-4a5d-81c9-121e90f7df0e/0e1699eb-e445-44a6-b00a-8a8172ff7413_METADATA_Transcriptomics_Bulk%20total-mRNA_v3_29-10013.xlsx	Bulk Total/mRNA	Experimental Metadata	29-10013
11e54258-ec14-4e7f-a5bf-3d9ca66aa90e_20-0040_counts.csv	f099321f5fd01f61476661d8144b924a	332449	https://atlas.kpmp.org/api/v1/file/download/739878de-0d55-472c-b8a3-0b2c48ba08b2/11e54258-ec14-4e7f-a5bf-3d9ca66aa90e_20-0040_counts.csv	Bulk Total/mRNA	Non-normalized Expression Matrix	30-10125
1239ecfc-b166-406a-96d3-497ce4e26553_METADATA_Transcriptomics_Bulk total-mRNA_v3_30-10631.xlsx	086a05659131d3d5905f3b47e5068b7f	35624	https://atlas.kpmp.org/api/v1/file/download/416a1101-1246-4326-8703-6cf8720290bb/1239ecfc-b166-406a-96d3-497ce4e26553_METADATA_Transcriptomics_Bulk%20total-mRNA_v3_30-10631.xlsx	Bulk Total/mRNA	Experimental Metadata	30-10631
139b3e3d-b4e3-462b-8681-fbee3625fa79_19-0001_HiSeq_raw-reads.csv	394adf237eeb0f3ba6de37e929b38e13	24512831	https://atlas.kpmp.org/api/v1/file/download/8bd0b8ed-2a13-4f3c-859c-b4d1a71b4f13/139b3e3d-b4e3-462b-8681-fbee3625fa79_19-0001_HiSeq_raw-reads.csv	Bulk Total/mRNA	Non-normalized Expression Matrix	29-10006
166ad471-c0a1-4f74-b614-47ce9a3afa44_21-0068_counts.csv	1133a2f7ecae7e14dc9656cfb72afef5	342432	https://atlas.kpmp.org/api/v1/file/download/120fe106-28fb-4f53-b7d9-0d9c73c215d4/166ad471-c0a1-4f74-b614-47ce9a3afa44_21-0068_counts.csv	Bulk Total/mRNA	Non-normalized Expression Matrix	29-10280
193f5fd3-50e5-41e5-ab3d-e7d6b4b7ed76_METADATA_Transcriptomics_Bulk total-mRNA_v3_29-10008.xlsx	0ff81feaa2fab7b972974c644b0e511f	36895	https://atlas.kpmp.org/api/v1/file/download/1098105c-587b-470a-889a-a156bccbe087/193f5fd3-50e5-41e5-ab3d-e7d6b4b7ed76_METADATA_Transcriptomics_Bulk%20total-mRNA_v3_29-10008.xlsx	Bulk Total/mRNA	Experimental Metadata	29-10008
19dcc0ef-4788-44e8-a4e6-734d9fc0a6bb_METADATA_Transcriptomics_Bulk total-mRNA_v3_31-10042.xlsx	85fb35bbafa0aa179ea77054cda6bf64	36914	https://atlas.kpmp.org/api/v1/file/download/10a5b192-88a8-40b0-8134-3a2616540386/19dcc0ef-4788-44e8-a4e6-734d9fc0a6bb_METADATA_Transcriptomics_Bulk%20total-mRNA_v3_31-10042.xlsx	Bulk Total/mRNA	Experimental Metadata	31-10042
238056d6-e542-4488-b22e-a8efb58f7130_METADATA_Transcriptomics_Bulk total-mRNA_v3_28-12265.xlsx	1aea45b0d95dc6d885509297871d3bdd	35328	https://atlas.kpmp.org/api/v1/file/download/9d63c284-3df8-4e97-af65-6358e4bf9c8a/238056d6-e542-4488-b22e-a8efb58f7130_METADATA_Transcriptomics_Bulk%20total-mRNA_v3_28-12265.xlsx	Bulk Total/mRNA	Experimental Metadata	28-12265
2397309b-506c-4b35-b58a-6a6ff10ca42e_19-0002_Bulk_Glom_Glom-noBC_PT_TAL_INT_Ti_Seq-03-2020_raw-reads.csv	29ef7d7f87c9a115f7bf9dde030d0824	740674	https://atlas.kpmp.org/api/v1/file/download/59b4ca48-a508-4068-9aa1-f330b51e63f1/2397309b-506c-4b35-b58a-6a6ff10ca42e_19-0002_Bulk_Glom_Glom-noBC_PT_TAL_INT_Ti_Seq-03-2020_raw-reads.csv	Bulk Total/mRNA	Non-normalized Expression Matrix	29-10007
293fcc7a-6dd4-497e-8f89-2e45910a559d_METADATA_Transcriptomics_Bulk total-mRNA_v3_33-10006.xlsx	51e75e42ada5760486d0fa5d2674aef8	35414	https://atlas.kpmp.org/api/v1/file/download/14b370b5-6149-40fc-97a1-9514640cc76a/293fcc7a-6dd4-497e-8f89-2e45910a559d_METADATA_Transcriptomics_Bulk%20total-mRNA_v3_33-10006.xlsx	Bulk Total/mRNA	Experimental Metadata	33-10006
2d4357f9-0b5e-4a64-85ad-fafcc383ae3a_21-0057_counts.csv	0aa4d138b135730a471f8bc886711db2	337963	https://atlas.kpmp.org/api/v1/file/download/8d0fceb9-17c4-485f-92ff-ff09703c2d9c/2d4357f9-0b5e-4a64-85ad-fafcc383ae3a_21-0057_counts.csv	Bulk Total/mRNA	Non-normalized Expression Matrix	27-10066
2f21bda2-49de-4257-a346-ab895451dcf3_Counts.csv	b752fb8812a2b6c908c17a640e8d8dd5	320710	https://atlas.kpmp.org/api/v1/file/download/9f1a1d11-86d0-4322-82fe-23481d3aec45/2f21bda2-49de-4257-a346-ab895451dcf3_Counts.csv	Bulk Total/mRNA	Non-normalized Expression Matrix	32-10034
3bcc6c69-9478-4242-8cb0-787f5f008aba_METADATA_Transcriptomics_Bulk total-mRNA_v3_29-10282.xlsx	a1cd3105b25ab246caf58b44c54b54be	37928	https://atlas.kpmp.org/api/v1/file/download/3dd8ac8b-022f-477c-91f7-20ea90abb30f/3bcc6c69-9478-4242-8cb0-787f5f008aba_METADATA_Transcriptomics_Bulk%20total-mRNA_v3_29-10282.xlsx	Bulk Total/mRNA	Experimental Metadata	29-10282
403959b9-7e59-46cc-b615-e99452342976_21-0063_counts.csv	ec4c6e02608a6fc1ab6eecd61fbd00a2	339034	https://atlas.kpmp.org/api/v1/file/download/9d63c284-3df8-4e97-af65-6358e4bf9c8a/403959b9-7e59-46cc-b615-e99452342976_21-0063_counts.csv	Bulk Total/mRNA	Non-normalized Expression Matrix	28-12265
42f9db5d-0d28-48c5-a53e-29afd018a20d_Counts.csv	bfaf564f802aa702cacc5a7c95bb51ca	294189	https://atlas.kpmp.org/api/v1/file/download/a4607402-088e-4e68-9219-e5fbd1d57da0/42f9db5d-0d28-48c5-a53e-29afd018a20d_Counts.csv	Bulk Total/mRNA	Non-normalized Expression Matrix	33-10005
44d11443-b586-4f86-93e1-39f3f2984df1_METADATA_Transcriptomics_Bulk total-mRNA_v3_34-10209.xlsx	0530d1d39cd1a030a433b9bb9f7b70ca	34418	https://atlas.kpmp.org/api/v1/file/download/11095fdc-7bb4-486e-a868-4c0405c5c508/44d11443-b586-4f86-93e1-39f3f2984df1_METADATA_Transcriptomics_Bulk%20total-mRNA_v3_34-10209.xlsx	Bulk Total/mRNA	Experimental Metadata	34-10209
457b432e-4f9d-4a93-bb16-3dca4f6ba82b_21-0073_counts.csv	cb0ba58198c12ad31b2268ce061d0cf5	341008	https://atlas.kpmp.org/api/v1/file/download/3683391c-ef9a-4a5d-81c9-121e90f7df0e/457b432e-4f9d-4a93-bb16-3dca4f6ba82b_21-0073_counts.csv	Bulk Total/mRNA	Non-normalized Expression Matrix	29-10013
4b252b69-1ad2-44de-89d8-d3da691daddc_METADATA_Transcriptomics_Bulk total-mRNA_v3_33-10331.xlsx	d0a6d9d652955a5082baf9c2308efb03	36895	https://atlas.kpmp.org/api/v1/file/download/cb1afd1e-d744-4593-8927-4b2bb592ed54/4b252b69-1ad2-44de-89d8-d3da691daddc_METADATA_Transcriptomics_Bulk%20total-mRNA_v3_33-10331.xlsx	Bulk Total/mRNA	Experimental Metadata	33-10331
4edb44a8-83f9-41c8-959c-15e37f2a2a88_METADATA_Transcriptomics_Bulk total-mRNA_v2_S-1905-017609.xlsx	304277d3ada259264a8e29f3778180db	34703	https://atlas.kpmp.org/api/v1/file/download/59b4ca48-a508-4068-9aa1-f330b51e63f1/4edb44a8-83f9-41c8-959c-15e37f2a2a88_METADATA_Transcriptomics_Bulk%20total-mRNA_v2_S-1905-017609.xlsx	Bulk Total/mRNA	Experimental Metadata	29-10007
4f0406ed-65a3-4f42-9f34-2e25cc8696ad_Counts.csv	8d9a1027982c7275e3f1472d0ef36770	295479	https://atlas.kpmp.org/api/v1/file/download/f39c36a1-e6d0-4560-bff7-48a6840701c5/4f0406ed-65a3-4f42-9f34-2e25cc8696ad_Counts.csv	Bulk Total/mRNA	Non-normalized Expression Matrix	31-10006
510e8fba-46ec-4bd0-9218-cf61e2a0c4b9_Counts.csv	d2d85c66b22d096b468bb48ccbbec65b	323844	https://atlas.kpmp.org/api/v1/file/download/10a5b192-88a8-40b0-8134-3a2616540386/510e8fba-46ec-4bd0-9218-cf61e2a0c4b9_Counts.csv	Bulk Total/mRNA	Non-normalized Expression Matrix	31-10042
5cd79be2-3927-40ec-b6a7-3580ad3b3c61_METADATA_Transcriptomics_Bulk total-mRNA_v2_S-1908-000905.xlsx	411c7e12c384f805ae72dd68dce944ef	34617	https://atlas.kpmp.org/api/v1/file/download/9eaf56d5-3828-45fe-8673-188c64f852ff/5cd79be2-3927-40ec-b6a7-3580ad3b3c61_METADATA_Transcriptomics_Bulk%20total-mRNA_v2_S-1908-000905.xlsx	Bulk Total/mRNA	Experimental Metadata	31-10000
5da9ff6a-db7e-4cbc-9a88-7c764a1a6aca_METADATA_Transcriptomics_Bulk total-mRNA_v3_30-10044.xlsx	97d093cf406a3b09169038dc0f9ec41a	36972	https://atlas.kpmp.org/api/v1/file/download/7ec45a81-7490-4422-8b4e-9805dbc34e07/5da9ff6a-db7e-4cbc-9a88-7c764a1a6aca_METADATA_Transcriptomics_Bulk%20total-mRNA_v3_30-10044.xlsx	Bulk Total/mRNA	Experimental Metadata	30-10044
66662ed9-fab1-4d24-848a-b05edd5ee533_METADATA_Transcriptomics_Bulk total-mRNA_v3_30-10125.xlsx	ad94d431e3a6c7d9dcd1ae887a8798ce	35191	https://atlas.kpmp.org/api/v1/file/download/7a9f2e9f-7841-49ca-bfac-aeb3c4534a0b/66662ed9-fab1-4d24-848a-b05edd5ee533_METADATA_Transcriptomics_Bulk%20total-mRNA_v3_30-10125.xlsx	Bulk Total/mRNA	Experimental Metadata	30-10125
680b99ad-6771-4187-99b5-b8d1be0f08ad_METADATA_Transcriptomics_Bulk total-mRNA_v3_29-10404.xlsx	407cfd752d2baa88f9b68b8f4b73cb56	34231	https://atlas.kpmp.org/api/v1/file/download/5eea1e87-e09b-4949-b77d-e043df50a8f1/680b99ad-6771-4187-99b5-b8d1be0f08ad_METADATA_Transcriptomics_Bulk%20total-mRNA_v3_29-10404.xlsx	Bulk Total/mRNA	Experimental Metadata	29-10404
6822e5f1-4dfe-45b6-8c6c-54bbf106f754_Counts.csv	44119b900cfb854b97a2b660d814aef7	274304	https://atlas.kpmp.org/api/v1/file/download/89d637dc-a6ae-4bea-b862-19315c6f7fae/6822e5f1-4dfe-45b6-8c6c-54bbf106f754_Counts.csv	Bulk Total/mRNA	Non-normalized Expression Matrix	32-2
723bc2c4-eba8-4018-8f41-1a29b9b435ef_METADATA_Transcriptomics_Bulk total-mRNA_v3_32-2.xlsx	caa985052f6cec9051a79def121bc28a	36893	https://atlas.kpmp.org/api/v1/file/download/89d637dc-a6ae-4bea-b862-19315c6f7fae/723bc2c4-eba8-4018-8f41-1a29b9b435ef_METADATA_Transcriptomics_Bulk%20total-mRNA_v3_32-2.xlsx	Bulk Total/mRNA	Experimental Metadata	32-2
857b8a8c-8dc5-4fe6-aab5-d0ebd99e71f3_Counts_07-06_20-0007_34-10050-Bulk_S23.csv	249a1883c84a18173c7abb76b11b3e97	335191	https://atlas.kpmp.org/api/v1/file/download/ca043e35-42f5-4b0e-8254-08ddc1447f88/857b8a8c-8dc5-4fe6-aab5-d0ebd99e71f3_Counts_07-06_20-0007_34-10050-Bulk_S23.csv	Bulk Total/mRNA	Non-normalized Expression Matrix	34-10050
8c648a7c-fa57-4270-a52a-0f000cf59315_METADATA_Transcriptomics_Bulk total-mRNA_v2-19-0001.xlsx	3c26c323a89270b7c19d49f2a9df5b63	34999	https://atlas.kpmp.org/api/v1/file/download/8bd0b8ed-2a13-4f3c-859c-b4d1a71b4f13/8c648a7c-fa57-4270-a52a-0f000cf59315_METADATA_Transcriptomics_Bulk%20total-mRNA_v2-19-0001.xlsx	Bulk Total/mRNA	Experimental Metadata	29-10006
8e218341-07b2-425f-8f99-0b98c2fb28d2_21-0059_counts.csv	6281a8a979cf592d9362a3b843224c39	338745	https://atlas.kpmp.org/api/v1/file/download/14b370b5-6149-40fc-97a1-9514640cc76a/8e218341-07b2-425f-8f99-0b98c2fb28d2_21-0059_counts.csv	Bulk Total/mRNA	Non-normalized Expression Matrix	33-10006
94d4899d-1764-4cd5-a594-5a4efe8bf231_METADATA_Transcriptomics_Bulk total-mRNA_v3_29-10011.xlsx	8624dc17b02095afde6e30c26c7fe4e4	36948	https://atlas.kpmp.org/api/v1/file/download/4582d781-52f0-4db7-be0d-67c38e8ac1ab/94d4899d-1764-4cd5-a594-5a4efe8bf231_METADATA_Transcriptomics_Bulk%20total-mRNA_v3_29-10011.xlsx	Bulk Total/mRNA	Experimental Metadata	29-10011
968977a3-3ff3-4920-b741-bfc3fcd7de80_METADATA_Transcriptomics_Bulk total-mRNA_v3_31-10035.xlsx	1f07b116e200b6d0b282a60f7f8e3a9c	36868	https://atlas.kpmp.org/api/v1/file/download/583dcf06-1f81-4426-8d6b-e1e8e9e7d74e/968977a3-3ff3-4920-b741-bfc3fcd7de80_METADATA_Transcriptomics_Bulk%20total-mRNA_v3_31-10035.xlsx	Bulk Total/mRNA	Experimental Metadata	31-10035
986c079d-20d4-419b-a3b8-7bfd2c9b8f43_21-0060_counts.csv	3b5fe6c13d577c5be5c235b64874c9db	336893	https://atlas.kpmp.org/api/v1/file/download/11095fdc-7bb4-486e-a868-4c0405c5c508/986c079d-20d4-419b-a3b8-7bfd2c9b8f43_21-0060_counts.csv	Bulk Total/mRNA	Non-normalized Expression Matrix	34-10209
99f28560-8a5a-4ad5-8389-17b2b8ac8765_21-0058_counts.csv	33608a08e8a0a79ffbe8e09256133775	335101	https://atlas.kpmp.org/api/v1/file/download/4831531b-6aa7-4a66-967e-10b8105cde2d/99f28560-8a5a-4ad5-8389-17b2b8ac8765_21-0058_counts.csv	Bulk Total/mRNA	Non-normalized Expression Matrix	34-10240
9cad9b1c-cd5c-42c1-b983-496000f52fb3_METADATA_Transcriptomics_Bulk total-mRNA_v3_32-10074.xlsx	98895950d9285cfe759b7a03236257ea	37609	https://atlas.kpmp.org/api/v1/file/download/cb07a46b-4cfc-4d26-8192-61db3d746633/9cad9b1c-cd5c-42c1-b983-496000f52fb3_METADATA_Transcriptomics_Bulk%20total-mRNA_v3_32-10074.xlsx	Bulk Total/mRNA	Experimental Metadata	32-10074
a05a20cc-0276-43cd-8967-bb7902842239_21-0071_counts.csv	5f48a18a5e77382a04c89d7d734815e0	340358	https://atlas.kpmp.org/api/v1/file/download/fc7f91cf-d683-47a5-a74f-67588e3938ff/a05a20cc-0276-43cd-8967-bb7902842239_21-0071_counts.csv	Bulk Total/mRNA	Non-normalized Expression Matrix	32-10003
a20dcd4f-ae9b-45f0-bd92-5a5728d10488_METADATA_Transcriptomics_Bulk total-mRNA_v3_34-10050.xlsx	d88c855fc94e3d0a636e8edb46798152	37370	https://atlas.kpmp.org/api/v1/file/download/ca043e35-42f5-4b0e-8254-08ddc1447f88/a20dcd4f-ae9b-45f0-bd92-5a5728d10488_METADATA_Transcriptomics_Bulk%20total-mRNA_v3_34-10050.xlsx	Bulk Total/mRNA	Experimental Metadata	34-10050
a48ab4c9-4754-4281-8fa8-76d74781bf8f_21-0055_counts.csv	18070f7c4e9b15f0035855f9af0b9319	340760	https://atlas.kpmp.org/api/v1/file/download/854b5ac0-09ea-41b5-83f2-ba6000400189/a48ab4c9-4754-4281-8fa8-76d74781bf8f_21-0055_counts.csv	Bulk Total/mRNA	Non-normalized Expression Matrix	29-10282
b1f0cdf9-1eb1-4cd2-bc20-9dd6af429d98_20-0040_counts.csv	eda7f52ede2a0a547d8e42601400d2f1	339416	https://atlas.kpmp.org/api/v1/file/download/7a9f2e9f-7841-49ca-bfac-aeb3c4534a0b/b1f0cdf9-1eb1-4cd2-bc20-9dd6af429d98_20-0040_counts.csv	Bulk Total/mRNA	Non-normalized Expression Matrix	30-10125
b486bf2e-7c2b-4e97-8904-8830c4c452e3_20-0044_counts.csv	b255be697b24ce55aa0c3598483d03fd	329378	https://atlas.kpmp.org/api/v1/file/download/583dcf06-1f81-4426-8d6b-e1e8e9e7d74e/b486bf2e-7c2b-4e97-8904-8830c4c452e3_20-0044_counts.csv	Bulk Total/mRNA	Non-normalized Expression Matrix	31-10035
b822eae2-a732-4faa-8cda-53a52b49f412_Counts_11-10_20-0007_34-10050-Bulk_S25_R1_001.fastq.gz.csv	fb67bd2ac24550b8db2a284d8ef2305e	581997	https://atlas.kpmp.org/api/v1/file/download/ca043e35-42f5-4b0e-8254-08ddc1447f88/b822eae2-a732-4faa-8cda-53a52b49f412_Counts_11-10_20-0007_34-10050-Bulk_S25_R1_001.fastq.gz.csv	Bulk Total/mRNA	Non-normalized Expression Matrix	34-10050
bdbdf677-9740-496b-bdf2-190232359104_METADATA_Transcriptomics_Bulk total-mRNA_v3_29-10012.xlsx	654ea9a4e1507921cf51bb6a23c4245d	35630	https://atlas.kpmp.org/api/v1/file/download/8b99d53d-e0e9-4371-aecd-1ce10971f502/bdbdf677-9740-496b-bdf2-190232359104_METADATA_Transcriptomics_Bulk%20total-mRNA_v3_29-10012.xlsx	Bulk Total/mRNA	Experimental Metadata	29-10012
be8a7337-ef08-4b5b-a6af-08cafa085f34_METADATA_Transcriptomics_Bulk total-mRNA_v3_31-10001.xlsx	74b710137577501f01e64525bb64eed4	36953	https://atlas.kpmp.org/api/v1/file/download/9555e941-edf2-43be-8422-897cd134a054/be8a7337-ef08-4b5b-a6af-08cafa085f34_METADATA_Transcriptomics_Bulk%20total-mRNA_v3_31-10001.xlsx	Bulk Total/mRNA	Experimental Metadata	31-10001
c0e13c6f-70f8-4e49-8836-a81ba98a0392_METADATA_Transcriptomics_Bulk total-mRNA_v3_27-10066.xlsx	d21bdd3aa756d0bdab743dc9f6107672	35703	https://atlas.kpmp.org/api/v1/file/download/8d0fceb9-17c4-485f-92ff-ff09703c2d9c/c0e13c6f-70f8-4e49-8836-a81ba98a0392_METADATA_Transcriptomics_Bulk%20total-mRNA_v3_27-10066.xlsx	Bulk Total/mRNA	Experimental Metadata	27-10066
c7c6d6a3-86b2-4016-98a3-df939e44db23_METADATA_Transcriptomics_Bulk total-mRNA_v3_34-10240.xlsx	432e4d987c0317e1cd88bfee97fccfd4	35697	https://atlas.kpmp.org/api/v1/file/download/4831531b-6aa7-4a66-967e-10b8105cde2d/c7c6d6a3-86b2-4016-98a3-df939e44db23_METADATA_Transcriptomics_Bulk%20total-mRNA_v3_34-10240.xlsx	Bulk Total/mRNA	Experimental Metadata	34-10240
c9005e72-d7ee-48f2-8c24-fc1d090f9a56_METADATA_Transcriptomics_Bulk total-mRNA_v3_29-10282.xlsx	5ec8358324d68031857c505ee597bc36	36739	https://atlas.kpmp.org/api/v1/file/download/854b5ac0-09ea-41b5-83f2-ba6000400189/c9005e72-d7ee-48f2-8c24-fc1d090f9a56_METADATA_Transcriptomics_Bulk%20total-mRNA_v3_29-10282.xlsx	Bulk Total/mRNA	Experimental Metadata	29-10282
cc655550-cbc8-43ec-8b22-cbdadc4d94f5_METADATA_Transcriptomics_Bulk total-mRNA_v3_29-10280.xlsx	9d08903521aa5f748a66639e36877f00	35638	https://atlas.kpmp.org/api/v1/file/download/120fe106-28fb-4f53-b7d9-0d9c73c215d4/cc655550-cbc8-43ec-8b22-cbdadc4d94f5_METADATA_Transcriptomics_Bulk%20total-mRNA_v3_29-10280.xlsx	Bulk Total/mRNA	Experimental Metadata	29-10280
ccc0971e-db7c-4d5c-a7f7-73e0776c0582_Counts.csv	31a7c03c17abd286b589e681e532d5e0	295411	https://atlas.kpmp.org/api/v1/file/download/1098105c-587b-470a-889a-a156bccbe087/ccc0971e-db7c-4d5c-a7f7-73e0776c0582_Counts.csv	Bulk Total/mRNA	Non-normalized Expression Matrix	29-10008
d07625eb-7fb0-4308-bdcb-e82291212e9b_19-0001_NovaSeq_raw-reads.csv	03cfc8dbf9b12a8218bb90ceeeb2d50b	637374	https://atlas.kpmp.org/api/v1/file/download/8bd0b8ed-2a13-4f3c-859c-b4d1a71b4f13/d07625eb-7fb0-4308-bdcb-e82291212e9b_19-0001_NovaSeq_raw-reads.csv	Bulk Total/mRNA	Non-normalized Expression Matrix	29-10006
d11a8956-8904-4221-9c07-17ed6e66bd40_Counts.csv	17d2b673fc4f90402d83de958024ecd3	295028	https://atlas.kpmp.org/api/v1/file/download/9555e941-edf2-43be-8422-897cd134a054/d11a8956-8904-4221-9c07-17ed6e66bd40_Counts.csv	Bulk Total/mRNA	Non-normalized Expression Matrix	31-10001
d1246cd7-593c-489f-94cb-82fd7f6c7056_21-0064_counts.csv	1d506299ebe54bea4b1c5d0a9d11f00d	339478	https://atlas.kpmp.org/api/v1/file/download/d03e3741-b46c-4bb2-8a72-535c733147fb/d1246cd7-593c-489f-94cb-82fd7f6c7056_21-0064_counts.csv	Bulk Total/mRNA	Non-normalized Expression Matrix	31-10221
d8cf8a25-1f16-42e2-a798-c4f385071930_21-0062_counts.csv	fd83545d9d0b2fa371d28b4c0510edc1	346470	https://atlas.kpmp.org/api/v1/file/download/1cd2b9d0-68ae-4052-b719-7f134803fde6/d8cf8a25-1f16-42e2-a798-c4f385071930_21-0062_counts.csv	Bulk Total/mRNA	Non-normalized Expression Matrix	28-12442
dad9424b-3007-4441-9a4a-f70723aaa0ba_20-0038_counts.csv	2108f4c24ab0176e4b6a31924bd2f033	331354	https://atlas.kpmp.org/api/v1/file/download/cb07a46b-4cfc-4d26-8192-61db3d746633/dad9424b-3007-4441-9a4a-f70723aaa0ba_20-0038_counts.csv	Bulk Total/mRNA	Non-normalized Expression Matrix	32-10074
dc9e66e8-c19b-4eb7-af27-411d4fde9c96_METADATA_Transcriptomics_Bulk total-mRNA_v3_31-10221.xlsx	90c21f06b8ff70181fce1dc0338c9924	35633	https://atlas.kpmp.org/api/v1/file/download/d03e3741-b46c-4bb2-8a72-535c733147fb/dc9e66e8-c19b-4eb7-af27-411d4fde9c96_METADATA_Transcriptomics_Bulk%20total-mRNA_v3_31-10221.xlsx	Bulk Total/mRNA	Experimental Metadata	31-10221
de1851d0-ab02-4605-91c0-ea535069241a_Counts.csv	c380c0fea41ec8ef2ea2d1507f881dce	322918	https://atlas.kpmp.org/api/v1/file/download/7ec45a81-7490-4422-8b4e-9805dbc34e07/de1851d0-ab02-4605-91c0-ea535069241a_Counts.csv	Bulk Total/mRNA	Non-normalized Expression Matrix	30-10044
e60dd84e-9c67-4c12-9b91-e6f2b535fb97_19-0003_Bulk_Glom_PT_TAL_DCT_INT_Ti_Seq-03-2020_raw-reads.csv	4314e3ab1ba8065946abdf5efdc6d2a8	743502	https://atlas.kpmp.org/api/v1/file/download/9eaf56d5-3828-45fe-8673-188c64f852ff/e60dd84e-9c67-4c12-9b91-e6f2b535fb97_19-0003_Bulk_Glom_PT_TAL_DCT_INT_Ti_Seq-03-2020_raw-reads.csv	Bulk Total/mRNA	Non-normalized Expression Matrix	31-10000
e97054a6-8749-4b84-9b00-7777a516dbea_METADATA_Transcriptomics_Bulk total-mRNA_v3_33-10005.xlsx	c0366a75953325b0adf79af59505a2ea	36904	https://atlas.kpmp.org/api/v1/file/download/a4607402-088e-4e68-9219-e5fbd1d57da0/e97054a6-8749-4b84-9b00-7777a516dbea_METADATA_Transcriptomics_Bulk%20total-mRNA_v3_33-10005.xlsx	Bulk Total/mRNA	Experimental Metadata	33-10005
e9eff4c9-23e6-43cd-b1a4-cbe6bf7a89e3_21-0056_counts.csv	947287ecaa2dcbd2a0891d6677a940b6	331996	https://atlas.kpmp.org/api/v1/file/download/cb1afd1e-d744-4593-8927-4b2bb592ed54/e9eff4c9-23e6-43cd-b1a4-cbe6bf7a89e3_21-0056_counts.csv	Bulk Total/mRNA	Non-normalized Expression Matrix	33-10331
ec5e092b-cc6d-4d4e-af5e-4c3fd5eb2f4c_21-0055_counts.csv	7286a04ab887876161b56b73b5063b69	326241	https://atlas.kpmp.org/api/v1/file/download/3dd8ac8b-022f-477c-91f7-20ea90abb30f/ec5e092b-cc6d-4d4e-af5e-4c3fd5eb2f4c_21-0055_counts.csv	Bulk Total/mRNA	Non-normalized Expression Matrix	29-10282
ece799f3-3b87-427b-aa16-32d1cd22bc54_21-0072_counts.csv	6e1a9d16b37b6eeb6f813fc5d0ea911a	339586	https://atlas.kpmp.org/api/v1/file/download/8b99d53d-e0e9-4371-aecd-1ce10971f502/ece799f3-3b87-427b-aa16-32d1cd22bc54_21-0072_counts.csv	Bulk Total/mRNA	Non-normalized Expression Matrix	29-10012
eed9ee14-4549-4bbc-8d31-52262d0d8781_21-0066_counts.csv	e46d99bb8fb3993b05953cdd4f1124c5	340460	https://atlas.kpmp.org/api/v1/file/download/416a1101-1246-4326-8703-6cf8720290bb/eed9ee14-4549-4bbc-8d31-52262d0d8781_21-0066_counts.csv	Bulk Total/mRNA	Non-normalized Expression Matrix	30-10631
f05b2196-6452-428a-bb0b-3bd7e5816397_METADATA_Transcriptomics_Bulk total-mRNA_v3_32-10034.xlsx	09e9dfeaa80949b5f31b19427ddf1ea2	36914	https://atlas.kpmp.org/api/v1/file/download/9f1a1d11-86d0-4322-82fe-23481d3aec45/f05b2196-6452-428a-bb0b-3bd7e5816397_METADATA_Transcriptomics_Bulk%20total-mRNA_v3_32-10034.xlsx	Bulk Total/mRNA	Experimental Metadata	32-10034
f993d6bb-ee43-4f25-8fb5-7b3b7a0eb68b_METADATA_Transcriptomics_Bulk total-mRNA_v3_28-12442.xlsx	97a8b77b43af0a77e22e9b4fadc6741d	35595	https://atlas.kpmp.org/api/v1/file/download/1cd2b9d0-68ae-4052-b719-7f134803fde6/f993d6bb-ee43-4f25-8fb5-7b3b7a0eb68b_METADATA_Transcriptomics_Bulk%20total-mRNA_v3_28-12442.xlsx	Bulk Total/mRNA	Experimental Metadata	28-12442
fbfe4d5d-a5a2-4cef-ad35-0d8ff55ee77f_METADATA_Transcriptomics_Bulk total-mRNA_v3_31-10006.xlsx	d2ce0098a210af0af4fd2f9c04ece146	36952	https://atlas.kpmp.org/api/v1/file/download/f39c36a1-e6d0-4560-bff7-48a6840701c5/fbfe4d5d-a5a2-4cef-ad35-0d8ff55ee77f_METADATA_Transcriptomics_Bulk%20total-mRNA_v3_31-10006.xlsx	Bulk Total/mRNA	Experimental Metadata	31-10006
fc44e209-0d00-4214-895b-9dbb498450d4_21-0061_counts.csv	82819a3641ee856ab5ac950925569275	341417	https://atlas.kpmp.org/api/v1/file/download/5eea1e87-e09b-4949-b77d-e043df50a8f1/fc44e209-0d00-4214-895b-9dbb498450d4_21-0061_counts.csv	Bulk Total/mRNA	Non-normalized Expression Matrix	29-10404
