compartment	contrast	cell_type	expected	unit	old_z	old_supported	z_scRNA	supported_scRNA	z_scRNA_endosplit	supported_scRNA_endosplit	z_snRNA	supported_snRNA	z_snRNA_endosplit	supported_snRNA_endosplit
GLOM	DKD_vs_PAT_adj	PODO	-	META	-8.196512959670061	True	-7.200029066605988	True	-7.221627028016412	True	-9.449952773435172	True	-9.115616268008006	True
GLOM	DKD_vs_PAT_adj	PODO	-	ERCB_GLOM_H1	-7.867032443233565	True	-6.590988851869975	True	-6.6059752575358885	True	-9.363039747947328	True	-9.247894710204527	True
GLOM	DKD_vs_PAT_adj	PODO	-	ERCB_GLOM_H7	-4.8313638415714895	True	-4.94803877255831	True	-5.182010260144321	True	-5.439025474509131	True	-5.412826119970406	True
GLOM	DKD_vs_PAT_adj	ENDO	+	META	3.1068956565187	True	-2.9356269591472475	False			-3.896815053256131	False		
GLOM	DKD_vs_PAT_adj	ENDO	+	ERCB_GLOM_H1	2.92612455740316	True	-1.5654093833284273	False			-2.228928288378018	False		
GLOM	DKD_vs_PAT_adj	ENDO	+	ERCB_GLOM_H7	2.2842702647965845	True	-3.1266747516505453	False			-4.021764471743405	False		
TUB	DKD_vs_PAT_adj	ENDO	+	META	5.069576164086105	True	4.096564794514479	True			2.9307576454867963	True		
TUB	DKD_vs_PAT_adj	ENDO	+	ERCB_TUB_H1	4.859463012283237	True	1.868334867148615	False			1.781632153327641	False		
TUB	DKD_vs_PAT_adj	ENDO	+	ERCB_TUB_H7	3.671731719986793	True	3.994844480390792	True			2.305815317874451	True		
TUB	DKD_vs_PAT_adj	ENDO_PT	+	META	2.3949755726618744	True	4.818038193737963	True	5.516708109460461	True	4.663275649948629	True	4.6291331106906615	True
TUB	DKD_vs_PAT_adj	ENDO_PT	+	ERCB_TUB_H1	3.092777850174963	True	3.512764323075879	True	4.412850692951545	True	3.2008834508445476	True	3.2946881545761695	True
TUB	DKD_vs_PAT_adj	ENDO_PT	+	ERCB_TUB_H7	1.147554309768843	False	4.008481217398075	True	4.5536077680587645	True	3.888260440531383	True	4.0458636710040015	True
TUB	DKD_vs_PAT_adj	MAST	+	META	7.10209112529766	True					7.183991405510184	True	7.036615630636122	True
TUB	DKD_vs_PAT_adj	MAST	+	ERCB_TUB_H1	1.3692050634760238	False					2.959374079832505	True	2.853758220479093	True
TUB	DKD_vs_PAT_adj	MAST	+	ERCB_TUB_H7	7.208305365780291	True					6.581757862920056	True	6.507802163046946	True
GLOM	DKD_vs_PAT_adj	ENDO_GC	+	META					-4.700616556076	False			-3.9847065725676503	False
GLOM	DKD_vs_PAT_adj	ENDO_GC	+	ERCB_GLOM_H1					-2.2018805615391988	False			-1.5721477037586864	False
GLOM	DKD_vs_PAT_adj	ENDO_GC	+	ERCB_GLOM_H7					-5.538229042188609	False			-4.876492115870205	False
GLOM	DKD_vs_PAT_adj	ENDO_ART	+	META					5.484566330573116	True			4.9304658894162925	True
GLOM	DKD_vs_PAT_adj	ENDO_ART	+	ERCB_GLOM_H1					1.9816289369035345	False			1.9012571781722993	False
GLOM	DKD_vs_PAT_adj	ENDO_ART	+	ERCB_GLOM_H7					6.852916067133939	True			5.926168625093845	True
TUB	DKD_vs_PAT_adj	ENDO_GC	+	META					1.6163081021436134	False			1.3421283585834567	False
TUB	DKD_vs_PAT_adj	ENDO_GC	+	ERCB_TUB_H1					0.30745043594547555	False			0.8131930764217064	False
TUB	DKD_vs_PAT_adj	ENDO_GC	+	ERCB_TUB_H7					1.9930459286049573	False			1.3024158193123854	False
GLOM	RPGN_vs_PAT_adj	MAC	+	META	12.921919856243072	True	11.4094960005346	True	11.049596493600726	True	10.789541476588473	True	10.350500021923539	True
GLOM	RPGN_vs_PAT_adj	MAC	+	ERCB_GLOM_H1										
GLOM	RPGN_vs_PAT_adj	MAC	+	ERCB_GLOM_H7	11.0553280641752	True	11.170368406468274	True	11.394241314063358	True	8.708603158342768	True	8.594785903590807	True
TUB	RPGN_vs_PAT_adj	MAC	+	META	7.915144108506065	True	8.749572673877353	True	9.12240192519536	True	6.235525247146739	True	6.199709978958334	True
TUB	RPGN_vs_PAT_adj	MAC	+	ERCB_TUB_H1										
TUB	RPGN_vs_PAT_adj	MAC	+	ERCB_TUB_H7	5.928071984408013	True	6.772086602112132	True	7.636983071230948	True	4.921857350852556	True	4.747680291495914	True
GLOM	MN_vs_PAT_adj	MAC	<=0	META	-7.11838935211562	True	-6.7460375130672166	True	-6.557213989303159	True	-6.568555654318891	True	-6.564676571210038	True
GLOM	MN_vs_PAT_adj	MAC	<=0	ERCB_GLOM_H1	-9.042367754430751	True	-8.82531867752204	True	-9.083238970887077	True	-8.616552064230026	True	-9.504923903680426	True
GLOM	MN_vs_PAT_adj	MAC	<=0	ERCB_GLOM_H7										
GLOM	MN_vs_PAT_adj	TCELL	<=0	META	-3.2906832434285658	True	-5.025408179817291	True	-4.9902654400107975	True	-5.225812681829715	True	-5.260765537758378	True
GLOM	MN_vs_PAT_adj	TCELL	<=0	ERCB_GLOM_H1	-2.7775817724028307	True	-4.691491261069317	True	-4.65911331615098	True	-4.747419149079804	True	-4.622730784131935	True
GLOM	MN_vs_PAT_adj	TCELL	<=0	ERCB_GLOM_H7										
GLOM	MCD_vs_PAT_adj	MAC	<=0	META	-7.874415850703829	True	-7.246647407845237	True	-7.78049473749607	True	-6.530198001070329	True	-6.7852568345356605	True
GLOM	MCD_vs_PAT_adj	MAC	<=0	ERCB_GLOM_H1	-3.2643075308749863	True	-3.0923734356021075	True	-3.271462233523274	True	-4.435567425913993	True	-4.6399952817097185	True
GLOM	MCD_vs_PAT_adj	MAC	<=0	ERCB_GLOM_H7	-7.59298689275013	True	-9.43713270027353	True	-9.591476955290675	True	-5.115934740467838	True	-5.28420452945021	True
GLOM	MCD_vs_PAT_adj	TCELL	<=0	META	-2.67736940880716	True	-2.747745643968719	True	-2.8895046936212903	True	-2.9017603096892564	True	-2.9259873993494527	True
GLOM	MCD_vs_PAT_adj	TCELL	<=0	ERCB_GLOM_H1	-2.885962294461598	True	-3.9207811272931288	True	-3.81332750706032	True	-3.996451316771069	True	-4.024077622176946	True
GLOM	MCD_vs_PAT_adj	TCELL	<=0	ERCB_GLOM_H7	-1.821140634286633	True	-2.864110572514691	True	-2.6542380335422058	True	-2.252630507053806	True	-2.362353444572425	True
TUB	MN_vs_PAT_adj	MAC	<=0	META	-2.5542756865022413	True	-3.439675213162687	True	-3.4999410995426086	True	-0.7281047598834489	True	-0.6637952344849718	True
TUB	MN_vs_PAT_adj	MAC	<=0	ERCB_TUB_H1	-6.731804123524737	True	-7.430930611940988	True	-7.231710980185021	True	-5.940509182112141	True	-5.878490110540667	True
TUB	MN_vs_PAT_adj	MAC	<=0	ERCB_TUB_H7										
TUB	MN_vs_PAT_adj	TCELL	<=0	META	-2.9469686184668653	True	-3.947752414615355	True	-3.975905861490196	True	-3.403191768681394	True	-3.3629713008144138	True
TUB	MN_vs_PAT_adj	TCELL	<=0	ERCB_TUB_H1	-1.121242588292157	True	-1.8485644137069672	True	-1.6503172386469418	True	-1.1847241327689861	True	-1.200700017111403	True
TUB	MN_vs_PAT_adj	TCELL	<=0	ERCB_TUB_H7										
TUB	MCD_vs_PAT_adj	MAC	<=0	META	-3.166734624682892	True	-2.4636543494197958	True	-2.1664182619451338	True	-3.449759278815224	True	-3.5376327422680265	True
TUB	MCD_vs_PAT_adj	MAC	<=0	ERCB_TUB_H1	-0.9874042942231112	True	-1.1071245462116814	True	-0.545888225014398	True	-0.505541049148182	True	-0.276735191185456	True
TUB	MCD_vs_PAT_adj	MAC	<=0	ERCB_TUB_H7										
TUB	MCD_vs_PAT_adj	TCELL	<=0	META	-6.055438146845878	True	-5.252641476855197	True	-5.17000099511422	True	-5.619353012446036	True	-5.768485928294518	True
TUB	MCD_vs_PAT_adj	TCELL	<=0	ERCB_TUB_H1	-3.01937316318924	True	-1.6367599400732682	True	-1.7898704405156776	True	-2.0152048163202845	True	-2.1404258981053053	True
TUB	MCD_vs_PAT_adj	TCELL	<=0	ERCB_TUB_H7										
