reference	cell_type	n_new	n_old	n_overlap	jaccard
scRNA	BCELL	50	0	0	0.0
scRNA	CNT_PC	50	18	8	0.13333333333333333
scRNA	DC	17	0	0	0.0
scRNA	DCT	50	50	18	0.21951219512195122
scRNA	ENDO	50	50	2	0.02040816326530612
scRNA	ENDO_PT	50	15	4	0.06557377049180328
scRNA	IC	50	20	15	0.2727272727272727
scRNA	LOH	50	25	16	0.2711864406779661
scRNA	MAC	50	50	13	0.14942528735632185
scRNA	MES	23	0	0	0.0
scRNA	NK	50	50	32	0.47058823529411764
scRNA	PEC	50	50	11	0.12359550561797752
scRNA	PERI	50	50	16	0.19047619047619047
scRNA	PODO	50	50	17	0.20481927710843373
scRNA	PT	50	18	7	0.11475409836065574
scRNA	PT_injured	50	7	1	0.017857142857142856
scRNA	STROMA	50	50	1	0.010101010101010102
scRNA	TCELL	50	50	27	0.3698630136986301
scRNA_endosplit	ENDO_ART	50	0	0	0.0
scRNA_endosplit	ENDO_GC	50	0	0	0.0
snRNA	BCELL	50	0	0	0.0
snRNA	CNT_PC	50	18	11	0.19298245614035087
snRNA	DC	50	0	0	0.0
snRNA	DCT	50	50	27	0.3698630136986301
snRNA	ENDO	50	50	2	0.02040816326530612
snRNA	ENDO_PT	50	15	5	0.08333333333333333
snRNA	IC	50	20	10	0.16666666666666666
snRNA	LOH	50	25	14	0.22950819672131148
snRNA	MAC	50	50	15	0.17647058823529413
snRNA	MAST	25	50	14	0.22950819672131148
snRNA	MES	50	0	0	0.0
snRNA	NK	3	50	3	0.06
snRNA	PEC	50	50	11	0.12359550561797752
snRNA	PERI	50	50	10	0.1111111111111111
snRNA	PODO	50	50	21	0.26582278481012656
snRNA	PT	48	18	3	0.047619047619047616
snRNA	PT_injured	32	7	1	0.02631578947368421
snRNA	STROMA	50	50	2	0.02040816326530612
snRNA	TCELL	50	50	27	0.3698630136986301
snRNA_endosplit	ENDO_ART	50	0	0	0.0
snRNA_endosplit	ENDO_GC	50	0	0	0.0
