dataset	contrast	cell_type	n_markers	n_A	n_B	mean_A	mean_B	delta_log2cpm	hedges_g	g_ci_lo	g_ci_hi	mwu_p	cliffs_delta	perm_p
snRNA	DKD_vs_OTHER_CKD	BCELL	50	18	13	7.143573280093465	7.493285209923782	-0.34971192983031685	-0.4555873389576315	-1.075315233431494	0.1886365960966436	0.28875852106681443	-0.23076923076923078	0.26173826173826176
snRNA	DKD_vs_OTHER_CKD	CNT_PC	50	27	25	6.326232305861735	6.280891203943537	0.04534110191819796	0.15736563788097616	-0.4063916408176414	0.6758371213383602	0.6080822947004044	0.08444444444444445	0.5814185814185814
snRNA	DKD_vs_OTHER_CKD	DC	50	17	13	6.041274448579188	6.269040666968199	-0.22776621838901168	-0.3877770154113777	-0.9365260017712655	0.30530694644651263	0.8017286705896025	-0.058823529411764705	0.3006993006993007
snRNA	DKD_vs_OTHER_CKD	DCT	50	23	24	7.06983648188726	7.184637736439338	-0.11480125455207801	-0.17209826809421144	-1.4024472758921536	0.3065359459838861	0.024755995557244146	-0.38405797101449274	0.6683316683316683
snRNA	DKD_vs_OTHER_CKD	ENDO	50	19	21	5.981014984816492	5.971497941216292	0.009517043600200559	0.020526626273024377	-0.7122418544799558	0.5763927765735922	0.6452094654316003	-0.08771929824561403	0.9530469530469531
snRNA	DKD_vs_OTHER_CKD	ENDO_PT	50	22	23	6.253411877860002	6.187702048040595	0.06570982981940698	0.14262932013063814	-0.4674131922282665	0.7202504081577735	0.7765465907691065	0.05138339920948617	0.6413586413586414
snRNA	DKD_vs_OTHER_CKD	IC	50	26	24	6.717720605379382	6.850165749080261	-0.13244514370087934	-0.30030754450903174	-0.8574981339210509	0.22568991802461197	0.28115841923125406	-0.1794871794871795	0.3106893106893107
snRNA	DKD_vs_OTHER_CKD	LOH	50	28	26	6.374842767495916	6.507316403002714	-0.13247363550679836	-0.27771321466290766	-0.952553292361713	0.26711319135779993	0.05575318603347409	-0.30494505494505497	0.3196803196803197
snRNA	DKD_vs_OTHER_CKD	MAC	50	25	21	6.29954525565322	6.389012544958079	-0.08946728930485914	-0.0980157217176119	-0.6860065642877793	0.49105809366027725	0.8254606390472914	0.04	0.7462537462537463
snRNA	DKD_vs_OTHER_CKD	PEC	50	14	17	6.310562332883669	6.343210676556227	-0.03264834367255798	-0.07327887013522681	-0.8407819146061373	0.7133382254596856	0.8895056756162	-0.03361344537815126	0.8461538461538461
snRNA	DKD_vs_OTHER_CKD	PERI	50	14	20	6.009981775100019	6.004335823647645	0.005645951452373232	0.010012726998756227	-0.7265575890895437	0.700134033844702	0.9860406404472006	0.007142857142857143	0.977022977022977
snRNA	DKD_vs_OTHER_CKD	PODO	50	17	17	6.595839336613726	6.41738215190207	0.17845718471165561	0.31252869551719714	-0.3749544707151095	1.0684944371646674	0.38918941278422226	0.17647058823529413	0.36063936063936064
snRNA	DKD_vs_OTHER_CKD	PT	48	28	26	5.220428747649959	5.329366333192821	-0.10893758554286226	-0.23403051559952076	-0.9400311760206461	0.26450724461319675	0.12128296055023632	-0.24725274725274726	0.4305694305694306
snRNA	DKD_vs_OTHER_CKD	PT_injured	32	27	25	5.222077341932192	5.266448833278439	-0.044371491346246295	-0.14590664003235837	-0.6842817414775025	0.36962556728540213	0.4864537608407101	-0.11407407407407408	0.5864135864135864
snRNA	DKD_vs_OTHER_CKD	STROMA	50	27	24	7.006745416958735	6.981615007051496	0.025130409907238693	0.052699481406099424	-0.5526463795157088	0.5552975609168616	0.7699006135960605	-0.04938271604938271	0.8581418581418582
snRNA	DKD_vs_OTHER_CKD	TCELL	50	24	20	6.336800250904773	6.349446658628326	-0.012646407723552855	-0.016009394701963255	-0.7025673580159727	0.5496455201048045	0.8782354561737855	-0.029166666666666667	0.957042957042957
snRNA	DKD_vs_HKD	BCELL	50	18	11	7.143573280093465	7.6103250670184055	-0.4667517869249407	-0.6066821537278139	-1.2788029138401948	0.03736652510111074	0.1321408585583338	-0.3434343434343434	0.11688311688311688
snRNA	DKD_vs_HKD	CNT_PC	50	27	21	6.326232305861735	6.310393315581076	0.015838990280658827	0.0557676562167229	-0.5265134354595131	0.6139946707369229	0.9502857293024086	0.012345679012345678	0.8611388611388612
snRNA	DKD_vs_HKD	DC	50	17	11	6.041274448579188	6.2865697095970825	-0.2452952610178949	-0.40289013956688596	-0.9685126356644986	0.3219969741465943	0.7419420496381586	-0.08021390374331551	0.2977022977022977
snRNA	DKD_vs_HKD	DCT	50	23	20	7.06983648188726	7.189375559599291	-0.1195390777120311	-0.17490301424624258	-1.5533872553430739	0.34852373809154513	0.012567454818892574	-0.44782608695652176	0.7002997002997003
snRNA	DKD_vs_HKD	ENDO	50	19	17	5.981014984816492	5.941955803081112	0.03905918173538048	0.08641866213630355	-0.708471129334703	0.7002371033189612	0.8244596402394759	-0.04643962848297214	0.8201798201798202
snRNA	DKD_vs_HKD	ENDO_PT	50	22	19	6.253411877860002	6.204396740100159	0.04901513775984334	0.10699220320494389	-0.539387526181478	0.6997817717484393	0.9063453250741825	0.023923444976076555	0.7342657342657343
snRNA	DKD_vs_HKD	IC	50	26	20	6.717720605379382	6.887389017813911	-0.1696684124345289	-0.38367450145737864	-0.9481511519040442	0.20755465964437103	0.15294039459339784	-0.25	0.2057942057942058
snRNA	DKD_vs_HKD	LOH	50	28	22	6.374842767495916	6.572883841766589	-0.19804107427067308	-0.4299443320951332	-1.166725888725937	0.13864411159494178	0.012024858995502647	-0.41883116883116883	0.15184815184815184
snRNA	DKD_vs_HKD	MAC	50	25	17	6.29954525565322	6.617273497869995	-0.3177282422167753	-0.38219088160576586	-0.8708402139278736	0.20692313026637668	0.6263484608675448	-0.09176470588235294	0.22577422577422576
snRNA	DKD_vs_HKD	PEC	50	14	13	6.310562332883669	6.330617515956894	-0.02005518307322518	-0.04407002981009501	-0.8886468578251627	0.6979601699640033	0.9419738351432534	-0.02197802197802198	0.8951048951048951
snRNA	DKD_vs_HKD	PERI	50	14	16	6.009981775100019	5.956829988136487	0.0531517869635314	0.0934144602854019	-0.662947570608124	0.8469588010724729	0.819150269060861	0.05357142857142857	0.8031968031968032
snRNA	DKD_vs_HKD	PODO	50	17	13	6.595839336613726	6.368124304260073	0.22771503235365298	0.38414763351554354	-0.38243935430100356	1.2108541336622887	0.37946266507115145	0.19457013574660634	0.2967032967032967
snRNA	DKD_vs_HKD	PT	48	28	22	5.220428747649959	5.359531467573705	-0.1391027199237458	-0.29013976034561817	-1.0969069109680205	0.26207608634426466	0.03921723950837142	-0.34415584415584416	0.3386613386613387
snRNA	DKD_vs_HKD	PT_injured	32	27	21	5.222077341932192	5.311692698246673	-0.08961535631448037	-0.3037428809885146	-0.9161281126438825	0.26222065854230353	0.2124123946896448	-0.21340388007054673	0.3156843156843157
snRNA	DKD_vs_HKD	STROMA	50	27	20	7.006745416958735	6.99038856212421	0.01635685483452498	0.03379927084321519	-0.6284087558931312	0.5962773264083662	0.643646560419968	-0.08148148148148149	0.916083916083916
snRNA	DKD_vs_HKD	TCELL	50	24	16	6.336800250904773	6.5776992757595	-0.24089902485472692	-0.3570557847621297	-0.9162183930047536	0.240886898865546	0.3408577040488102	-0.18229166666666666	0.2917082917082917
snRNA	DKD_vs_REF	BCELL	50	18	13	7.143573280093465	7.45894167502466	-0.3153683949311956	-0.4394783521239056	-0.9891259092814386	0.20733059142638743	0.8570393847600656	-0.042735042735042736	0.24275724275724275
snRNA	DKD_vs_REF	CNT_PC	50	27	52	6.326232305861735	6.316390338174086	0.00984196768764889	0.03487098994693366	-0.4079440853585149	0.4968866836395722	0.889024179456582	0.019943019943019943	0.8761238761238761
snRNA	DKD_vs_REF	DC	50	17	11	6.041274448579188	6.319386374730576	-0.27811192615138847	-0.43153872028247986	-1.0709069551814192	0.28701105743854344	0.6048461261693899	-0.12299465240641712	0.25274725274725274
snRNA	DKD_vs_REF	DCT	50	23	50	7.06983648188726	7.450192377818405	-0.38035589593114505	-1.1071299528048268	-1.8071867765336136	-0.5880792808382427	7.12368979881354e-05	-0.5826086956521739	0.000999000999000999
snRNA	DKD_vs_REF	ENDO	50	19	44	5.981014984816492	6.458111519116841	-0.4770965343003484	-1.3642631619702104	-2.2221266661752215	-0.7567365412143756	1.1053187389672212e-05	-0.7033492822966507	0.000999000999000999
snRNA	DKD_vs_REF	ENDO_PT	50	22	50	6.253411877860002	6.422165233447422	-0.16875335558741966	-0.40246199998165966	-1.0241567156450988	0.084666995940666	0.024883613122371355	-0.33454545454545453	0.0969030969030969
snRNA	DKD_vs_REF	IC	50	26	52	6.717720605379382	6.676834741664569	0.04088586371481284	0.09612933795187056	-0.4058959187738027	0.6246364086322465	0.3063742119413795	0.14349112426035504	0.6913086913086913
snRNA	DKD_vs_REF	LOH	50	28	52	6.374842767495916	6.608334376148468	-0.23349160865255225	-0.591568440166303	-1.1224685939041066	-0.12691623784885822	0.002875475606394828	-0.4065934065934066	0.012987012987012988
snRNA	DKD_vs_REF	MAC	50	25	35	6.29954525565322	6.8151581019772784	-0.5156128463240588	-0.7655108869657914	-1.2228180383271814	-0.3094342991216169	0.07437441986728176	-0.27314285714285713	0.007992007992007992
snRNA	DKD_vs_REF	MES	50	8	9	7.307678194498907	7.3663998332352	-0.058721638736293436	-0.2669995041967581	-1.2129756617977745	0.87800946329784	0.9625668449197862	-0.027777777777777776	0.6143856143856143
snRNA	DKD_vs_REF	NK	3	5	3	7.246742041008718	7.345022199948317	-0.0982801589395983	-0.3007708653142752	-1.9418979920418264	1.966623998171011	0.7857142857142857	-0.2	0.6785714285714286
snRNA	DKD_vs_REF	PEC	50	14	43	6.310562332883669	6.356956667091115	-0.046394334207445986	-0.10656934421793596	-0.8347405394095408	0.5140481711141077	0.8311751721012031	-0.03986710963455149	0.7252747252747253
snRNA	DKD_vs_REF	PERI	50	14	42	6.009981775100019	6.327750197362805	-0.31776842226278657	-0.5239746298536218	-1.3255955397132826	0.04636880114333444	0.07686103950565147	-0.3197278911564626	0.08291708291708291
snRNA	DKD_vs_REF	PODO	50	17	44	6.595839336613726	6.884899686561473	-0.2890603499477473	-0.6446757577697216	-1.3124954929936914	-0.11481866620077734	0.02189217635047241	-0.38235294117647056	0.027972027972027972
snRNA	DKD_vs_REF	PT	48	28	51	5.220428747649959	5.416125406728953	-0.19569665907899392	-0.49322831719154225	-0.9707009969257653	-0.04164572907310708	0.06142237526992596	-0.25630252100840334	0.04195804195804196
snRNA	DKD_vs_REF	PT_injured	32	27	51	5.222077341932192	5.507997840081583	-0.285920498149391	-1.0363443419042615	-1.6356714432730737	-0.5852033770581139	1.1323548489847621e-05	-0.6078431372549019	0.000999000999000999
snRNA	DKD_vs_REF	STROMA	50	27	46	7.006745416958735	7.010796476739567	-0.004051059780832311	-0.008496871968713977	-0.5004328414808421	0.3969384895000133	0.5794514244963075	-0.07890499194847021	0.965034965034965
snRNA	DKD_vs_REF	TCELL	50	24	25	6.336800250904773	6.6230398907199515	-0.28623963981517875	-0.49256011461785343	-0.9956038372547955	0.04301149018034387	0.3843004042073923	-0.14666666666666667	0.1108891108891109
snRNA	DKD_vs_REF_BIOPSY	CNT_PC	50	27	32	6.326232305861735	6.315386049020822	0.010846256840912893	0.040664210573993505	-0.45534285949578873	0.5571896001067047	0.9091514939658668	0.018518518518518517	0.8611388611388612
snRNA	DKD_vs_REF_BIOPSY	DCT	50	23	30	7.06983648188726	7.544104615768155	-0.4742681338808943	-1.6092829576976737	-2.492805791835012	-1.007446647521574	9.702264771806088e-06	-0.7159420289855073	0.000999000999000999
snRNA	DKD_vs_REF_BIOPSY	ENDO	50	19	27	5.981014984816492	6.409033147564377	-0.4280181627478843	-1.131895171678283	-2.071276229206576	-0.49163226702391094	0.00019482959683034365	-0.6530214424951267	0.000999000999000999
snRNA	DKD_vs_REF_BIOPSY	ENDO_PT	50	22	31	6.253411877860002	6.3407927063408405	-0.08738082848083817	-0.21362864739901538	-0.8483005074460176	0.30041259818563576	0.18459159881023923	-0.21700879765395895	0.45254745254745254
snRNA	DKD_vs_REF_BIOPSY	IC	50	26	32	6.717720605379382	6.616697953970702	0.10102265140868028	0.21887516222095676	-0.29451560322718484	0.7887584690832724	0.1762335508126286	0.2091346153846154	0.42357642357642356
snRNA	DKD_vs_REF_BIOPSY	LOH	50	28	32	6.374842767495916	6.589483006385468	-0.21464023888955186	-0.5042319557441918	-1.115539005208049	-0.004039771358507458	0.0047619219743473065	-0.4263392857142857	0.053946053946053944
snRNA	DKD_vs_REF_BIOPSY	MAC	50	25	19	6.29954525565322	6.712309319127069	-0.4127640634738494	-0.5323252784304687	-0.9540033409723877	-0.05603942724663676	0.49200415152742394	-0.12421052631578948	0.07992007992007992
snRNA	DKD_vs_REF_BIOPSY	MES	50	8	4	7.307678194498907	7.324418072082829	-0.016739877583922258	-0.0666019188270427	-1.3714954469177072	1.680145649260744	1.0	0.0	0.9131313131313131
snRNA	DKD_vs_REF_BIOPSY	PEC	50	14	28	6.310562332883669	6.361902632190384	-0.05134029930671513	-0.10895347892582115	-0.8335556424466158	0.5734446849846432	0.8623126629175081	-0.03571428571428571	0.7332667332667333
snRNA	DKD_vs_REF_BIOPSY	PERI	50	14	26	6.009981775100019	6.340598707769074	-0.3306169326690558	-0.5260117818807709	-1.3580040863146956	0.09437667856668638	0.12224644607340915	-0.3021978021978022	0.11588411588411589
snRNA	DKD_vs_REF_BIOPSY	PODO	50	17	25	6.595839336613726	6.9249742343696825	-0.3291348977559565	-0.7403469546966089	-1.5064693523656845	-0.1429072679524129	0.013894127834105258	-0.4541176470588235	0.02097902097902098
snRNA	DKD_vs_REF_BIOPSY	PT	48	28	31	5.220428747649959	5.482279802142483	-0.2618510544925243	-0.7019976693896991	-1.1516312402635356	-0.2418617205013294	0.036872766092109564	-0.31797235023041476	0.006993006993006993
snRNA	DKD_vs_REF_BIOPSY	PT_injured	32	27	31	5.222077341932192	5.518877804435641	-0.29680046250344816	-0.9716558208022646	-1.6488650375730696	-0.44019906779616036	8.017768458240514e-05	-0.6057347670250897	0.000999000999000999
snRNA	DKD_vs_REF_BIOPSY	STROMA	50	27	28	7.006745416958735	6.876043155250877	0.13070226170785748	0.26640681618076006	-0.2718175579740805	0.7733185205901965	0.42388225821043135	0.12698412698412698	0.32867132867132864
snRNA	DKD_vs_REF_BIOPSY	TCELL	50	24	10	6.336800250904773	6.498186014562863	-0.16138576365809065	-0.23994636078483406	-0.7799571674850798	0.3823437156707003	0.9547884191542647	0.016666666666666666	0.5204795204795205
snRNA	DKD_vs_AKI	BCELL	50	18	15	7.143573280093465	6.985819712723156	0.15775356737030855	0.19864320676627542	-0.47003425834081713	0.9979352679411685	0.35655233776726036	0.1925925925925926	0.5634365634365635
snRNA	DKD_vs_AKI	CNT_PC	50	27	24	6.326232305861735	5.752646988358322	0.5735853175034133	1.3424477124499439	0.9124685926728228	1.9948909708997362	6.769779679772048e-06	0.7376543209876543	0.000999000999000999
snRNA	DKD_vs_AKI	DC	50	17	15	6.041274448579188	5.860093962915481	0.18118048566370692	0.28775786424354005	-0.3815873691666027	1.2309739572283975	0.09660086735923616	0.34901960784313724	0.4745254745254745
snRNA	DKD_vs_AKI	DCT	50	23	24	7.06983648188726	6.33588544929914	0.73395103258812	1.0501471877845907	0.5819196452300355	1.709805977135631	0.0006878281664177948	0.5797101449275363	0.000999000999000999
snRNA	DKD_vs_AKI	ENDO	50	19	16	5.981014984816492	6.08281794131476	-0.10180295649826743	-0.25278266261358834	-1.1020035885931734	0.40219026404273733	0.26730257521500267	-0.2236842105263158	0.4515484515484515
snRNA	DKD_vs_AKI	ENDO_PT	50	22	20	6.253411877860002	6.299336870222792	-0.045924992362789574	-0.10460798003583609	-0.8619843053637364	0.480908283929146	0.38492442381623604	-0.1590909090909091	0.7482517482517482
snRNA	DKD_vs_AKI	IC	50	26	23	6.717720605379382	6.408339074550406	0.30938153082897646	0.6321436380804001	0.07683132920761623	1.2878428222058547	0.010044486006284584	0.431438127090301	0.03296703296703297
snRNA	DKD_vs_AKI	LOH	50	28	24	6.374842767495916	5.908284208138787	0.46655855935712864	1.0110091831601222	0.4098718028980085	1.9830342176958884	0.0006186230005695396	0.5565476190476191	0.002997002997002997
snRNA	DKD_vs_AKI	MAC	50	25	23	6.29954525565322	6.362785330255362	-0.06324007460214265	-0.07211606903623095	-0.6150253711639482	0.5701169284387514	0.48288028057020904	0.12	0.8281718281718282
snRNA	DKD_vs_AKI	MES	50	8	3	7.307678194498907	7.055641457286604	0.25203673721230313	0.9814965041244265	-0.1462009521417826	3.2956197623020103	0.13333333333333333	0.6666666666666666	0.1696969696969697
snRNA	DKD_vs_AKI	NK	3	5	3	7.246742041008718	7.322830151457683	-0.07608811044896413	-0.15275609218800232	-3.2136716400957264	1.9855435783310715	0.7857142857142857	-0.2	0.8214285714285714
snRNA	DKD_vs_AKI	PEC	50	14	17	6.310562332883669	6.16049699813387	0.1500653347497991	0.24646735075653334	-0.48174220568897863	0.8323551009907181	0.9209512705693832	0.025210084033613446	0.5334665334665335
snRNA	DKD_vs_AKI	PERI	50	14	11	6.009981775100019	5.830915094753072	0.1790666803469465	0.22865196232112328	-0.7081059811094234	0.9512751388383291	0.9345534081694138	0.025974025974025976	0.6083916083916084
snRNA	DKD_vs_AKI	PODO	50	17	13	6.595839336613726	6.650207581679154	-0.0543682450654277	-0.11522255674638786	-0.8273178652093178	0.665219220948953	0.8342462452573978	-0.049773755656108594	0.7712287712287712
snRNA	DKD_vs_AKI	PT	48	28	25	5.220428747649959	4.612478910117005	0.6079498375329537	1.2336860920756951	0.66341449685967	2.06962378201102	7.928283122019894e-05	0.6342857142857142	0.000999000999000999
snRNA	DKD_vs_AKI	PT_injured	32	27	24	5.222077341932192	5.160244584307655	0.061832757624537216	0.21195083314375948	-0.33419627459219364	0.8574394928476862	0.2307899230885614	0.19753086419753085	0.4915084915084915
snRNA	DKD_vs_AKI	STROMA	50	27	23	7.006745416958735	7.101834876687472	-0.0950894597287375	-0.2719363638513798	-0.7633285816135934	0.27287850544393244	0.44776623469467025	-0.12721417069243157	0.35864135864135865
snRNA	DKD_vs_AKI	TCELL	50	24	19	6.336800250904773	6.42107352633838	-0.08427327543360708	-0.11468686947818883	-0.7545774287818122	0.49461177232141046	0.8736982642463526	-0.03070175438596491	0.7102897102897103
snRNA	OTHER_CKD_vs_REF	BCELL	50	13	13	7.493285209923782	7.45894167502466	0.03434353489912123	0.06915579930821637	-0.6522327602299478	1.0177775289824431	0.8374719604535413	0.05325443786982249	0.8621378621378621
snRNA	OTHER_CKD_vs_REF	CNT_PC	50	25	52	6.280891203943537	6.316390338174086	-0.03549913423054907	-0.11873143248374221	-0.5860709781368694	0.3526832042350467	0.6438382008132897	-0.06615384615384616	0.6363636363636364
snRNA	OTHER_CKD_vs_REF	DC	50	13	11	6.269040666968199	6.319386374730576	-0.05034570776237679	-0.12212530704359414	-1.0125159584681498	0.7698191075093278	0.728126128172033	-0.09090909090909091	0.7792207792207793
snRNA	OTHER_CKD_vs_REF	DCT	50	24	50	7.184637736439338	7.450192377818405	-0.26555464137906704	-0.46800368659561004	-0.857407700301127	0.0566836711289373	0.10227958476823541	-0.23666666666666666	0.04995004995004995
snRNA	OTHER_CKD_vs_REF	ENDO	50	21	44	5.971497941216292	6.458111519116841	-0.48661357790054893	-1.1695309151403093	-1.8328975751927048	-0.6550224869870991	4.0771026171842945e-05	-0.6341991341991342	0.001998001998001998
snRNA	OTHER_CKD_vs_REF	ENDO_PT	50	23	50	6.187702048040595	6.422165233447422	-0.23446318540682665	-0.5030822681733552	-1.0764357780720681	0.008553471030139039	0.032081063247701526	-0.31478260869565217	0.04495504495504495
snRNA	OTHER_CKD_vs_REF	IC	50	24	52	6.850165749080261	6.676834741664569	0.17333100741569218	0.44708562808476754	-0.042621674710241676	0.9806825992152162	0.030593913475663138	0.3108974358974359	0.07492507492507493
snRNA	OTHER_CKD_vs_REF	LOH	50	26	52	6.507316403002714	6.608334376148468	-0.10101797314575389	-0.23373249743121113	-0.7453869468332825	0.3366579124610092	0.738464960232285	-0.047337278106508875	0.34065934065934067
snRNA	OTHER_CKD_vs_REF	MAC	50	21	35	6.389012544958079	6.8151581019772784	-0.42614555701919965	-0.7628556628818797	-1.2405473101503173	-0.29944931324628504	0.023338351376574664	-0.3659863945578231	0.003996003996003996
snRNA	OTHER_CKD_vs_REF	PEC	50	17	43	6.343210676556227	6.356956667091115	-0.013745990534888008	-0.03478459616343881	-0.5798474805841578	0.4767831680741368	0.9607487899045458	-0.009575923392612859	0.8951048951048951
snRNA	OTHER_CKD_vs_REF	PERI	50	20	42	6.004335823647645	6.327750197362805	-0.3234143737151598	-0.5515763567917281	-1.1995561092364306	-0.048166718999198735	0.015654020392875292	-0.38333333333333336	0.052947052947052944
snRNA	OTHER_CKD_vs_REF	PODO	50	17	44	6.41738215190207	6.884899686561473	-0.46751753465940293	-0.9334500104322325	-1.717582811194831	-0.34802759905145453	0.004300456940577422	-0.47593582887700536	0.003996003996003996
snRNA	OTHER_CKD_vs_REF	PT	48	26	51	5.329366333192821	5.416125406728953	-0.08675907353613166	-0.1987764978447635	-0.6460218686819674	0.31724493922475916	0.7670673492195366	-0.042232277526395176	0.42357642357642356
snRNA	OTHER_CKD_vs_REF	PT_injured	32	25	51	5.266448833278439	5.507997840081583	-0.24154900680314473	-0.8655959471433229	-1.431402790080665	-0.37608496455880863	0.0013976972882683428	-0.4541176470588235	0.000999000999000999
snRNA	OTHER_CKD_vs_REF	STROMA	50	24	46	6.981615007051496	7.010796476739567	-0.029181469688071004	-0.05487417116879664	-0.5592484222049319	0.4388900520782232	0.8479127059119779	-0.028985507246376812	0.8151848151848152
snRNA	OTHER_CKD_vs_REF	TCELL	50	20	25	6.349446658628326	6.6230398907199515	-0.2735932320916259	-0.44092722393907374	-0.978720789406849	0.17707817365561365	0.5914210899312922	-0.096	0.15284715284715283
scRNA	DKD_vs_OTHER_CKD	BCELL	50	17	14	7.35948279792742	7.518371855042406	-0.1588890571149859	-0.3663567407554217	-1.0954983183688412	0.3163176906159516	0.31144131894886007	-0.2184873949579832	0.3076923076923077
scRNA	DKD_vs_OTHER_CKD	CNT_PC	50	19	21	6.017379799709167	5.679234017054994	0.3381457826541734	0.8668319812661318	0.4785124190702164	1.6605366982941592	0.001841595484321759	0.5789473684210527	0.002997002997002997
scRNA	DKD_vs_OTHER_CKD	DC	17	12	11	5.084267285099322	5.406497072305669	-0.3222297872063473	-0.6640584262693217	-1.3990992178303412	0.07838270194260408	0.20706115487008614	-0.3181818181818182	0.13886113886113885
scRNA	DKD_vs_OTHER_CKD	DCT	50	13	16	5.863821567074368	6.050696419649016	-0.18687485257464864	-0.34482596145746347	-1.4884243880592467	0.2760459293154335	0.10007631073244982	-0.36538461538461536	0.38161838161838163
scRNA	DKD_vs_OTHER_CKD	ENDO	50	16	16	5.404704210250879	5.755659210565791	-0.35095500031491245	-0.6223282154306529	-1.371327441190299	0.05920426930887836	0.11779641058356675	-0.328125	0.0919080919080919
scRNA	DKD_vs_OTHER_CKD	ENDO_PT	50	18	16	6.222514561985063	6.232987550085587	-0.010472988100524105	-0.03632442416708156	-0.6927266941507593	0.7284137625288347	0.9587239784368091	0.013888888888888888	0.9090909090909091
scRNA	DKD_vs_OTHER_CKD	IC	50	18	21	6.6767426993838965	6.601922848008593	0.07481985137530334	0.22214775780409607	-0.4513343148284957	0.7845386883224389	0.8326621063505325	0.042328042328042326	0.4985014985014985
scRNA	DKD_vs_OTHER_CKD	LOH	50	19	21	5.883492996942145	5.545732142992106	0.33776085395003896	0.6885874358066482	0.17005243228589367	1.2509897858271029	0.09311193395315111	0.3132832080200501	0.024975024975024976
scRNA	DKD_vs_OTHER_CKD	MAC	50	18	19	6.251676809809253	6.123791826321179	0.12788498348807398	0.38160808705783195	-0.21876636675031116	1.0447882289175086	0.3384733959247037	0.1871345029239766	0.2597402597402597
scRNA	DKD_vs_OTHER_CKD	NK	50	10	13	7.173224469527987	7.265328857134733	-0.09210438760674577	-0.21779980809804517	-1.175352803290489	0.5986999273502058	0.43821139060496905	-0.2	0.6013986013986014
scRNA	DKD_vs_OTHER_CKD	PEC	50	9	11	6.059477396872658	5.877240494253508	0.1822369026191497	0.5783153499977375	-0.16284021274575822	1.307592451958735	0.17146020606432733	0.37373737373737376	0.23976023976023977
scRNA	DKD_vs_OTHER_CKD	PERI	50	14	16	5.858532903580946	5.697721322342127	0.16081158123881956	0.23943774710234786	-0.4819423752694436	0.9108395175917257	0.8516077303521719	0.044642857142857144	0.5304695304695305
scRNA	DKD_vs_OTHER_CKD	PT	50	18	18	6.053552255079373	6.08575159334598	-0.032199338266607036	-0.10383626431594438	-0.8885389857054002	0.5167797431169626	0.5166025822370435	-0.12962962962962962	0.7402597402597403
scRNA	DKD_vs_OTHER_CKD	PT_injured	50	19	19	4.907814168444929	4.940209380105782	-0.032395211660852574	-0.06965378281619886	-0.8526433528618229	0.5187829576113518	0.619675216883651	-0.09695290858725762	0.8381618381618382
scRNA	DKD_vs_OTHER_CKD	TCELL	50	19	19	6.702749541538834	6.565374318017837	0.13737522352099685	0.30632706320382125	-0.474778808002978	0.742912225348671	0.8380696618514355	0.04155124653739612	0.4245754245754246
scRNA	DKD_vs_HKD	BCELL	50	17	11	7.35948279792742	7.564907680273738	-0.20542488234631762	-0.4739640468272834	-1.223040870825775	0.2101391895297741	0.22131085782518822	-0.28342245989304815	0.23676323676323677
scRNA	DKD_vs_HKD	CNT_PC	50	19	16	6.017379799709167	5.779363611304721	0.23801618840444672	0.9903769124822597	0.3754616865544456	1.8142188870356477	0.006960364384263973	0.5394736842105263	0.00999000999000999
scRNA	DKD_vs_HKD	DC	17	12	8	5.084267285099322	5.405418436629826	-0.3211511515305041	-0.6311389181897731	-1.2763687805187565	0.15256897311431358	0.3837421608319441	-0.25	0.18181818181818182
scRNA	DKD_vs_HKD	DCT	50	13	12	5.863821567074368	6.055937179607252	-0.19211561253288423	-0.34546278577389977	-1.7195834405281083	0.385038028808331	0.06843074494479838	-0.4358974358974359	0.4245754245754246
scRNA	DKD_vs_HKD	ENDO	50	16	13	5.404704210250879	5.765198567202409	-0.36049435695153065	-0.6379020740424579	-1.368054718919879	0.03371427458968432	0.14181321192727894	-0.3269230769230769	0.0979020979020979
scRNA	DKD_vs_HKD	ENDO_PT	50	18	13	6.222514561985063	6.190453909522606	0.03206065246245693	0.10951684982511485	-0.5632787224512524	0.9055024179095876	0.6452517822669305	0.10256410256410256	0.7632367632367633
scRNA	DKD_vs_HKD	IC	50	18	16	6.6767426993838965	6.623109844515907	0.05363285486798919	0.16836409015814216	-0.5973157038064095	0.838312944046385	0.8494909099222699	0.041666666666666664	0.5914085914085914
scRNA	DKD_vs_HKD	LOH	50	19	16	5.883492996942145	5.58396151096735	0.2995314859747955	0.7129329609385459	0.050565830181913206	1.4462414087583084	0.1318989690905602	0.3026315789473684	0.04895104895104895
scRNA	DKD_vs_HKD	MAC	50	18	14	6.251676809809253	6.116933500335908	0.134743309473345	0.45664385741972796	-0.2882751237453404	1.2342270233428883	0.21698949564336067	0.2619047619047619	0.24175824175824176
scRNA	DKD_vs_HKD	NK	50	10	10	7.173224469527987	7.347166647049865	-0.17394217752187746	-0.44451764004760524	-1.5434721209801523	0.4390310004272609	0.27303633975118835	-0.3	0.3386613386613387
scRNA	DKD_vs_HKD	PEC	50	9	8	6.059477396872658	5.901984674066981	0.15749272280567705	0.47704364126104637	-0.607478935479683	1.3485623654372492	0.4234471410941999	0.25	0.41058941058941056
scRNA	DKD_vs_HKD	PERI	50	14	13	5.858532903580946	5.628698349197803	0.22983455438314326	0.3340322154767718	-0.4827613041693394	1.1009205777382178	0.6447996764288364	0.10989010989010989	0.38961038961038963
scRNA	DKD_vs_HKD	PT	50	18	13	6.053552255079373	6.097509452791987	-0.04395719771261408	-0.13303034142147982	-1.1141538798125679	0.5646368256577682	0.4118417909418871	-0.1794871794871795	0.7292707292707292
scRNA	DKD_vs_HKD	PT_injured	50	19	14	4.907814168444929	4.978637036897115	-0.07082286845218544	-0.1685337518861632	-0.9605031345284576	0.5176290247905234	0.7293080741842375	-0.07518796992481203	0.6543456543456544
scRNA	DKD_vs_HKD	TCELL	50	19	14	6.702749541538834	6.660357043400929	0.04239249813790469	0.16754051665266753	-0.5441544332007914	0.8288829065540554	0.7568498013898342	0.06766917293233082	0.6113886113886113
scRNA	DKD_vs_REF	BCELL	50	17	9	7.35948279792742	6.993005901225715	0.36647689670170536	0.5052187086918632	-0.5265565037724722	1.3604754779574098	0.41883037948611723	0.20261437908496732	0.26673326673326675
scRNA	DKD_vs_REF	CNT_PC	50	19	34	6.017379799709167	5.989194245100784	0.02818555460838379	0.09751828252601928	-0.4807834692780155	0.5980896574342838	0.7879805795214782	0.04643962848297214	0.7442557442557443
scRNA	DKD_vs_REF	DC	17	12	4	5.084267285099322	6.273280512692962	-1.18901322759364	-2.164478858688925	-4.045243285051693	-1.8071221069058865	0.001098901098901099	-1.0	0.002997002997002997
scRNA	DKD_vs_REF	DCT	50	13	26	5.863821567074368	6.348494916010907	-0.48467334893653913	-1.8534020789971206	-2.731810225419593	-1.2758385880097114	4.7697368057007934e-05	-0.8106508875739645	0.000999000999000999
scRNA	DKD_vs_REF	ENDO	50	16	32	5.404704210250879	6.1287926903622365	-0.7240884801113578	-1.6001120442726067	-2.449221242049328	-0.983667910754862	7.20279563771839e-05	-0.7109375	0.000999000999000999
scRNA	DKD_vs_REF	ENDO_PT	50	18	37	6.222514561985063	6.113505583254859	0.10900897873020465	0.3465261412946265	-0.2714209949440818	0.9349452698285833	0.2400348434763585	0.1981981981981982	0.24275724275724275
scRNA	DKD_vs_REF	IC	50	18	32	6.6767426993838965	6.469015860522379	0.20772683886151722	0.6278150020847262	0.19089024400156054	1.1248541262065967	0.04876942302988246	0.3402777777777778	0.03296703296703297
scRNA	DKD_vs_REF	LOH	50	19	35	5.883492996942145	5.946844496805758	-0.06335149986361266	-0.10851490723172749	-1.080358979698658	0.25276496821317324	0.04436980100237911	-0.33533834586466166	0.8101898101898102
scRNA	DKD_vs_REF	MAC	50	18	27	6.251676809809253	6.42363280060466	-0.17195599079540713	-0.4547031449303734	-1.1622385521865708	0.08836639140044786	0.05026303380489703	-0.3497942386831276	0.14185814185814186
scRNA	DKD_vs_REF	NK	50	10	10	7.173224469527987	7.3149421632205245	-0.14171769369253706	-0.4690330208682635	-1.3397403950509643	0.44120681953289215	0.47267559351158717	-0.2	0.33966033966033965
scRNA	DKD_vs_REF	PEC	50	9	14	6.059477396872658	5.9427385593026925	0.11673883756996517	0.42764223088560893	-0.3197668029991319	1.1773852387941097	0.5923389514686113	0.14285714285714285	0.34465534465534464
scRNA	DKD_vs_REF	PERI	50	14	36	5.858532903580946	5.842043710387582	0.016489193193364393	0.014259665969832601	-0.5627212484612281	0.37805569218191193	0.13885585587410618	-0.27380952380952384	0.972027972027972
scRNA	DKD_vs_REF	PT	50	18	31	6.053552255079373	6.474913945357612	-0.4213616902782391	-1.947979530389541	-2.818556345994696	-1.3859691181081863	2.635054954307537e-06	-0.8136200716845878	0.000999000999000999
scRNA	DKD_vs_REF	PT_injured	50	19	34	4.907814168444929	5.212756075991227	-0.304941907546298	-0.9298435141798621	-1.642009751699472	-0.38883092407625564	0.0022807428427145124	-0.5108359133126935	0.003996003996003996
scRNA	DKD_vs_REF	STROMA	50	3	5	4.590618235031559	7.038395777996425	-2.4477775429648663	-2.6983392623577873	-17.640564441180903	-1.611334887782602	0.03571428571428571	-1.0	0.017857142857142856
scRNA	DKD_vs_REF	TCELL	50	19	27	6.702749541538834	6.596049643692982	0.10669989784585177	0.338443487910045	-0.2633456330810564	0.8610037028972202	0.5176543809287216	0.11500974658869395	0.26373626373626374
scRNA	DKD_vs_REF_BIOPSY	BCELL	50	17	6	7.35948279792742	7.307991734993109	0.051491062934310605	0.10146004532073678	-0.9440855668228595	1.2463751893667567	0.7077179113792387	0.11764705882352941	0.8451548451548452
scRNA	DKD_vs_REF_BIOPSY	CNT_PC	50	19	29	6.017379799709167	5.9768966579583624	0.04048314175080492	0.13672937140269406	-0.4330090800657307	0.6861152303027358	0.6732842794292886	0.07441016333938294	0.6473526473526473
scRNA	DKD_vs_REF_BIOPSY	DC	17	12	3	5.084267285099322	6.307815415853175	-1.2235481307538532	-2.149969424956499	-4.016476794316275	-1.7503724355755808	0.004395604395604396	-1.0	0.008791208791208791
scRNA	DKD_vs_REF_BIOPSY	DCT	50	13	21	5.863821567074368	6.3941888773854085	-0.5303673103110409	-2.103969546047444	-3.012230213500797	-1.585870651642472	1.8024206132448617e-05	-0.8901098901098901	0.000999000999000999
scRNA	DKD_vs_REF_BIOPSY	ENDO	50	16	27	5.404704210250879	6.152422196134189	-0.7477179858833107	-1.5805502197527113	-2.4335595562686896	-0.998749877778847	8.416832933763602e-05	-0.7268518518518519	0.000999000999000999
scRNA	DKD_vs_REF_BIOPSY	ENDO_PT	50	18	32	6.222514561985063	6.118814512381826	0.10370004960323698	0.32012510403518135	-0.2868014424133034	0.8767143851206908	0.34730705237963244	0.16319444444444445	0.3126873126873127
scRNA	DKD_vs_REF_BIOPSY	IC	50	18	27	6.6767426993838965	6.437007916294625	0.2397347830892711	0.7103902036301727	0.30807203511255715	1.2499254415281538	0.021152985290899894	0.411522633744856	0.017982017982017984
scRNA	DKD_vs_REF_BIOPSY	LOH	50	19	30	5.883492996942145	5.941846043035822	-0.05835304609367675	-0.09627539901548224	-1.2414631646443575	0.2902149585043251	0.0336889466454754	-0.3649122807017544	0.8771228771228772
scRNA	DKD_vs_REF_BIOPSY	MAC	50	18	22	6.251676809809253	6.404557399027846	-0.1528805892185927	-0.38351473419180077	-1.1562972698619163	0.17448498152323438	0.11800183621086235	-0.29292929292929293	0.26173826173826176
scRNA	DKD_vs_REF_BIOPSY	NK	50	10	5	7.173224469527987	7.341272347200823	-0.16804787767283536	-0.4825536527501195	-1.3320082675945968	0.3796229657629966	0.43956043956043955	-0.28	0.42657342657342656
scRNA	DKD_vs_REF_BIOPSY	PEC	50	9	10	6.059477396872658	5.878377539825318	0.18109985704733944	0.6546576782703561	-0.1788433648265767	1.823092808602281	0.2703441406547801	0.3111111111111111	0.15784215784215785
scRNA	DKD_vs_REF_BIOPSY	PERI	50	14	31	5.858532903580946	5.819143710375026	0.03938919320592049	0.032442383750386314	-0.6649733992916537	0.4132409851890211	0.11379923618039031	-0.2995391705069124	0.9210789210789211
scRNA	DKD_vs_REF_BIOPSY	PT	50	18	26	6.053552255079373	6.4983904118767	-0.44483815679732785	-2.003880322154378	-2.8862858351768543	-1.4476720760888409	2.724684036169371e-06	-0.8418803418803419	0.000999000999000999
scRNA	DKD_vs_REF_BIOPSY	PT_injured	50	19	29	4.907814168444929	5.2442434657821355	-0.3364292973372063	-1.0163319238728168	-1.7848574469417677	-0.4945333655830143	0.0008020788229594907	-0.5789473684210527	0.000999000999000999
scRNA	DKD_vs_REF_BIOPSY	STROMA	50	3	5	4.590618235031559	7.038395777996425	-2.4477775429648663	-2.6983392623577873	-19.537515502381595	-1.6455986628064028	0.03571428571428571	-1.0	0.017857142857142856
scRNA	DKD_vs_REF_BIOPSY	TCELL	50	19	22	6.702749541538834	6.587426736228778	0.1153228053100559	0.35714324797986097	-0.2668228487756127	0.9607190996875267	0.5049759772618353	0.12440191387559808	0.2597402597402597
scRNA	DKD_vs_AKI	BCELL	50	17	9	7.35948279792742	7.2401240621388645	0.11935873578855549	0.2467765648487139	-0.5896240858164087	1.188769240682152	0.8293095167592586	0.058823529411764705	0.5484515484515484
scRNA	DKD_vs_AKI	CNT_PC	50	19	12	6.017379799709167	5.419198004118606	0.5981817955905617	1.6161150821201102	0.8920084950453901	2.884864606511038	0.002516303686452299	0.6578947368421053	0.000999000999000999
scRNA	DKD_vs_AKI	DC	17	12	8	5.084267285099322	5.62327889141264	-0.5390116063133181	-1.00531464623526	-1.7900173302746263	-0.39638567984845846	0.038707628800508063	-0.5625	0.03996003996003996
scRNA	DKD_vs_AKI	DCT	50	13	10	5.863821567074368	5.424497948123156	0.43932361895121197	1.1003690034515201	0.24710497547514537	2.3842756221356143	0.03774789351315313	0.5230769230769231	0.023976023976023976
scRNA	DKD_vs_AKI	ENDO	50	16	11	5.404704210250879	5.233773528692831	0.17093068155804758	0.24291616035436675	-0.549471111309495	1.0568496176400424	0.6043627146664909	0.125	0.5514485514485514
scRNA	DKD_vs_AKI	ENDO_PT	50	18	11	6.222514561985063	6.260304501855102	-0.03778993987003876	-0.11018973996586864	-0.9235422981622645	0.7065416766066848	0.8749979379042403	-0.04040404040404041	0.7702297702297702
scRNA	DKD_vs_AKI	IC	50	18	10	6.6767426993838965	6.464237853330937	0.21250484605295927	0.7373495205630137	-0.0968891280672948	1.710176983571105	0.06490183116483113	0.43333333333333335	0.06593406593406594
scRNA	DKD_vs_AKI	LOH	50	19	11	5.883492996942145	5.469611785217546	0.4138812117245996	1.4235158625068323	0.6559386787934874	2.6419697601125	0.002590603317542745	0.6746411483253588	0.000999000999000999
scRNA	DKD_vs_AKI	MAC	50	18	12	6.251676809809253	6.1396258144571085	0.11205099535214469	0.32781824380746144	-0.6005947344219973	1.097965541615692	0.8158906470894022	0.05555555555555555	0.3786213786213786
scRNA	DKD_vs_AKI	NK	50	10	7	7.173224469527987	7.360580234143662	-0.18735576461567494	-0.4877154565334992	-1.54037693762662	0.47454798548657723	0.36384204031262857	-0.2857142857142857	0.33766233766233766
scRNA	DKD_vs_AKI	PEC	50	9	7	6.059477396872658	5.8669506384405805	0.19252675843207712	1.005795266258347	-0.03557129879677388	3.9054148561654474	0.0548951048951049	0.5873015873015873	0.06893106893106893
scRNA	DKD_vs_AKI	PERI	50	14	9	5.858532903580946	5.559369731493256	0.29916317208768994	0.5665691302794286	-0.29341119981139646	1.5057225873641298	0.29861767444881027	0.2698412698412698	0.21078921078921078
scRNA	DKD_vs_AKI	PT	50	18	12	6.053552255079373	5.316226089162201	0.7373261659171719	1.8217328783991542	1.127583418811922	2.9522485277692443	0.00021208368931475464	0.8148148148148148	0.000999000999000999
scRNA	DKD_vs_AKI	PT_injured	50	19	12	4.907814168444929	4.593954036718069	0.31386013172686056	0.7993729884547999	0.09010074634543286	1.7851393348435567	0.059318672872695516	0.41228070175438597	0.03896103896103896
scRNA	DKD_vs_AKI	TCELL	50	19	12	6.702749541538834	6.645057113363833	0.05769242817500064	0.19933613975673978	-0.5858156972919049	1.0161076365130493	0.6409388115191055	0.10526315789473684	0.5744255744255744
scRNA	OTHER_CKD_vs_REF	BCELL	50	14	9	7.518371855042406	6.993005901225715	0.5253659538166913	0.7282527940104623	-0.15699998981706495	1.6555476932205575	0.13877697142158868	0.38095238095238093	0.0989010989010989
scRNA	OTHER_CKD_vs_REF	CNT_PC	50	21	34	5.679234017054994	5.989194245100784	-0.3099602280457896	-0.8047132688745985	-1.396140314550993	-0.3211823562599125	0.0016648402104567557	-0.5098039215686274	0.001998001998001998
scRNA	OTHER_CKD_vs_REF	DC	17	11	4	5.406497072305669	6.273280512692962	-0.8667834403872927	-3.2949010575976754	-5.392704678733666	-2.609742997906532	0.0014652014652014652	-1.0	0.001998001998001998
scRNA	OTHER_CKD_vs_REF	DCT	50	16	26	6.050696419649016	6.348494916010907	-0.2977984963618905	-0.6727248872669548	-1.3052689242173812	0.0028794487611199745	0.1054930686992843	-0.30288461538461536	0.03596403596403597
scRNA	OTHER_CKD_vs_REF	ENDO	50	16	32	5.755659210565791	6.1287926903622365	-0.3731334797964454	-1.011678060284849	-1.7926913977999437	-0.416904739304984	0.007877890288300736	-0.4765625	0.002997002997002997
scRNA	OTHER_CKD_vs_REF	ENDO_PT	50	16	37	6.232987550085587	6.113505583254859	0.11948196683072876	0.4005525123658645	-0.14951072143399072	0.8780893541580556	0.21142300162618355	0.2195945945945946	0.1878121878121878
scRNA	OTHER_CKD_vs_REF	IC	50	21	32	6.601922848008593	6.469015860522379	0.13290698748621388	0.35371771476175906	-0.235784761562777	0.9211825243806536	0.10362208594390027	0.26785714285714285	0.18681318681318682
scRNA	OTHER_CKD_vs_REF	LOH	50	21	35	5.545732142992106	5.946844496805758	-0.4011123538136516	-0.5937805145708629	-1.6025262121751875	-0.04588771861984519	0.0017421991677122521	-0.5047619047619047	0.03196803196803197
scRNA	OTHER_CKD_vs_REF	MAC	50	19	27	6.123791826321179	6.42363280060466	-0.2998409742834811	-0.7093000016125599	-1.4203937158415278	-0.15602548180008924	0.011704384296715815	-0.442495126705653	0.02197802197802198
scRNA	OTHER_CKD_vs_REF	NK	50	13	10	7.265328857134733	7.3149421632205245	-0.04961330608579129	-0.14840463269786275	-0.7831624046116655	1.0016254172824208	0.5980910784890172	0.13846153846153847	0.7142857142857143
scRNA	OTHER_CKD_vs_REF	PEC	50	11	14	5.877240494253508	5.9427385593026925	-0.06549806504918454	-0.18254376070829942	-0.9500130647114053	0.6712843933021486	0.56541212831726	-0.14285714285714285	0.6803196803196803
scRNA	OTHER_CKD_vs_REF	PERI	50	16	36	5.697721322342127	5.842043710387582	-0.14432238804545516	-0.12149631144888179	-0.8821945897470856	0.2785352830515643	0.12440662080137604	-0.2708333333333333	0.7272727272727273
scRNA	OTHER_CKD_vs_REF	PT	50	18	31	6.08575159334598	6.474913945357612	-0.3891623520116321	-1.6304643208004332	-2.483533216785129	-1.2077194800951723	4.354636100083719e-06	-0.7956989247311828	0.000999000999000999
scRNA	OTHER_CKD_vs_REF	PT_injured	50	19	34	4.940209380105782	5.212756075991227	-0.27254669588544544	-0.6628408165312558	-1.2517955039747348	-0.0814807864982503	0.025421739956593477	-0.3746130030959752	0.023976023976023976
scRNA	OTHER_CKD_vs_REF	TCELL	50	19	27	6.565374318017837	6.596049643692982	-0.030675325675145082	-0.06662777595534594	-0.5968638337105971	0.7219230613094635	0.8061462310467044	0.04483430799220273	0.8301698301698301
