reference	compartment	unit	cell_type	mean_theta	rho_all	p_all	n_patients	rho_patients	p_patients
scRNA	GLOM	ERCB_GLOM_H1	BPL	0.04535242136074621	0.2724543472386234	0.0008079565111420042	118	0.42475138686504593	1.6359011312549767e-06
scRNA	GLOM	ERCB_GLOM_H1	DIST	0.10226475261964717	-0.5457527106616273	7.326914074959365e-13	118	-0.5027883382818578	6.555106194744335e-09
scRNA	GLOM	ERCB_GLOM_H1	EC	0.15343381920558266	0.4603219847706905	3.946698035338401e-09	118	0.2100329049481592	0.022443368161518155
scRNA	GLOM	ERCB_GLOM_H1	FIB	0.03977750077728016	0.33537057122867286	3.090566403079149e-05	118	0.40052370361443146	6.986466409831735e-06
scRNA	GLOM	ERCB_GLOM_H1	MES_VSMC	0.05742816757374158	0.3636080951517194	5.560552450018702e-06	118	0.07209507010105216	0.43785148488397496
scRNA	GLOM	ERCB_GLOM_H1	MYE	0.10104310500923046	0.7447295261293344	2.003966258087783e-27	118	0.7238248624091096	2.0472263223034083e-20
scRNA	GLOM	ERCB_GLOM_H1	PEC	0.04120721832769257	0.36823595226469114	4.131529293532591e-06	118	0.4448952991448554	4.476563042646506e-07
scRNA	GLOM	ERCB_GLOM_H1	PODO	0.3215438011596506	-0.21362123663178315	0.009135441002517168	118	-0.14535514336112543	0.11629751196131094
scRNA	GLOM	ERCB_GLOM_H1	PT	0.12453176928676177	-0.8345691260360484	1.2396104185650143e-39	118	-0.8092900784825012	1.4317890416758373e-28
scRNA	GLOM	ERCB_GLOM_H1	TNK	0.013417444679666417	0.6349111747002448	4.489845882145778e-18	118	0.577501926455067	7.589938112138423e-12
snRNA	GLOM	ERCB_GLOM_H1	BPL	0.010155521592192969	-0.2551234211859591	0.0017519571039489813	118	-0.01152993510843497	0.9013802145763027
snRNA	GLOM	ERCB_GLOM_H1	DIST	0.08517110586807923	-0.2628777250062006	0.0012470468384459905	118	-0.14978872905094243	0.10545832745906931
snRNA	GLOM	ERCB_GLOM_H1	EC	0.2274315430241191	0.45051214753995206	9.171950268208369e-09	118	0.22692727677772542	0.01346800023653877
snRNA	GLOM	ERCB_GLOM_H1	FIB	0.07428246796654185	0.47887553352558154	7.433097701745099e-10	118	0.372052341145063	3.347543727112831e-05
snRNA	GLOM	ERCB_GLOM_H1	MES_VSMC	0.05234994651490934	0.1511011079563333	0.06677607868741223	118	0.06698950766747377	0.4710596036850033
snRNA	GLOM	ERCB_GLOM_H1	MYE	0.11668120942685213	0.7533695865431245	2.3012885786715643e-28	118	0.7172438727772725	6.484134574630517e-20
snRNA	GLOM	ERCB_GLOM_H1	PEC	0.0029630036115840634	-0.16229434699657722	0.048753539411593286	118	-0.06040558551861604	0.5158335252945814
snRNA	GLOM	ERCB_GLOM_H1	PODO	0.3568140919839368	-0.31309298615147135	0.00010683519301016563	118	-0.230564716108086	0.012009950563280924
snRNA	GLOM	ERCB_GLOM_H1	PT	0.0641716505659809	-0.8137687878081341	3.143007729968363e-36	118	-0.7550444542791199	5.29471246966724e-23
snRNA	GLOM	ERCB_GLOM_H1	TNK	0.009979459445803116	0.019071804306703636	0.8180356930883735	118	0.04352145030111132	0.6398181142637542
scRNA	GLOM	ERCB_GLOM_H7	BPL	0.04181423827290376	0.5915317994926078	6.955799712939967e-08	51	0.4409049773755656	0.0012025133836648947
scRNA	GLOM	ERCB_GLOM_H7	DIST	0.10046626366124357	-0.509754177237337	6.567757040665098e-06	51	-0.37800904977375566	0.006240185869041555
scRNA	GLOM	ERCB_GLOM_H7	EC	0.152526139871544	0.37737730732219404	0.001279740744522645	51	0.4033484162895927	0.0033368577506317837
scRNA	GLOM	ERCB_GLOM_H7	FIB	0.04148820205063474	0.4173038229376258	0.00032563613371959174	51	0.4920361990950226	0.0002452317245362271
scRNA	GLOM	ERCB_GLOM_H7	MES_VSMC	0.05868834406976299	0.5221415449217041	3.553871557933923e-06	51	0.15149321266968327	0.2886005549102223
scRNA	GLOM	ERCB_GLOM_H7	MYE	0.08894493934168418	0.5433470387542647	1.1720818457600817e-06	51	0.7272398190045248	1.5046316706005025e-09
scRNA	GLOM	ERCB_GLOM_H7	PEC	0.042789391735652514	0.38633420970253796	0.0009553250408369566	51	0.42664494699130673	0.0017961144555742505
scRNA	GLOM	ERCB_GLOM_H7	PODO	0.32743681705338273	-0.21690140845070421	0.07129567970187012	51	-0.26986425339366515	0.05547499854074539
scRNA	GLOM	ERCB_GLOM_H7	PT	0.13366080700947627	-0.8068760388417461	3.372950229052608e-17	51	-0.7545701357466063	1.6073287835616103e-10
scRNA	GLOM	ERCB_GLOM_H7	TNK	0.012184856933714837	0.24136121074271716	0.04412746001211723	51	0.4413574660633484	0.001186962801769531
snRNA	GLOM	ERCB_GLOM_H7	BPL	0.009658207200864573	-0.18530312308634414	0.1245933519546595	51	-0.11294117647058824	0.43005630696252695
snRNA	GLOM	ERCB_GLOM_H7	DIST	0.09277150664615827	-0.1389729682442481	0.25122730714346514	51	-0.06316742081447964	0.659674645582029
snRNA	GLOM	ERCB_GLOM_H7	EC	0.21102521909302477	0.2694952322631441	0.024065761392833458	51	0.2457918552036199	0.08211041125422676
snRNA	GLOM	ERCB_GLOM_H7	FIB	0.08186784576577989	0.5438369346513866	1.1413956652333976e-06	51	0.4910407239819004	0.0002535559329988872
snRNA	GLOM	ERCB_GLOM_H7	MES_VSMC	0.04967451972047144	0.23345289126060711	0.0517743126989057	51	-0.027601809954751134	0.8475337240206595
snRNA	GLOM	ERCB_GLOM_H7	MYE	0.11358082240966298	0.7734581401452192	4.231923964977197e-15	51	0.753212669683258	1.8083795819964745e-10
snRNA	GLOM	ERCB_GLOM_H7	PEC	0.0033431965520700985	-0.05858606475211007	0.6299803195339982	51	-0.08884737478484846	0.5352608969052235
snRNA	GLOM	ERCB_GLOM_H7	PODO	0.3566355957301647	-0.35536698451579035	0.002537114656205244	51	-0.2878733031674208	0.04051627154079729
snRNA	GLOM	ERCB_GLOM_H7	PT	0.0717895572820136	-0.7919103625403566	3.2739037034745296e-16	51	-0.7259881952149574	1.6562550636691845e-09
snRNA	GLOM	ERCB_GLOM_H7	TNK	0.009653529599789159	0.11272854518414838	0.35281721602059446	51	-0.09221719457013573	0.5198286324392104
scRNA	GLOM	GSE108109-GPL19983	BPL	0.008863963983009154	0.25739733239733237	0.006386194980281817	105	0.19613311217084803	0.04493852904587608
scRNA	GLOM	GSE108109-GPL19983	DIST	0.0805144393249975	-0.35197437697437695	0.00015170036642121358	105	-0.2669500311009745	0.0059083815136036855
scRNA	GLOM	GSE108109-GPL19983	EC	0.20734248586909695	0.4437521937521937	1.0711212287062895e-06	105	0.36011818370308935	0.00016106392418682372
scRNA	GLOM	GSE108109-GPL19983	FIB	0.01983487155174573	0.5183748683748683	5.627528811738938e-09	105	0.535610615799295	3.924535294835592e-09
scRNA	GLOM	GSE108109-GPL19983	MES_VSMC	0.07721213168298298	0.28821516321516316	0.002158353565919752	105	0.24386274103255234	0.01217930077522174
scRNA	GLOM	GSE108109-GPL19983	MYE	0.06594621262089408	0.6810196560196561	1.9656600228764595e-16	105	0.682345013477089	1.0994610724632067e-15
scRNA	GLOM	GSE108109-GPL19983	PEC	0.05048398498075381	0.3512142685617986	0.00015712830435215568	105	0.3453386207520221	0.0003086023642401278
scRNA	GLOM	GSE108109-GPL19983	PODO	0.35888119828906406	-0.1465163215163215	0.12491540373196083	105	-0.24587393738337132	0.011463686567725789
scRNA	GLOM	GSE108109-GPL19983	PT	0.11585162798005334	-0.7711477711477711	4.1505644550668586e-23	105	-0.7357142857142857	3.928653073697109e-19
scRNA	GLOM	GSE108109-GPL19983	TNK	0.015069083717401992	0.4586784836784837	4.132406299940159e-07	105	0.4445573294629898	2.02471209148937e-06
snRNA	GLOM	GSE108109-GPL19983	BPL	0.0021431957312022824	-0.08753024982970936	0.3609774864830323	105	-0.1279393804718809	0.1933791068593295
snRNA	GLOM	GSE108109-GPL19983	DIST	0.039829129777462585	-0.12070141154756577	0.20698761145112915	105	-0.03959498332289471	0.6883992021616707
snRNA	GLOM	GSE108109-GPL19983	EC	0.2540558845750825	0.34393646893646895	0.00021902742646724628	105	0.2595479991706407	0.007501434168017479
snRNA	GLOM	GSE108109-GPL19983	FIB	0.05160861112769624	0.34808704808704805	0.00018141126614322687	105	0.4033485382541986	1.9871935222513693e-05
snRNA	GLOM	GSE108109-GPL19983	MES_VSMC	0.0695658844034413	0.2512460512460512	0.007816724008443791	105	0.14401824590503834	0.14272041655295079
snRNA	GLOM	GSE108109-GPL19983	MYE	0.07314484734961936	0.730036855036855	9.899928587867914e-20	105	0.7141302094132282	1.2098254184586898e-17
snRNA	GLOM	GSE108109-GPL19983	PEC	0.003707489994872764	-0.08454577068235329	0.377645585386994	105	-9.867987885489128e-05	0.9992028627316885
snRNA	GLOM	GSE108109-GPL19983	PODO	0.447221349453318	-0.18964548964548963	0.04620109254733093	105	-0.3004250466514617	0.0018466123610218848
snRNA	GLOM	GSE108109-GPL19983	PT	0.04803693501448721	-0.738512421336531	2.246169879408352e-20	105	-0.6909087275933348	3.453694781802567e-16
snRNA	GLOM	GSE108109-GPL19983	TNK	0.010686672572817293	0.37133204633204636	6.0110124714717136e-05	105	0.3106054323035455	0.0012605527741309998
scRNA	GLOM	GSE93798-GPL22945	BPL	0.006702304536816715	0.22502228344542585	0.1519290924913146	20	0.26165413533834586	0.265124109510353
scRNA	GLOM	GSE93798-GPL22945	DIST	0.08053063554337048	-0.29406044891013694	0.05872482967337883	20	-0.5172932330827067	0.019500547061355036
scRNA	GLOM	GSE93798-GPL22945	EC	0.17927914815253845	0.6870593955108988	5.036583945978031e-07	20	-0.26766917293233083	0.2538915426582106
scRNA	GLOM	GSE93798-GPL22945	FIB	0.019042152512630545	0.4355400696864111	0.003940298447741404	20	0.23458646616541348	0.3194764651496698
scRNA	GLOM	GSE93798-GPL22945	MES_VSMC	0.06891661146338912	0.7958026091888826	3.004436916834324e-10	20	0.19097744360902258	0.41992697220250474
scRNA	GLOM	GSE93798-GPL22945	MYE	0.05585052440643395	0.5956567539097318	3.160955718982781e-05	20	0.20300751879699244	0.39066623935419653
scRNA	GLOM	GSE93798-GPL22945	PEC	0.0159811867191139	0.11131051162292874	0.48281011283537256	20	0.17469899329897792	0.4613256828670438
scRNA	GLOM	GSE93798-GPL22945	PODO	0.45791444842646406	-0.239445749939227	0.12669406439307618	20	0.2300751879699248	0.3291382464700846
scRNA	GLOM	GSE93798-GPL22945	PT	0.10422398989601515	-0.9155659995138159	2.0456069439749647e-17	20	-0.724812030075188	0.000300230546177394
scRNA	GLOM	GSE93798-GPL22945	TNK	0.011558998343227142	0.5170569645895795	0.0004546991108268163	20	0.3789473684210526	0.09941288322147498
snRNA	GLOM	GSE93798-GPL22945	BPL	0.0014284724918371284	-0.3805851192744132	0.01290431002965951	20	-0.19342584618394842	0.4138784263071946
snRNA	GLOM	GSE93798-GPL22945	DIST	0.020489395537364914	-0.46284140327586476	0.0020259351832770164	20	-0.3629522188366697	0.11575456175865972
snRNA	GLOM	GSE93798-GPL22945	EC	0.2436366735851119	0.6146179401993356	1.489835071185077e-05	20	-0.5909774436090225	0.006070153699275827
snRNA	GLOM	GSE93798-GPL22945	FIB	0.06764004720988331	0.7995300218782918	2.1570968277353754e-10	20	0.31127819548872177	0.1815757703703732
snRNA	GLOM	GSE93798-GPL22945	MES_VSMC	0.06712740039011249	0.32533830321691926	0.035520385972921543	20	0.33082706766917286	0.15423604448098624
snRNA	GLOM	GSE93798-GPL22945	MYE	0.06718838971747922	0.5488210031601978	0.0001676202973958068	20	0.12030075187969923	0.6134176645307821
snRNA	GLOM	GSE93798-GPL22945	PEC	0.001950812197354189	-0.25725833908174084	0.10002670373365065	20	-0.05162484236619881	0.828870036516102
snRNA	GLOM	GSE93798-GPL22945	PODO	0.47890725826345715	-0.3851389676687465	0.011780268535430264	20	0.12330827067669171	0.6045088306268851
snRNA	GLOM	GSE93798-GPL22945	PT	0.04424584473979848	-0.8758044307176762	3.1519076044321175e-14	20	-0.3289739610678142	0.15669707070346883
snRNA	GLOM	GSE93798-GPL22945	TNK	0.007385705867600907	0.5232152985981687	0.0003775784441177038	20	0.16541353383458643	0.4858377042773383
scRNA	GLOM	GSE30528-GPL571CEL	BPL	0.010431702818002877	0.3325804630152457	0.13045381101860304	9		
scRNA	GLOM	GSE30528-GPL571CEL	DIST	0.1902341520889834	0.4692264257481649	0.027590167740837664	9		
scRNA	GLOM	GSE30528-GPL571CEL	EC	0.08830785146482213	0.4195369847543761	0.051931713056619436	9		
scRNA	GLOM	GSE30528-GPL571CEL	FIB	0.032484643352817026	0.4285714285714286	0.0465837977402328	9		
scRNA	GLOM	GSE30528-GPL571CEL	MES_VSMC	0.037511717983223496	0.4387351778656127	0.04108923308923487	9		
scRNA	GLOM	GSE30528-GPL571CEL	MYE	0.067577397580346	0.5595708639186902	0.006772388900075748	9		
scRNA	GLOM	GSE30528-GPL571CEL	PEC	0.030544883298995188	0.20722755505364204	0.35478551222580323	9		
scRNA	GLOM	GSE30528-GPL571CEL	PODO	0.19072160268066735	-0.3325804630152457	0.13045381101860304	9		
scRNA	GLOM	GSE30528-GPL571CEL	PT	0.3361374036346751	-0.5640880858272164	0.006248242039302994	9		
scRNA	GLOM	GSE30528-GPL571CEL	TNK	0.01604864509746711	0.5053642010163749	0.016432200785230888	9		
snRNA	GLOM	GSE30528-GPL571CEL	BPL	0.018727353263233784	0.700931968080693	0.00027943656406263084	9		
snRNA	GLOM	GSE30528-GPL571CEL	DIST	0.13849688888890055	0.27724449463579903	0.2116105135266433	9		
snRNA	GLOM	GSE30528-GPL571CEL	EC	0.08890520016338734	0.17786561264822137	0.4284124752380798	9		
snRNA	GLOM	GSE30528-GPL571CEL	FIB	0.048582032094175845	0.6555618294748731	0.0009260748144964938	9		
snRNA	GLOM	GSE30528-GPL571CEL	MES_VSMC	0.03286398750879156	-0.014116318464144554	0.9502846499817856	9		
snRNA	GLOM	GSE30528-GPL571CEL	MYE	0.061558722558289175	0.5110107284020329	0.01507960401252194	9		
snRNA	GLOM	GSE30528-GPL571CEL	PEC	0.003341125770574417	0.2587961777514644	0.24484897637005193	9		
snRNA	GLOM	GSE30528-GPL571CEL	PODO	0.30109606968277464	-0.2806324110671937	0.20585133458672233	9		
snRNA	GLOM	GSE30528-GPL571CEL	PT	0.2942517032449311	-0.5505364201016375	0.007930212992748577	9		
snRNA	GLOM	GSE30528-GPL571CEL	TNK	0.012176916824941155	0.7323546019198194	0.00010653335832204869	9		
scRNA	GLOM	GSE96804-GPL17586	BPL	0.0012791677664215656	0.446942624300326	0.00030511549842688766	41	0.0424381289427228	0.7922024453213141
scRNA	GLOM	GSE96804-GPL17586	DIST	0.054582580159372604	-0.1218931782125859	0.34936752103061974	41	-0.0750871080139373	0.6407982111921012
scRNA	GLOM	GSE96804-GPL17586	EC	0.2197709618438638	0.1403490216816499	0.28066158662496327	41	-0.06602787456445994	0.6816900240892849
scRNA	GLOM	GSE96804-GPL17586	FIB	0.01816782961531825	0.60844450480308	1.9744540856875552e-07	41	0.45766683654294593	0.0026240582445304283
scRNA	GLOM	GSE96804-GPL17586	MES_VSMC	0.04586668315837684	0.6806980433632998	1.5838471452313418e-09	41	0.6534843205574915	3.6185865005972587e-06
scRNA	GLOM	GSE96804-GPL17586	MYE	0.06436447951615837	0.6087784241142252	1.9362278006798181e-07	41	0.8313588850174218	1.694683437128676e-11
scRNA	GLOM	GSE96804-GPL17586	PEC	0.044301256291420885	0.6805019037116544	1.6076909091489629e-09	41	0.6886776205788068	6.446167083722107e-07
scRNA	GLOM	GSE96804-GPL17586	PODO	0.3917367181372642	-0.23294553146483338	0.07081416694336286	41	-0.34407665505226487	0.027610463534644556
scRNA	GLOM	GSE96804-GPL17586	PT	0.1536227564981524	-0.8240613432046534	3.4216162443535104e-16	41	-0.8101045296167249	1.3994249654446308e-10
scRNA	GLOM	GSE96804-GPL17586	TNK	0.006307567013650653	0.4253833950290851	0.0006319750901539183	41	0.48571428571428577	0.0012853190899022862
snRNA	GLOM	GSE96804-GPL17586	BPL	0.0013137077625979107	0.14149843820315322	0.27670135039620447	41	-0.23440679037034878	0.14016951950399045
snRNA	GLOM	GSE96804-GPL17586	DIST	0.030034584507788047	0.4982516227123778	4.384050539501898e-05	41	0.48480510405756355	0.0013166571456453362
snRNA	GLOM	GSE96804-GPL17586	EC	0.33530080470655765	0.10766790058170278	0.4088487447601148	41	-0.13710801393728225	0.3926524443824799
snRNA	GLOM	GSE96804-GPL17586	FIB	0.055999994313872904	0.6599745399591892	7.226548567437327e-09	41	0.5883858753345669	5.211759546771614e-05
snRNA	GLOM	GSE96804-GPL17586	MES_VSMC	0.0181425535864246	0.4360357664752453	0.00044367122296934316	41	0.3543852437447368	0.023005834446827914
snRNA	GLOM	GSE96804-GPL17586	MYE	0.05470963418606939	0.5836594394500263	7.932644734592173e-07	41	0.7648083623693381	5.836729234681886e-09
snRNA	GLOM	GSE96804-GPL17586	PEC	0.0036368282070565376	0.40738412024933957	0.0011198538861866053	41	0.32811004259465737	0.03623085082586484
snRNA	GLOM	GSE96804-GPL17586	PODO	0.4414832660043832	-0.4120042305658381	0.0009698157981046315	41	-0.4623693379790942	0.0023377603849139036
snRNA	GLOM	GSE96804-GPL17586	PT	0.05826414728841189	-0.7388737543082267	1.0601398119442748e-11	41	-0.7017969992550914	3.182498384932639e-07
snRNA	GLOM	GSE96804-GPL17586	TNK	0.0011144794368376384	-0.1057271742509909	0.4173949203854561	41	-0.11489249019608086	0.47442739555167623
scRNA	TUB	ERCB_TUB_H1	BPL	0.017011249401796897	0.3386727515886028	2.718945042174398e-05	124	0.6497372147915027	3.241878724972713e-16
scRNA	TUB	ERCB_TUB_H1	CNT	0.011559502994248886	-0.5823245569713711	1.0221461475411191e-14	124	-0.5225688789445949	4.803949539292593e-10
scRNA	TUB	ERCB_TUB_H1	DCT	0.02253919684251789	-0.5649721569486736	9.049102567572807e-14	124	-0.47969158143194324	1.730755663864577e-08
scRNA	TUB	ERCB_TUB_H1	DTL_ATL	0.05204432337737346	0.8171954453754846	1.6121335576351974e-36	124	0.7745145554681352	5.019001499756545e-26
scRNA	TUB	ERCB_TUB_H1	EC	0.04906745815527576	0.46318068138029	3.4767771984091935e-09	124	0.48475216365066875	1.1627402043464858e-08
scRNA	TUB	ERCB_TUB_H1	FIB	0.04941370467280045	0.8495152966777233	4.1696493342951334e-42	124	0.8417938630999212	1.8346828853082427e-34
scRNA	TUB	ERCB_TUB_H1	GLOM	0.04886271644413924	-0.1744176382141157	0.03461172784630399	124	-0.12270023603461838	0.17458107850748886
scRNA	TUB	ERCB_TUB_H1	IC	0.03795402183052926	0.11561855397471836	0.1631622080260696	124	0.029224232887490157	0.7473009674521676
scRNA	TUB	ERCB_TUB_H1	MYE	0.09780145983694434	0.7006928650764266	5.13845455826786e-23	124	0.835518489378442	1.6100486907041926e-33
scRNA	TUB	ERCB_TUB_H1	PC	0.02331353081926743	0.7543615743224354	2.72794401828845e-28	124	0.7268670338316285	1.2160632206172356e-21
scRNA	TUB	ERCB_TUB_H1	PT	0.5021630643935806	-0.7273345472954085	1.7748330777632362e-25	124	-0.7784169944925255	1.9687097481844033e-26
scRNA	TUB	ERCB_TUB_H1	TAL	0.045878752263189417	0.10340463471578933	0.21263380762260572	124	-0.06148229740361919	0.4975521977237629
scRNA	TUB	ERCB_TUB_H1	TNK	0.02106141539669639	0.18839583223144868	0.022302213917079504	124	0.4146152635719905	1.6888331049443435e-06
scRNA	TUB	ERCB_TUB_H1	VSMC	0.021329603571639436	0.022882681395401554	0.7832353027657581	124	0.12241699449252554	0.17558573042484368
snRNA	TUB	ERCB_TUB_H1	BPL	0.008473587451505294	-0.10153080113941171	0.22108371528621626	124	0.11309520062942563	0.21106693424539494
snRNA	TUB	ERCB_TUB_H1	CNT	0.0028883853617747033	-0.11792347448602866	0.1548785550363185	124	-0.18337330954680606	0.041490102247183545
snRNA	TUB	ERCB_TUB_H1	DCT	0.0016761027452083456	-0.34987444350146163	1.3998228602276208e-05	124	-0.300356869573325	0.0007005351519595811
snRNA	TUB	ERCB_TUB_H1	DTL_ATL	0.024128112655920766	0.7601954767186945	6.029405875689295e-29	124	0.8005409981385917	6.655815212623221e-29
snRNA	TUB	ERCB_TUB_H1	EC	0.029995307976419836	0.1932882001375152	0.01899374620579024	124	0.2787159716758458	0.0017210356968954512
snRNA	TUB	ERCB_TUB_H1	FIB	0.0731226761931281	0.8627416905303402	8.7344438170739e-45	124	0.8597450826121165	2.0938017017331447e-37
snRNA	TUB	ERCB_TUB_H1	GLOM	0.011975301778359431	-0.2174913490478192	0.008140522694640356	124	-0.17297365664657866	0.05471241955852141
snRNA	TUB	ERCB_TUB_H1	IC	0.061327643636676574	0.27979810954370643	0.0005986454972434927	124	0.18683241542092838	0.03773337230737087
snRNA	TUB	ERCB_TUB_H1	MYE	0.09940665786149623	0.7705838351630915	3.676004312956361e-30	124	0.8697466561762391	3.149396785399866e-39
snRNA	TUB	ERCB_TUB_H1	PC	0.0033817722359936824	0.5028882234188196	8.527190415733237e-11	124	0.482525128894044	1.386283376964942e-08
snRNA	TUB	ERCB_TUB_H1	PT	0.6362117933134323	-0.7917249091417389	7.648380116352393e-33	124	-0.8420015735641226	1.7046661268460608e-34
snRNA	TUB	ERCB_TUB_H1	TAL	0.00610470554988996	0.08464332333813315	0.3080532533121023	124	0.010744280854238442	0.905723036350571
snRNA	TUB	ERCB_TUB_H1	TNK	0.011350977689041832	-0.18898518311434165	0.021879047880427754	124	-0.06499449252557042	0.47326493809402737
snRNA	TUB	ERCB_TUB_H1	VSMC	0.029956975551152527	0.12366168237009723	0.13563293518233033	124	0.18041856805664827	0.04494214701727513
scRNA	TUB	ERCB_TUB_H7	BPL	0.01502098824645737	0.7638788552375663	1.2554774111870216e-12	39	0.8232793522267207	1.2439639204775553e-10
scRNA	TUB	ERCB_TUB_H7	CNT	0.011722690189724876	-0.6387140694429877	3.993628295267416e-08	39	-0.594665722711067	6.54775898277018e-05
scRNA	TUB	ERCB_TUB_H7	DCT	0.02345880489765627	-0.5923312031119757	6.182405623498609e-07	39	-0.2222672064777328	0.17383640050581806
scRNA	TUB	ERCB_TUB_H7	DTL_ATL	0.05206559225047324	0.8134481800500141	2.845975735065003e-15	39	0.7277327935222673	1.5284651655148688e-07
scRNA	TUB	ERCB_TUB_H7	EC	0.045986382292168206	0.7421505973881635	1.1567604345534513e-11	39	0.7524291497975708	3.3193993571937485e-08
scRNA	TUB	ERCB_TUB_H7	FIB	0.04894053997385211	0.7052514587385386	3.154523620519645e-10	39	0.8273279352226721	8.403177955581418e-11
scRNA	TUB	ERCB_TUB_H7	GLOM	0.04742776578042001	-0.4996943595443179	4.8079782483604446e-05	39	0.15222672064777326	0.3548968018788191
scRNA	TUB	ERCB_TUB_H7	IC	0.03618856742643016	0.06935259794387331	0.5985151565456732	39	0.21315789473684213	0.19261109453349887
scRNA	TUB	ERCB_TUB_H7	MYE	0.09356041488137275	0.7628785773826064	1.3977977213482313e-12	39	0.8473684210526317	1.0261730028510585e-11
scRNA	TUB	ERCB_TUB_H7	PC	0.0212735587691134	0.740928035565435	1.3021218757232785e-11	39	0.7921052631578949	1.892613024050844e-09
scRNA	TUB	ERCB_TUB_H7	PT	0.5163700476986312	-0.6461239233120313	2.4691560540644066e-08	39	-0.8939271255060729	1.8439343364671186e-14
scRNA	TUB	ERCB_TUB_H7	TAL	0.04824899798007303	-0.06863017504862463	0.6023394801599651	39	-0.059919028340080976	0.7170938775752944
scRNA	TUB	ERCB_TUB_H7	TNK	0.019464005643345723	0.5345373714920812	1.0859851105233193e-05	39	0.6880566801619433	1.2962737031448426e-06
scRNA	TUB	ERCB_TUB_H7	VSMC	0.02027164397028104	-0.025507085301472634	0.8466048193208755	39	-0.009514170040485829	0.9541595904607778
snRNA	TUB	ERCB_TUB_H7	BPL	0.007461268575172064	0.6165045846068353	1.5670301142226753e-07	39	0.5783400809716599	0.00011515307767490627
snRNA	TUB	ERCB_TUB_H7	CNT	0.0017022356180126394	-0.03333286286975919	0.8003964319872887	39	-0.15947933486307675	0.33216115701130433
snRNA	TUB	ERCB_TUB_H7	DCT	0.0014156074649471025	-0.38907812087874794	0.002123188918948141	39	-0.044469402986527365	0.7880768265331769
snRNA	TUB	ERCB_TUB_H7	DTL_ATL	0.0326017367178496	0.8184434656395969	1.3947771789517826e-15	39	0.7646339313095517	1.4595779450007056e-08
snRNA	TUB	ERCB_TUB_H7	EC	0.025393780884396488	0.4245623784384552	0.0007223795650214204	39	0.6095141700404859	3.812965786494777e-05
snRNA	TUB	ERCB_TUB_H7	FIB	0.06898784709958776	0.7549874965268131	3.2027000655800604e-12	39	0.8522267206477734	5.889941755796113e-12
snRNA	TUB	ERCB_TUB_H7	GLOM	0.012797097524640566	-0.5641207811549002	2.679687016261367e-06	39	0.0568210097744776	0.7311623543829375
snRNA	TUB	ERCB_TUB_H7	IC	0.06451837277153206	0.2601833842734093	0.044675187986733395	39	0.3633603238866397	0.02298442728759216
snRNA	TUB	ERCB_TUB_H7	MYE	0.0954071168557885	0.7959433175882191	2.95554722075707e-14	39	0.8736842105263157	3.9084992957614314e-13
snRNA	TUB	ERCB_TUB_H7	PC	0.0027385005850302214	0.5400755671764901	8.44120340676499e-06	39	0.6175106330642335	2.817285301522863e-05
snRNA	TUB	ERCB_TUB_H7	PT	0.6449897598025061	-0.7644901361489304	1.1754296686571752e-12	39	-0.9277327935222671	2.0392805186275042e-17
snRNA	TUB	ERCB_TUB_H7	TAL	0.0032946565162382	0.03303250177839389	0.8021585251782175	39	-0.04800223061073764	0.7716725410189123
snRNA	TUB	ERCB_TUB_H7	TNK	0.010997596572581541	0.4461239233120312	0.00035347474391906193	39	0.45587044534412957	0.0035393061470445435
snRNA	TUB	ERCB_TUB_H7	VSMC	0.027694423011716766	0.003723256460127814	0.9774758217606806	39	0.12874493927125508	0.43473664065819395
scRNA	TUB	GSE108112-GPL19983	BPL	0.008836858194663955	0.6410074088807122	6.177697054629415e-21	164	0.6526600737284561	2.833504314162023e-21
scRNA	TUB	GSE108112-GPL19983	CNT	0.00569394789870752	-0.3964234728830239	9.528260531546406e-08	164	-0.36121554750056967	2.0154523146642924e-06
scRNA	TUB	GSE108112-GPL19983	DCT	0.02522203976865031	-0.48102153304691714	3.601257351628705e-11	164	-0.4487925912238698	1.6693685619399823e-09
scRNA	TUB	GSE108112-GPL19983	DTL_ATL	0.027215023879329767	0.7712869057267397	1.3611559350415712e-34	164	0.7684173220608527	3.19635240876968e-33
scRNA	TUB	GSE108112-GPL19983	EC	0.05842684613144245	0.6308562478245737	3.834703636722018e-20	164	0.6199284480296001	8.675266986289923e-19
scRNA	TUB	GSE108112-GPL19983	FIB	0.04865447351604638	0.7163243995823182	6.793599545088324e-28	164	0.7089004665841415	2.403057213138059e-26
scRNA	TUB	GSE108112-GPL19983	GLOM	0.03269383197861945	0.008791208791208793	0.9096819628490853	164	0.05082638444900902	0.5180626428891713
scRNA	TUB	GSE108112-GPL19983	IC	0.04853630888525398	-0.12442941673710906	0.10699511425027783	164	-0.12299321208493733	0.11664858358438093
scRNA	TUB	GSE108112-GPL19983	MYE	0.05933832056554746	0.8059345631743822	7.2535081488805895e-40	164	0.805620774556881	1.1385410795085434e-38
scRNA	TUB	GSE108112-GPL19983	PC	0.029386820331070398	0.3367860193203818	7.562040862598815e-06	164	0.3145378517638708	4.0987748360244426e-05
scRNA	TUB	GSE108112-GPL19983	PT	0.5922985969418247	-0.728541594152454	3.060027762717577e-29	164	-0.747290955341232	1.4615722228177029e-30
scRNA	TUB	GSE108112-GPL19983	TAL	0.03343797555471076	-0.07995201180851286	0.30145539412288674	164	-0.052019767757650034	0.5082720339137404
scRNA	TUB	GSE108112-GPL19983	TNK	0.013285539502350074	0.7056759982099349	8.893607013919116e-27	164	0.7148504346170065	5.929451298754525e-27
scRNA	TUB	GSE108112-GPL19983	VSMC	0.016973416851782074	0.11379344637263189	0.14071731858958159	164	0.0910015915552351	0.2465045175607586
snRNA	TUB	GSE108112-GPL19983	BPL	0.008334529388141535	0.6444300659031539	3.2865175452589243e-21	164	0.6687025891358103	1.3134683930141714e-22
snRNA	TUB	GSE108112-GPL19983	CNT	0.0027858240121528704	0.16321460917608033	0.03398231685067522	164	0.21651694918817127	0.005358184732256792
snRNA	TUB	GSE108112-GPL19983	DCT	0.006315075525380574	-0.43575247598885114	3.193010884534543e-09	164	-0.39500994174833576	1.6556247764501002e-07
snRNA	TUB	GSE108112-GPL19983	DTL_ATL	0.03128428402836616	0.6810810135135602	2.227277659388507e-24	164	0.6743135469923947	4.2863269815999805e-23
snRNA	TUB	GSE108112-GPL19983	EC	0.0376513146261079	0.4456566058376013	1.264992144795718e-09	164	0.43831431175438357	4.358533739486249e-09
snRNA	TUB	GSE108112-GPL19983	FIB	0.07488858749741178	0.75156382079459	5.476653837907725e-32	164	0.7433079863425515	4.3343985587693706e-30
snRNA	TUB	GSE108112-GPL19983	GLOM	0.0076725028174916676	-0.1401973309687031	0.06905979754512649	164	-0.09639346738022461	0.21950022886012713
snRNA	TUB	GSE108112-GPL19983	IC	0.03748731004382401	-0.05873840738387551	0.44809944539507396	164	-0.04949188529145942	0.5291242886287053
snRNA	TUB	GSE108112-GPL19983	MYE	0.06886601244769093	0.8456392024265329	2.1272946849453815e-47	164	0.8476813624801054	1.849433188348098e-46
snRNA	TUB	GSE108112-GPL19983	PC	0.014043078448462476	0.6903137887606786	2.9878210622111353e-25	164	0.6889262634393147	2.059929374251859e-24
snRNA	TUB	GSE108112-GPL19983	PT	0.6586971897235496	-0.7728785073335163	8.172630271553085e-35	164	-0.7839516711003071	2.2973724209508196e-35
snRNA	TUB	GSE108112-GPL19983	TAL	0.011531155480462197	0.07356389271081291	0.341847288270255	164	0.11144395088185725	0.15540626441823427
snRNA	TUB	GSE108112-GPL19983	TNK	0.010497190588273003	0.7026726666998161	1.7994636122039218e-26	164	0.6960510385918137	4.390391987135869e-25
snRNA	TUB	GSE108112-GPL19983	VSMC	0.02994594537268467	0.3439286957386506	4.686775915069431e-06	164	0.317620012786854	3.4094540394624234e-05
scRNA	TUB	GSE30529-GPL571CEL	BPL	0.012640835406205598	0.3574251835121401	0.10245166957794663	10	0.8181818181818182	0.0038149200825507135
scRNA	TUB	GSE30529-GPL571CEL	CNT	0.003531626053374659	-0.4089168575401336	0.058810272968821485	10	0.3439179697143973	0.3305264309208817
scRNA	TUB	GSE30529-GPL571CEL	DCT	0.025784848762847964	-0.7658853736643189	3.256288359485194e-05	10	-0.8510677611520904	0.0017911300301950454
scRNA	TUB	GSE30529-GPL571CEL	DTL_ATL	0.05742779432523532	0.8125352907961604	4.350566989878628e-06	10	0.8060606060606059	0.004862061101964606
scRNA	TUB	GSE30529-GPL571CEL	EC	0.07057820944439819	0.40033879164313946	0.06485848950292493	10	0.8666666666666665	0.0011735381801554687
scRNA	TUB	GSE30529-GPL571CEL	FIB	0.05952883082738333	0.8983625070581593	1.3876151447538328e-08	10	0.9393939393939393	5.484052998513666e-05
scRNA	TUB	GSE30529-GPL571CEL	GLOM	0.10259619400083247	-0.21964991530208924	0.32601325111651913	10	-0.6969696969696969	0.02509667588225183
scRNA	TUB	GSE30529-GPL571CEL	IC	0.03253860242531347	-0.5652173913043479	0.006122602001517653	10	-0.5515151515151515	0.09840117666963498
scRNA	TUB	GSE30529-GPL571CEL	MYE	0.10022750478721024	0.805759457933371	6.020924577066402e-06	10	0.9757575757575757	1.4675461874042197e-06
scRNA	TUB	GSE30529-GPL571CEL	PC	0.026630233984872072	0.6261998870694523	0.0018224061944375632	10	0.6242424242424242	0.053717767217167395
scRNA	TUB	GSE30529-GPL571CEL	PT	0.42411740161486455	-0.6883116883116884	0.00039820146860602556	10	-0.9515151515151514	2.279854920641689e-05
scRNA	TUB	GSE30529-GPL571CEL	TAL	0.03071131197336779	-0.4568040654997177	0.03258298091373665	10	0.01818181818181818	0.9602404181286243
scRNA	TUB	GSE30529-GPL571CEL	TNK	0.025353860955915075	0.36420101637492946	0.09564628896671866	10	0.9272727272727272	0.00011203450639397582
scRNA	TUB	GSE30529-GPL571CEL	VSMC	0.02833274543817874	-0.16770186335403728	0.45567700180801285	10	0.309090909090909	0.3848412302612835
snRNA	TUB	GSE30529-GPL571CEL	BPL	0.016222478633578535	0.233201581027668	0.29627590776866936	10	0.8303030303030302	0.0029402270232795065
snRNA	TUB	GSE30529-GPL571CEL	CNT	0.001026122350488508	-0.04256852023932268	0.85080299286723	10	-0.5881992022553729	0.07368145588384303
snRNA	TUB	GSE30529-GPL571CEL	DCT	0.007526909617474248	-0.7714091790705728	2.6296078091658435e-05	10		
snRNA	TUB	GSE30529-GPL571CEL	DTL_ATL	0.022892659615616404	0.8431827754056775	8.355715954296885e-07	10	0.6565379871744698	0.039204386332556795
snRNA	TUB	GSE30529-GPL571CEL	EC	0.0386253150998678	0.03670242800677584	0.8711837997313935	10	0.5272727272727272	0.11730806555020223
snRNA	TUB	GSE30529-GPL571CEL	FIB	0.08865880645979843	0.9185986650942213	1.6422630385575283e-09	10	0.9393939393939393	5.484052998513666e-05
snRNA	TUB	GSE30529-GPL571CEL	GLOM	0.022264602141353004	-0.3233308542392472	0.14215997228398372	10	-0.6810328622452321	0.030150884031876986
snRNA	TUB	GSE30529-GPL571CEL	IC	0.055378345841069494	-0.6442687747035574	0.001211388126731416	10	-0.5515151515151515	0.09840117666963498
snRNA	TUB	GSE30529-GPL571CEL	MYE	0.08766745333998498	0.7786561264822135	1.968756752930951e-05	10	0.9515151515151514	2.279854920641689e-05
snRNA	TUB	GSE30529-GPL571CEL	PC	0.026481086708485813	0.5496858129021869	0.008047155535386867	10	-0.1533857797849622	0.67225190847117
snRNA	TUB	GSE30529-GPL571CEL	PT	0.5631918663730383	-0.6834374068301007	0.00045449878749215467	10	-0.960490759014502	1.0163235882999591e-05
snRNA	TUB	GSE30529-GPL571CEL	TAL	0.02225634235633703	-0.4052757946568658	0.0613223897403364	10		
snRNA	TUB	GSE30529-GPL571CEL	TNK	0.015466582692050007	0.3811405985319029	0.08009881431156597	10	0.7575757575757575	0.011143446799694208
snRNA	TUB	GSE30529-GPL571CEL	VSMC	0.032341428770856814	-0.1507622811970638	0.5030459858018412	10	0.10303030303030303	0.7769984634438898
scRNA	TUB	GSE133288-GPL19983	BPL	0.006835615170929053	0.5472859803916452	1.11989826696521e-11	64	0.1422161172161172	0.2622816825709636
scRNA	TUB	GSE133288-GPL19983	CNT	0.008083782618151736	-0.6828832807523103	1.9004320091293628e-19	64	-0.44123640815761944	0.00026275406717531763
scRNA	TUB	GSE133288-GPL19983	DCT	0.02954931901408412	-0.5716976603504866	8.094629678678079e-13	64	-0.5064560439560438	1.9558171456256034e-05
scRNA	TUB	GSE133288-GPL19983	DTL_ATL	0.024523345456228935	0.8527797530776408	1.7318399655742627e-38	64	0.7050825105091478	7.833522003697555e-11
scRNA	TUB	GSE133288-GPL19983	EC	0.05417104635452209	0.7051650639436897	3.802116491490975e-21	64	0.47376373626373625	7.679452466680638e-05
scRNA	TUB	GSE133288-GPL19983	FIB	0.03999698469217788	0.829707857429834	1.0143662333945515e-34	64	0.6497710622710622	6.272343913945436e-09
scRNA	TUB	GSE133288-GPL19983	GLOM	0.032843156209082534	-0.2106515421099591	0.015331485030698847	64	-0.24940476190476185	0.046873487508886875
scRNA	TUB	GSE133288-GPL19983	IC	0.04934866901570345	-0.3183827020709302	0.00019887427015921684	64	-0.41195054945054943	0.0007191448217216718
scRNA	TUB	GSE133288-GPL19983	MYE	0.04716760958557468	0.8767355585354781	3.766500755617674e-43	64	0.7087912087912086	5.632298187294809e-11
scRNA	TUB	GSE133288-GPL19983	PC	0.026565677899573564	0.5348793553031598	3.931958521873938e-11	64	0.4840256871389361	5.073868767769147e-05
scRNA	TUB	GSE133288-GPL19983	PT	0.6099451436473712	-0.6768169556437936	5.1948917337664e-19	64	-0.2963827838827839	0.017405412159458483
scRNA	TUB	GSE133288-GPL19983	TAL	0.039033485647781876	-0.07644584977041428	0.3836350937018925	64	0.1789377289377289	0.1571461886127795
scRNA	TUB	GSE133288-GPL19983	TNK	0.015812388075914424	0.7046902474785157	4.148323682197341e-21	64	0.3028388278388278	0.015000116926295107
scRNA	TUB	GSE133288-GPL19983	VSMC	0.016123776612903814	0.19279635591407385	0.02677270297944605	64	-0.022023809523809522	0.8628567370999893
snRNA	TUB	GSE133288-GPL19983	BPL	0.005712698732909261	0.5011609523461672	9.3334034741988e-10	64	0.2338369963369963	0.06292798988342385
snRNA	TUB	GSE133288-GPL19983	CNT	0.0026004340087309075	0.07114092833352767	0.4175949422222277	64	-0.026864774798811112	0.8331055139377999
snRNA	TUB	GSE133288-GPL19983	DCT	0.00768451202238677	-0.5251589551348687	1.0155654115496947e-10	64	-0.4635959698397193	0.00011431895486774978
snRNA	TUB	GSE133288-GPL19983	DTL_ATL	0.024313697655635805	0.7863401698304999	5.703908241321847e-29	64	0.5471951591890828	2.886161552567616e-06
snRNA	TUB	GSE133288-GPL19983	EC	0.03243905271495547	0.43168643329350437	2.365649327944496e-07	64	0.29097985347985345	0.019664896515930355
snRNA	TUB	GSE133288-GPL19983	FIB	0.06036238564288778	0.8486796449833813	8.983723693825191e-38	64	0.6797161172161172	6.576340977614483e-10
snRNA	TUB	GSE133288-GPL19983	GLOM	0.008141229991008792	-0.32282840269942614	0.00015979115967984216	64	-0.2979582596662722	0.01678992165831139
snRNA	TUB	GSE133288-GPL19983	IC	0.03496761525604737	-0.1923948391036986	0.027097175518743414	64	-0.32188644688644685	0.009493052080931047
snRNA	TUB	GSE133288-GPL19983	MYE	0.050646810370592564	0.9128163921253513	2.0898814849513616e-52	64	0.7956959706959706	3.973728680823467e-15
snRNA	TUB	GSE133288-GPL19983	PC	0.010746105974511769	0.7354590661903248	9.972329932065326e-24	64	0.5569375268203852	1.7579756875510745e-06
snRNA	TUB	GSE133288-GPL19983	PT	0.7170078785915499	-0.7790652625653796	3.891224578602524e-28	64	-0.4471153846153845	0.00021228445642383875
snRNA	TUB	GSE133288-GPL19983	TAL	0.013811670582940127	0.1132601439148126	0.1959943179551633	64	0.31637956319607735	0.010867161023494123
snRNA	TUB	GSE133288-GPL19983	TNK	0.007611102942629366	0.7168945959624946	4.174320142052276e-22	64	0.3364010989010988	0.006570362778368785
snRNA	TUB	GSE133288-GPL19983	VSMC	0.023954805513213596	0.33026876699034186	0.00010995247552583367	64	0.029349816849816846	0.8179205059203365
scRNA	TUB	GSE182380-RNAseq	BPL	0.00891648680414312	0.7653313472940829	1.4824684172057298e-39	161	0.7555168883815465	5.203459662056733e-31
scRNA	TUB	GSE182380-RNAseq	CNT	0.008394045441079644	-0.4905010838619864	1.9218578604106886e-13	161	-0.44851573143922685	2.420656522178702e-09
scRNA	TUB	GSE182380-RNAseq	DCT	0.026532042566784868	-0.4913732290915163	1.7167789941782755e-13	161	-0.4670841031586589	4.212263456288122e-10
scRNA	TUB	GSE182380-RNAseq	DTL_ATL	0.03241418061494174	0.8493187084563377	1.4579718614962486e-56	161	0.8356709771049196	3.1502160901485118e-43
scRNA	TUB	GSE182380-RNAseq	EC	0.045722325679429555	0.654530226892036	1.0190840025644578e-25	161	0.6471330802852543	1.7819630709554303e-20
scRNA	TUB	GSE182380-RNAseq	FIB	0.04066791045559204	0.8433805390589311	4.8153966595912364e-55	161	0.8255032206119164	2.424400557273984e-41
scRNA	TUB	GSE182380-RNAseq	GLOM	0.018624906698632038	-0.08799267826866805	0.21650745729840642	161	-0.11097187100644	0.16108370493821633
scRNA	TUB	GSE182380-RNAseq	IC	0.033834111454083285	-0.1959159433531293	0.0055499298199793426	161	-0.19559466298596737	0.012899000111003655
scRNA	TUB	GSE182380-RNAseq	MYE	0.024910058255966847	0.8739069871734253	1.2467076275219514e-63	161	0.8608666896710375	1.6211475908074493e-48
scRNA	TUB	GSE182380-RNAseq	PC	0.019649752423528722	0.46605733999838944	4.00189110083887e-12	161	0.4920919793824055	3.36592296996553e-11
scRNA	TUB	GSE182380-RNAseq	PT	0.7008728039682024	-0.6886812852139486	2.558075954486903e-29	161	-0.6464832068092939	2.0009039959515507e-20
scRNA	TUB	GSE182380-RNAseq	TAL	0.028370088357779964	0.07128538056103849	0.31704798897438946	161	0.1286654604507154	0.10381585909796932
scRNA	TUB	GSE182380-RNAseq	TNK	0.004003019234235393	0.7279713284774786	3.953858231271058e-34	161	0.6990553864266038	6.229457780319709e-25
scRNA	TUB	GSE182380-RNAseq	VSMC	0.007088268045599879	-0.1474063243842829	0.037738292648427686	161	-0.1338704503114496	0.09045177197833731
snRNA	TUB	GSE182380-RNAseq	BPL	0.0032924441841095417	0.6745627113975291	9.013166255531311e-28	161	0.6623395850144961	1.0901428938507717e-21
snRNA	TUB	GSE182380-RNAseq	CNT	0.006454147876672003	-0.1370672528356382	0.05354341529369021	161	-0.1231712552364125	0.11955984412971937
snRNA	TUB	GSE182380-RNAseq	DCT	0.003708355620014308	-0.25284398977285616	0.00031449689588706337	161	-0.20636230825852575	0.008630015448502566
snRNA	TUB	GSE182380-RNAseq	DTL_ATL	0.04013544842396436	0.7931560032740702	2.6651878791233053e-44	161	0.7960082582240097	1.697491896165712e-36
snRNA	TUB	GSE182380-RNAseq	EC	0.019165713053868095	0.611612091605133	8.35474804959351e-22	161	0.6049726136569844	1.90900504016573e-17
snRNA	TUB	GSE182380-RNAseq	FIB	0.04425919706025248	0.8579855777580649	6.688270469842884e-59	161	0.8350545029662733	4.133714031920235e-43
snRNA	TUB	GSE182380-RNAseq	GLOM	0.002966628168944216	-0.1737328972119783	0.014125486782594739	161	-0.18434031655500574	0.019237884741528658
snRNA	TUB	GSE182380-RNAseq	IC	0.04342511413473715	0.18664829183038212	0.008299196999128344	161	0.19327112480610517	0.014032365236905339
snRNA	TUB	GSE182380-RNAseq	MYE	0.021048109602597755	0.9001409002860689	5.005192629077793e-73	161	0.8882477205407026	1.362627369700171e-55
snRNA	TUB	GSE182380-RNAseq	PC	0.009181657615275242	0.6535373074275288	1.2762833584750163e-25	161	0.6353664182979215	1.3920004457608835e-19
snRNA	TUB	GSE182380-RNAseq	PT	0.7858340254027804	-0.7550276972087104	5.815092880156948e-38	161	-0.715858638141247	1.3818802463460512e-26
snRNA	TUB	GSE182380-RNAseq	TAL	0.010134774711365957	0.09746213868518279	0.17085115924703675	161	0.13517294708750274	0.08733175250918274
snRNA	TUB	GSE182380-RNAseq	TNK	0.002910713329835899	0.6269663649934557	3.904551571314959e-23	161	0.5934954330905455	1.0712852336494884e-16
snRNA	TUB	GSE182380-RNAseq	VSMC	0.007483670815582299	0.14313350510173203	0.043713964166329645	161	0.16751189859024607	0.03367369337562336
scRNA	TUB	GSE175759-RNAseq	BPL	0.003621965680706889	0.5383428533972584	4.4328035517815976e-08	68	0.5113677314053381	8.335092113988335e-06
scRNA	TUB	GSE175759-RNAseq	CNT	0.006899608765234644	-0.6168294017098188	9.577297198229064e-11	68	-0.4753263306810682	4.2023343967116224e-05
scRNA	TUB	GSE175759-RNAseq	DCT	0.028907025403837414	-0.548531593653512	2.1815730365663357e-08	68	-0.6125731311458552	2.8294421595170516e-08
scRNA	TUB	GSE175759-RNAseq	DTL_ATL	0.018496068539929522	0.718039542050632	1.6505650887138556e-15	68	0.708419708315959	1.4019840222180829e-11
scRNA	TUB	GSE175759-RNAseq	EC	0.07704913712905431	0.6390336255504795	1.220697947768451e-11	68	0.7241287170286674	2.9867853228075394e-12
scRNA	TUB	GSE175759-RNAseq	FIB	0.06591931588187509	0.8431740544100094	1.9227130638746765e-25	68	0.8165820513799288	2.1104875217303487e-17
scRNA	TUB	GSE175759-RNAseq	GLOM	0.03924028241542083	-0.22508951722434867	0.03292550683501446	68	-0.19357178302859104	0.11373186002790968
scRNA	TUB	GSE175759-RNAseq	IC	0.040800513444466883	-0.4258550438325719	2.8567226893671687e-05	68	-0.2921326869488872	0.015635607631079705
scRNA	TUB	GSE175759-RNAseq	MYE	0.03968271416979949	0.8487220644524015	4.4701556271821706e-26	68	0.8281100889414817	3.012276655704586e-18
scRNA	TUB	GSE175759-RNAseq	PC	0.04678664413860488	0.35707288965715933	0.0005507642727651651	68	0.2592281558957132	0.032789179883052064
scRNA	TUB	GSE175759-RNAseq	PT	0.4945714737033663	-0.515018315018315	2.0628015857961812e-07	68	-0.5691873115242203	4.0888268189250785e-07
scRNA	TUB	GSE175759-RNAseq	TAL	0.08096774906223873	-0.023945343046466637	0.8227400672729936	68	-0.09718670076726342	0.4304435840595059
scRNA	TUB	GSE175759-RNAseq	TNK	0.006342953987077694	0.6983442332208516	1.991161370554478e-14	68	0.5346031988395618	2.6533515672864382e-06
scRNA	TUB	GSE175759-RNAseq	VSMC	0.05071454767838678	0.21682512244309995	0.040099865960421116	68	-0.01500171775394129	0.9033578879677414
snRNA	TUB	GSE175759-RNAseq	BPL	0.0018657309961686295	0.4448224965691045	1.1203332166189395e-05	68	0.37358092527130937	0.0017012464797766737
snRNA	TUB	GSE175759-RNAseq	CNT	0.006962212881350536	-0.06640753267624548	0.5340222170792226	68	-0.2457771568165877	0.04335657247781026
snRNA	TUB	GSE175759-RNAseq	DCT	0.01871787279213926	-0.7263616402702667	5.403520135607053e-16	68	-0.6505730926394078	1.9125675564350414e-09
snRNA	TUB	GSE175759-RNAseq	DTL_ATL	0.014172071864984167	0.6533665282234058	2.9484516898780306e-12	68	0.6486543216009739	2.2112133114079263e-09
snRNA	TUB	GSE175759-RNAseq	EC	0.051750291055985276	0.4118615466930073	5.5027172111846375e-05	68	0.5065465511318089	1.0460551825495028e-05
snRNA	TUB	GSE175759-RNAseq	FIB	0.15152686124035292	0.80427213236202	1.350430987952041e-21	68	0.7408100164140932	5.127518088986277e-13
snRNA	TUB	GSE175759-RNAseq	GLOM	0.007383291848317963	-0.2719730444729211	0.009509473067872639	68	-0.1848626239467968	0.13124905310715854
snRNA	TUB	GSE175759-RNAseq	IC	0.040897489814449704	-0.20892377217023544	0.048133770879272605	68	-0.025613864316396295	0.835747943142519
snRNA	TUB	GSE175759-RNAseq	MYE	0.03299853868332417	0.8369047157396676	9.353663261867708e-25	68	0.8371950986754209	5.850081834011971e-19
snRNA	TUB	GSE175759-RNAseq	PC	0.007269112178186829	0.3870247128758309	0.00016437686767115494	68	0.3722862889992609	0.001770597540747031
snRNA	TUB	GSE175759-RNAseq	PT	0.5995031089741383	-0.5796188829896695	2.1520441185775787e-09	68	-0.6633965721265792	7.058886794542812e-10
snRNA	TUB	GSE175759-RNAseq	TAL	0.02404916526900518	0.0013933013290717805	0.9896012628609974	68	0.02363069497136389	0.8483080834650544
snRNA	TUB	GSE175759-RNAseq	TNK	0.0014563244362361541	0.4320407618788983	2.1181262699232274e-05	68	0.31964524682079287	0.007881754123407988
snRNA	TUB	GSE175759-RNAseq	VSMC	0.041447927965360426	0.09378112524179939	0.37929870851918635	68	0.13108371187540557	0.286645557060897
scRNA	TUB	GSE142025-RNAseq	BPL	0.009697866539178914	0.8125690319579026	1.763787966892318e-09	27	0.7847282113216603	1.2628428578811253e-06
scRNA	TUB	GSE142025-RNAseq	CNT	0.004385742856448247	0.3963490776638317	0.016706553848448047	27	0.21250004598772268	0.2872618112169386
scRNA	TUB	GSE142025-RNAseq	DCT	0.030054053281749107	-0.9491156074381145	1.2403580725275221e-18	27	-0.9212960854077528	9.468660605498602e-12
scRNA	TUB	GSE142025-RNAseq	DTL_ATL	0.018715784331150245	0.8692324224711876	6.149299206717319e-12	27	0.8144969389314376	2.3374676403469585e-07
scRNA	TUB	GSE142025-RNAseq	EC	0.08892105018303918	0.5572715572715573	0.00041474617845378985	27	0.5757020757020758	0.0016772737607578143
scRNA	TUB	GSE142025-RNAseq	FIB	0.06434444996305329	0.9099099099099099	1.507521907420649e-14	27	0.927960927960928	3.249886024107088e-12
scRNA	TUB	GSE142025-RNAseq	GLOM	0.06794918879657995	-0.8442728442728443	9.795070554419555e-11	27	-0.7765567765567766	1.917492326658449e-06
scRNA	TUB	GSE142025-RNAseq	IC	0.023567858980387726	-0.8947232947232949	1.8892423859046244e-13	27	-0.865079365079365	5.834541676610208e-09
scRNA	TUB	GSE142025-RNAseq	MYE	0.05301961511491066	0.8962676962676964	1.4876268537659306e-13	27	0.9627594627594628	1.0289354915373104e-15
scRNA	TUB	GSE142025-RNAseq	PC	0.0682624828211446	0.5086229086229086	0.001537653205547268	27	0.5738705738705738	0.0017491238015634168
scRNA	TUB	GSE142025-RNAseq	PT	0.43422913889467	-0.8054054054054054	3.1453533724300317e-09	27	-0.8717948717948717	3.2011846555335895e-09
scRNA	TUB	GSE142025-RNAseq	TAL	0.04120214606991786	0.580952380952381	0.00020312188565767416	27	0.3199023199023199	0.10380541759243639
scRNA	TUB	GSE142025-RNAseq	TNK	0.02119818207532536	0.8826254826254828	1.0904662214609287e-12	27	0.8962148962148961	2.6159909655523005e-10
scRNA	TUB	GSE142025-RNAseq	VSMC	0.07445244009244414	0.8077220077220078	2.615585523186121e-09	27	0.7435897435897436	8.807073224652762e-06
snRNA	TUB	GSE142025-RNAseq	BPL	0.012327636605675532	0.7420328459780337	2.2272469430461844e-07	27	0.6264047303186724	0.0004730542497451023
snRNA	TUB	GSE142025-RNAseq	CNT	0.0016575511251824449	0.1572016230836583	0.3598593350978453	27	0.15222167755705154	0.44846707095341876
snRNA	TUB	GSE142025-RNAseq	DCT	0.016491799891420144	-0.9264772667461006	5.42446976617188e-16	27	-0.9230814022824912	7.17792364128748e-12
snRNA	TUB	GSE142025-RNAseq	DTL_ATL	0.03381708803159193	0.7743893472315884	3.000986935135952e-08	27	0.764737278920616	3.4059119927787106e-06
snRNA	TUB	GSE142025-RNAseq	EC	0.07851242917161921	-0.17606177606177606	0.3043541616960705	27	0.05372405372405373	0.7901306090134299
snRNA	TUB	GSE142025-RNAseq	FIB	0.20204601127063487	0.9111969111969113	1.1924251152136247e-14	27	0.9004884004884004	1.5838243281034339e-10
snRNA	TUB	GSE142025-RNAseq	GLOM	0.01731682798949784	-0.8592088965949009	1.9910581713916398e-11	27	-0.8154176212286472	2.208252809043324e-07
snRNA	TUB	GSE142025-RNAseq	IC	0.02411708397372639	-0.629086229086229	3.9639102836657895e-05	27	-0.5207570207570207	0.005353186601735294
snRNA	TUB	GSE142025-RNAseq	MYE	0.054090988973374506	0.8911196911196911	3.253545652478369e-13	27	0.9603174603174602	2.2461542439515337e-15
snRNA	TUB	GSE142025-RNAseq	PC	0.007863608257617047	0.715974987837158	9.141692257380903e-07	27	0.6648027754507548	0.0001551498667660926
snRNA	TUB	GSE142025-RNAseq	PT	0.503798544033123	-0.8586872586872588	2.1113527928777387e-11	27	-0.8907203907203908	4.834677597632849e-10
snRNA	TUB	GSE142025-RNAseq	TAL	0.007428848234269493	-0.11619803317503968	0.4997552279246086	27	-0.34407902183151384	0.07884997368641578
snRNA	TUB	GSE142025-RNAseq	TNK	0.011289294302494023	0.8367081707128871	2.062913183772491e-10	27	0.8214590958919487	1.508517648298697e-07
snRNA	TUB	GSE142025-RNAseq	VSMC	0.029242288139773073	-0.2715572715572716	0.1091309359982614	27	-0.3675213675213675	0.05930247621478329
scRNA	TUB	GSE115857-GPL14951	BPL	0.06634845789381325	0.32110005188924	0.0025745322492313843	79	0.2620496592015579	0.019650699183046242
scRNA	TUB	GSE115857-GPL14951	CNT	0.003379779199656288	0.21201844651849655	0.05002521376593207	79	0.21954009963037013	0.05189542654428157
scRNA	TUB	GSE115857-GPL14951	DCT	0.013495930133644205	-0.5918598399061061	1.955982785073084e-09	79	-0.49574303642006395	3.3931818462769196e-06
scRNA	TUB	GSE115857-GPL14951	DTL_ATL	0.007007180902738312	0.47596175095416254	3.6266917482211155e-06	79	0.425107827345175	9.415851689989069e-05
scRNA	TUB	GSE115857-GPL14951	EC	0.12800719784863515	0.35659229208924953	0.000751624964773035	79	0.24308666017526778	0.03087694642256663
scRNA	TUB	GSE115857-GPL14951	FIB	0.05994348942350131	0.6646445587055994	2.995567734382029e-12	79	0.6820837390457645	4.482403161905753e-12
scRNA	TUB	GSE115857-GPL14951	GLOM	0.06051514065613	-0.33015708288126794	0.0019060505921236108	79	-0.20985881207400198	0.06341596996892025
scRNA	TUB	GSE115857-GPL14951	IC	0.04185095032595182	-0.4958630124062456	1.2059077327774967e-06	79	-0.4334712755598832	6.593812387988437e-05
scRNA	TUB	GSE115857-GPL14951	MYE	0.10714977654416563	0.6306052172272277	7.667735635942448e-11	79	0.5554527750730284	1.0774491538960706e-07
scRNA	TUB	GSE115857-GPL14951	PC	0.04120605142678711	0.10408981555733762	0.34020608383835327	79	0.029600778967867575	0.7956656064051337
scRNA	TUB	GSE115857-GPL14951	PT	0.28994919639658007	-0.5966602198216896	1.3402381684748583e-09	79	-0.5288218111002921	5.447061989086965e-07
scRNA	TUB	GSE115857-GPL14951	TAL	0.03472799184447597	-0.0864663427520166	0.428590192817661	79	-0.11443524829600779	0.3152753684430665
scRNA	TUB	GSE115857-GPL14951	TNK	0.07259409073496476	0.6685315345063445	2.013542530518983e-12	79	0.6073515092502435	2.9465155454414793e-09
scRNA	TUB	GSE115857-GPL14951	VSMC	0.07382476666895557	0.374178027265437	0.0003866191795786612	79	0.29968354430379746	0.007293048692400465
snRNA	TUB	GSE115857-GPL14951	BPL	0.05348696141659697	0.2258880135855465	0.036504981111163945	79	0.11706426484907499	0.3042118507437805
snRNA	TUB	GSE115857-GPL14951	CNT	0.001292703598237617	-0.16119151879376228	0.13816235206285604	79	-0.13854463431829042	0.22335084870296057
snRNA	TUB	GSE115857-GPL14951	DCT	0.0015475360102419412	-0.4054424122702674	0.00010768185773615196	79	-0.2686185414472135	0.01668164499982569
snRNA	TUB	GSE115857-GPL14951	DTL_ATL	0.0010047337817502098	0.1796700011266555	0.0978617141536726	79	0.18518947241560244	0.10227338602185625
snRNA	TUB	GSE115857-GPL14951	EC	0.10414889398771755	0.10899570734468605	0.3178073682028366	79	0.05340798442064266	0.6401650355019871
snRNA	TUB	GSE115857-GPL14951	FIB	0.17917454304169103	0.8022925609698571	1.618268963789243e-20	79	0.802921129503408	5.602451696385313e-19
snRNA	TUB	GSE115857-GPL14951	GLOM	0.024449565402791258	-0.40770791075050705	9.76643054315812e-05	79	-0.2966650438169426	0.007934605524470777
snRNA	TUB	GSE115857-GPL14951	IC	0.03343267710332704	-0.46110665597433836	7.896078735768666e-06	79	-0.3870253164556962	0.0004258908280451664
snRNA	TUB	GSE115857-GPL14951	MYE	0.1518971502092343	0.6432850606160667	2.4024490029696497e-11	79	0.5781645569620254	2.40856055250548e-08
snRNA	TUB	GSE115857-GPL14951	PC	0.0027309654988987384	0.4091726039308153	9.165519863009409e-05	79	0.4283795543483019	8.200005846543067e-05
snRNA	TUB	GSE115857-GPL14951	PT	0.2676016125161118	-0.615359215057314	2.8911697920416816e-10	79	-0.5520204479065239	1.3383105336454584e-07
snRNA	TUB	GSE115857-GPL14951	TAL	0.008085941475562727	-0.07587289673707853	0.4874802725318401	79	-0.16256700265602975	0.15230484406920766
snRNA	TUB	GSE115857-GPL14951	TNK	0.06611272256856468	0.6638520684937967	3.2459330926771924e-12	79	0.597906523855891	5.950920027294366e-09
snRNA	TUB	GSE115857-GPL14951	VSMC	0.10503399338927354	0.15397896127175809	0.15692073642402227	79	0.09130963972736127	0.423527881710823
