cohort	model	contrast	negatives	method	vs	metric	delta	lo	hi	p_boot	n_boot_valid
GSE162830	GLOM	primary	ING	RRG-ID	B-L2	raw	-0.12941176470588234	-0.30753676470588237	0.0	0.09944751381215469	1991
GSE162830	GLOM	primary	ING	RRG-ID	B-L2	adj	-0.36470588235294116	-0.5141765873015873	0.0	0.2219873150105708	1892
GSE162830	GLOM	primary	ING	B-rankLASSO	B-L2	raw	-0.17647058823529405	-0.3645833333333333	0.0	0.0683073832245103	1991
GSE162830	GLOM	primary	ING	B-rankLASSO	B-L2	adj	-0.10588235294117654	-0.3760661764705882	0.17647058823529416	0.5063424947145877	1892
GSE162830	GLOM	primary	ING	B2-PCA	B-L2	raw	-0.2705882352941176	-0.5614035087719298	-0.04166666666666671	0.022099447513812154	1991
GSE162830	GLOM	primary	ING	B2-PCA	B-L2	adj	-0.43529411764705883	-0.8823529411764706	0.0	0.12367864693446089	1892
GSE162830	GLOM	primary	ING	B-cPCA	B-L2	raw	-0.588235294117647	-1.0	-0.14285714285714285	0.010045203415369162	1991
GSE162830	GLOM	primary	ING	B-cPCA	B-L2	adj	-0.32941176470588235	-0.7423949579831933	0.8	0.1744186046511628	1892
GSE162830	GLOM	primary	ING	B-L2-unitcenter	B-L2	raw	-0.05882352941176472	-0.22916666666666663	0.08386752136752137	0.5012556504269211	1991
GSE162830	GLOM	primary	ING	B-L2-unitcenter	B-L2	adj	-0.10588235294117654	-0.42105263157894746	0.1578947368421053	0.5930232558139535	1892
GSE162830	GLOM	primary	ING	B-injury	B-L2	raw	-0.07058823529411762	-0.23611111111111105	0.10104166666666667	0.4249121044701155	1991
GSE162830	GLOM	primary	ING	B-injury	B-L2	adj	-0.3647058823529412	-0.7870089285714286	0.7352941176470589	0.620507399577167	1892
GSE162830	GLOM	primary	ING	RRG-ID	B-cPCA	raw	0.4588235294117647	-0.09642857142857142	0.950595238095238	0.09944751381215469	1991
GSE162830	GLOM	primary	ING	RRG-ID	B-cPCA	adj	-0.03529411764705881	-0.8	0.6101754385964899	0.8002114164904862	1892
GSE162830	GLOM	primary	ING	B-L2	B-cPCA	raw	0.588235294117647	0.14285714285714285	1.0	0.010045203415369162	1991
GSE162830	GLOM	primary	ING	B-L2	B-cPCA	adj	0.32941176470588235	-0.8	0.7423949579831931	0.1744186046511628	1892
GSE162830	GLOM	primary	ING	B-rankLASSO	B-cPCA	raw	0.411764705882353	-0.047619047619047575	0.8421052631578947	0.08839779005524862	1991
GSE162830	GLOM	primary	ING	B-rankLASSO	B-cPCA	adj	0.2235294117647058	-0.8	0.6111111111111112	0.3372093023255814	1892
GSE162830	GLOM	primary	ING	B2-PCA	B-cPCA	raw	0.31764705882352945	-0.33039215686274515	0.9451754385964912	0.28930185836263184	1991
GSE162830	GLOM	primary	ING	B2-PCA	B-cPCA	adj	-0.10588235294117648	-0.8116815476190476	0.26785714285714285	0.6162790697674418	1892
GSE162830	GLOM	primary	ING	B-L2-unitcenter	B-cPCA	raw	0.5294117647058822	0.05156249999999998	0.9184523809523809	0.0311401305876444	1991
GSE162830	GLOM	primary	ING	B-L2-unitcenter	B-cPCA	adj	0.2235294117647058	-0.7891331269349845	0.6	0.3171247357293869	1892
GSE162830	GLOM	primary	ING	B-injury	B-cPCA	raw	0.5176470588235293	0.022111344537815145	0.9027777777777778	0.047212456052235056	1991
GSE162830	GLOM	primary	ING	B-injury	B-cPCA	adj	-0.035294117647058865	-0.6943545751633987	0.6898599439775909	0.5253699788583509	1892
GSE162830	GLOM	secondary	CONTROL	RRG-ID	B-L2	raw	-0.05228758169934633	-0.2431051587301587	0.13343358395989963	0.5782891445722862	1999
GSE162830	GLOM	secondary	CONTROL	RRG-ID	B-L2	adj	-0.07843137254901955	-0.23308270676691722	0.0	0.15415415415415415	1998
GSE162830	GLOM	secondary	CONTROL	B-rankLASSO	B-L2	raw	0.21568627450980393	0.02763888888888891	0.43787175619754803	0.0240120060030015	1999
GSE162830	GLOM	secondary	CONTROL	B-rankLASSO	B-L2	adj	-0.019607843137254943	-0.12030075187969924	0.018749999999999933	0.7197197197197197	1998
GSE162830	GLOM	secondary	CONTROL	B2-PCA	B-L2	raw	0.02614379084967322	-0.2189236111111111	0.2615239078087375	0.8434217108554277	1999
GSE162830	GLOM	secondary	CONTROL	B2-PCA	B-L2	adj	-0.07843137254901955	-0.4102840909090909	0.006271446078431466	0.2852852852852853	1998
GSE162830	GLOM	secondary	CONTROL	B-cPCA	B-L2	raw	0.06535947712418311	-0.4447712418300654	0.5486111111111112	0.7803901950975488	1999
GSE162830	GLOM	secondary	CONTROL	B-cPCA	B-L2	adj	-0.46405228758169936	-0.7291666666666666	-0.2104511278195487	0.015015015015015015	1998
GSE162830	GLOM	secondary	CONTROL	B-L2-unitcenter	B-L2	raw	0.22222222222222232	-0.012528594771241889	0.4653221595655806	0.06603301650825413	1999
GSE162830	GLOM	secondary	CONTROL	B-L2-unitcenter	B-L2	adj	-0.019607843137254943	-0.3699108734402852	0.018224431818181838	0.6136136136136137	1998
GSE162830	GLOM	secondary	CONTROL	B-injury	B-L2	raw	-0.326797385620915	-0.48611111111111105	-0.1875	0.0005002501250625312	1999
GSE162830	GLOM	secondary	CONTROL	B-injury	B-L2	adj	-0.6862745098039216	-0.8764075630252101	-0.1387847222222221	0.004004004004004004	1998
GSE162830	GLOM	secondary	CONTROL	RRG-ID	B-cPCA	raw	-0.11764705882352944	-0.6137816131237184	0.4099461702827085	0.6543271635817909	1999
GSE162830	GLOM	secondary	CONTROL	RRG-ID	B-cPCA	adj	0.3856209150326798	0.058697478991596455	0.6957509881422925	0.031031031031031032	1998
GSE162830	GLOM	secondary	CONTROL	B-L2	B-cPCA	raw	-0.06535947712418311	-0.5486111111111112	0.4447712418300651	0.7803901950975488	1999
GSE162830	GLOM	secondary	CONTROL	B-L2	B-cPCA	adj	0.46405228758169936	0.21045112781954875	0.7291666666666666	0.015015015015015015	1998
GSE162830	GLOM	secondary	CONTROL	B-rankLASSO	B-cPCA	raw	0.15032679738562083	-0.2144047619047619	0.5385081585081585	0.416208104052026	1999
GSE162830	GLOM	secondary	CONTROL	B-rankLASSO	B-cPCA	adj	0.4444444444444444	0.1570357712462976	0.7250367647058824	0.018018018018018018	1998
GSE162830	GLOM	secondary	CONTROL	B2-PCA	B-cPCA	raw	-0.03921568627450989	-0.47393939393939394	0.42483660130718953	0.863431715857929	1999
GSE162830	GLOM	secondary	CONTROL	B2-PCA	B-cPCA	adj	0.3856209150326798	-0.03365288220551365	0.6909090909090909	0.07607607607607608	1998
GSE162830	GLOM	secondary	CONTROL	B-L2-unitcenter	B-cPCA	raw	0.1568627450980392	-0.18099567099567102	0.5167261904761905	0.38019009504752377	1999
GSE162830	GLOM	secondary	CONTROL	B-L2-unitcenter	B-cPCA	adj	0.4444444444444444	0.0	0.7031136811906042	0.05205205205205205	1998
GSE162830	GLOM	secondary	CONTROL	B-injury	B-cPCA	raw	-0.3921568627450981	-0.8496895424836602	0.1459821428571427	0.14907453726863432	1999
GSE162830	GLOM	secondary	CONTROL	B-injury	B-cPCA	adj	-0.2222222222222222	-0.4666666666666667	0.45996651785714326	0.8818818818818819	1998
KPMP	TUB	primary	HT+OTHER	RRG-ID	B-L2	raw	-0.07936507936507936	-0.45454545454545453	0.2858441558441551	0.724	2000
KPMP	TUB	primary	HT+OTHER	RRG-ID	B-L2	adj	-0.11111111111111116	-0.4666666666666667	0.2727272727272727	0.6807017543859649	1995
KPMP	TUB	primary	HT+OTHER	B-rankLASSO	B-L2	raw	-0.015873015873015872	-0.3651190476190476	0.31666666666666665	0.985	2000
KPMP	TUB	primary	HT+OTHER	B-rankLASSO	B-L2	adj	-0.07936507936507942	-0.4	0.3835256410256408	0.9022556390977443	1995
KPMP	TUB	primary	HT+OTHER	B2-PCA	B-L2	raw	0.015873015873015872	-0.3333333333333333	0.35000000000000003	0.984	2000
KPMP	TUB	primary	HT+OTHER	B2-PCA	B-L2	adj	-0.015873015873015872	-0.3189321789321789	0.4444444444444444	0.7408521303258145	1995
KPMP	TUB	primary	HT+OTHER	B-cPCA	B-L2	raw	0.19047619047619052	-0.016666666666666663	0.47619047619047616	0.087	2000
KPMP	TUB	primary	HT+OTHER	B-cPCA	B-L2	adj	0.1428571428571428	-0.03378787878787886	0.31666666666666676	0.20852130325814536	1995
KPMP	TUB	primary	HT+OTHER	B-L2-unitcenter	B-L2	raw	-0.07936507936507936	-0.46671875	0.30158730158730157	0.72	2000
KPMP	TUB	primary	HT+OTHER	B-L2-unitcenter	B-L2	adj	-0.11111111111111116	-0.48333333333333334	0.3440056818181816	0.8080200501253133	1995
KPMP	TUB	primary	HT+OTHER	B-injury	B-L2	raw	0.12698412698412698	-0.25396825396825395	0.4909379509379508	0.544	2000
KPMP	TUB	primary	HT+OTHER	B-injury	B-L2	adj	0.13492063492063489	-0.2168939393939395	0.5166666666666666	0.39598997493734334	1995
KPMP	TUB	primary	HT+OTHER	RRG-ID	B-cPCA	raw	-0.2698412698412699	-0.6666666666666667	0.08333333333333337	0.165	2000
KPMP	TUB	primary	HT+OTHER	RRG-ID	B-cPCA	adj	-0.25396825396825395	-0.6074776785714286	0.146136363636363	0.27167919799498746	1995
KPMP	TUB	primary	HT+OTHER	B-L2	B-cPCA	raw	-0.19047619047619052	-0.47619047619047616	0.016666666666666663	0.087	2000
KPMP	TUB	primary	HT+OTHER	B-L2	B-cPCA	adj	-0.1428571428571428	-0.31666666666666676	0.03378787878787845	0.20852130325814536	1995
KPMP	TUB	primary	HT+OTHER	B-rankLASSO	B-cPCA	raw	-0.2063492063492064	-0.6363636363636364	0.18181818181818182	0.319	2000
KPMP	TUB	primary	HT+OTHER	B-rankLASSO	B-cPCA	adj	-0.2222222222222222	-0.5386446886446886	0.2820512820512821	0.5994987468671679	1995
KPMP	TUB	primary	HT+OTHER	B2-PCA	B-cPCA	raw	-0.17460317460317465	-0.5333333333333334	0.2	0.347	2000
KPMP	TUB	primary	HT+OTHER	B2-PCA	B-cPCA	adj	-0.15873015873015867	-0.4444444444444444	0.31746031746031733	0.7779448621553885	1995
KPMP	TUB	primary	HT+OTHER	B-L2-unitcenter	B-cPCA	raw	-0.2698412698412699	-0.6825396825396826	0.10909090909090907	0.18	2000
KPMP	TUB	primary	HT+OTHER	B-L2-unitcenter	B-cPCA	adj	-0.25396825396825395	-0.6363636363636364	0.23348958333333314	0.40601503759398494	1995
KPMP	TUB	primary	HT+OTHER	B-injury	B-cPCA	raw	-0.06349206349206354	-0.5834325396825397	0.45464015151515097	0.843	2000
KPMP	TUB	primary	HT+OTHER	B-injury	B-cPCA	adj	-0.007936507936507908	-0.36142113095238093	0.45912878787878725	0.8611528822055138	1995
KPMP	TUB	secondary	CONTROL	RRG-ID	B-L2	raw	0.024691358024691357	-0.09090909090909094	0.14819444444444418	0.767	2000
KPMP	TUB	secondary	CONTROL	RRG-ID	B-L2	adj	0.1358024691358025	-0.09999999999999998	0.3077160493827159	0.409	2000
KPMP	TUB	secondary	CONTROL	B-rankLASSO	B-L2	raw	-0.2222222222222222	-0.5139880952380953	0.055705128205127415	0.145	2000
KPMP	TUB	secondary	CONTROL	B-rankLASSO	B-L2	adj	0.12345679012345678	-0.7407407407407407	0.48750000000000004	0.716	2000
KPMP	TUB	secondary	CONTROL	B2-PCA	B-L2	raw	-0.6419753086419753	-0.9464691558441558	-0.2467382617382618	0.005	2000
KPMP	TUB	secondary	CONTROL	B2-PCA	B-L2	adj	0.43209876543209874	-0.44458333333333333	0.8036120129870128	0.258	2000
KPMP	TUB	secondary	CONTROL	B-cPCA	B-L2	raw	0.19753086419753085	-0.024691358024691357	0.4722916666666663	0.116	2000
KPMP	TUB	secondary	CONTROL	B-cPCA	B-L2	adj	0.8888888888888888	0.125	1.0	0.016	2000
KPMP	TUB	secondary	CONTROL	B-L2-unitcenter	B-L2	raw	-0.3827160493827161	-0.6875	-0.11688311688311687	0.006	2000
KPMP	TUB	secondary	CONTROL	B-L2-unitcenter	B-L2	adj	0.024691358024691364	-0.7530904280904283	0.16666666666666663	0.895	2000
KPMP	TUB	secondary	CONTROL	B-injury	B-L2	raw	-0.7037037037037037	-0.9644093406593407	-0.3578240740740752	0.003	2000
KPMP	TUB	secondary	CONTROL	B-injury	B-L2	adj	0.43827160493827155	-0.575	0.9444444444444444	0.402	2000
KPMP	TUB	secondary	CONTROL	RRG-ID	B-cPCA	raw	-0.1728395061728395	-0.46921296296296294	0.05203823953823906	0.225	2000
KPMP	TUB	secondary	CONTROL	RRG-ID	B-cPCA	adj	-0.7530864197530864	-1.0	0.0	0.052	2000
KPMP	TUB	secondary	CONTROL	B-L2	B-cPCA	raw	-0.19753086419753085	-0.47229166666666667	0.024691358024691357	0.116	2000
KPMP	TUB	secondary	CONTROL	B-L2	B-cPCA	adj	-0.8888888888888888	-1.0	-0.125	0.016	2000
KPMP	TUB	secondary	CONTROL	B-rankLASSO	B-cPCA	raw	-0.41975308641975306	-0.7402597402597403	-0.11688311688311681	0.006	2000
KPMP	TUB	secondary	CONTROL	B-rankLASSO	B-cPCA	adj	-0.7654320987654321	-0.987962962962963	-0.30842592592592716	0.005	2000
KPMP	TUB	secondary	CONTROL	B2-PCA	B-cPCA	raw	-0.8395061728395061	-1.0	-0.5623985389610395	0.0005	2000
KPMP	TUB	secondary	CONTROL	B2-PCA	B-cPCA	adj	-0.4567901234567901	-0.8	-0.015324675324675708	0.045	2000
KPMP	TUB	secondary	CONTROL	B-L2-unitcenter	B-cPCA	raw	-0.5802469135802469	-0.8888888888888888	-0.2469095719095719	0.002	2000
KPMP	TUB	secondary	CONTROL	B-L2-unitcenter	B-cPCA	adj	-0.8641975308641975	-1.0	-0.6233477633477635	0.004	2000
KPMP	TUB	secondary	CONTROL	B-injury	B-cPCA	raw	-0.9012345679012346	-1.0	-0.6784902597402602	0.0005	2000
KPMP	TUB	secondary	CONTROL	B-injury	B-cPCA	adj	-0.4506172839506173	-0.9812723214285713	0.09230769230769231	0.193	2000
GSE166239	TUB	primary	HT	RRG-ID	B-L2	raw	-0.02777777777777779	-0.25925925925925924	0.25972222222221975	0.828	2000
GSE166239	TUB	primary	HT	RRG-ID	B-L2	adj	-0.08333333333333326	-0.42857142857142855	0.25	0.873805932629462	1989
GSE166239	TUB	primary	HT	B-rankLASSO	B-L2	raw	0.13888888888888884	-0.14285714285714285	0.5	0.509	2000
GSE166239	TUB	primary	HT	B-rankLASSO	B-L2	adj	0.08333333333333348	-0.375	0.46875	1.0	1989
GSE166239	TUB	primary	HT	B2-PCA	B-L2	raw	-0.16666666666666669	-0.5428571428571429	0.22238095238095157	0.42	2000
GSE166239	TUB	primary	HT	B2-PCA	B-L2	adj	-0.2499999999999999	-0.625	0.20000000000000007	0.5429864253393665	1989
GSE166239	TUB	primary	HT	B-cPCA	B-L2	raw	0.0	-0.3125	0.2777777777777778	1.0	2000
GSE166239	TUB	primary	HT	B-cPCA	B-L2	adj	0.02777777777777779	-0.3055555555555555	0.5428571428571428	1.0	1989
GSE166239	TUB	primary	HT	B-L2-unitcenter	B-L2	raw	0.11111111111111105	-0.16666666666666663	0.375	0.484	2000
GSE166239	TUB	primary	HT	B-L2-unitcenter	B-L2	adj	0.02777777777777779	-0.27777777777777773	0.375	0.873805932629462	1989
GSE166239	TUB	primary	HT	B-injury	B-L2	raw	-0.22222222222222227	-0.75	0.3638047138047129	0.466	2000
GSE166239	TUB	primary	HT	B-injury	B-L2	adj	-0.13888888888888884	-0.59375	0.35714285714285715	0.572146807440925	1989
GSE166239	TUB	primary	HT	RRG-ID	B-cPCA	raw	-0.02777777777777779	-0.4	0.38888888888888895	0.887	2000
GSE166239	TUB	primary	HT	RRG-ID	B-cPCA	adj	-0.11111111111111105	-0.5714285714285714	0.2857142857142858	0.6515837104072398	1989
GSE166239	TUB	primary	HT	B-L2	B-cPCA	raw	0.0	-0.2777777777777778	0.3125	1.0	2000
GSE166239	TUB	primary	HT	B-L2	B-cPCA	adj	-0.02777777777777779	-0.5428571428571428	0.3055555555555555	1.0	1989
GSE166239	TUB	primary	HT	B-rankLASSO	B-cPCA	raw	0.13888888888888884	-0.2727272727272727	0.5625	0.597	2000
GSE166239	TUB	primary	HT	B-rankLASSO	B-cPCA	adj	0.05555555555555569	-0.5714285714285714	0.5	1.0	1989
GSE166239	TUB	primary	HT	B2-PCA	B-cPCA	raw	-0.16666666666666669	-0.6285714285714286	0.36111111111111116	0.507	2000
GSE166239	TUB	primary	HT	B2-PCA	B-cPCA	adj	-0.2777777777777777	-0.6857142857142857	0.21875	0.3539467068878834	1989
GSE166239	TUB	primary	HT	B-L2-unitcenter	B-cPCA	raw	0.11111111111111105	-0.2291071428571429	0.5	0.653	2000
GSE166239	TUB	primary	HT	B-L2-unitcenter	B-cPCA	adj	0.0	-0.33333333333333337	0.33333333333333326	1.0	1989
GSE166239	TUB	primary	HT	B-injury	B-cPCA	raw	-0.22222222222222227	-0.8614583333333333	0.481587301587301	0.516	2000
GSE166239	TUB	primary	HT	B-injury	B-cPCA	adj	-0.16666666666666663	-0.6666666666666667	0.28888888888888836	0.44846656611362495	1989
GSE166239	TUB	secondary	CONTROL	RRG-ID	B-L2	raw	-0.08333333333333337	-0.33333333333333337	0.0	0.745	2000
GSE166239	TUB	secondary	CONTROL	RRG-ID	B-L2	adj	-0.08333333333333337	-0.5625	0.175555555555555	0.7219708396178984	1989
GSE166239	TUB	secondary	CONTROL	B-rankLASSO	B-L2	raw	-0.16666666666666663	-0.5003571428571428	0.07407407407407407	0.313	2000
GSE166239	TUB	secondary	CONTROL	B-rankLASSO	B-L2	adj	-0.05555555555555558	-0.5555555555555556	0.375	0.8104575163398693	1989
GSE166239	TUB	secondary	CONTROL	B2-PCA	B-L2	raw	-0.3055555555555556	-0.65625	0.0	0.068	2000
GSE166239	TUB	secondary	CONTROL	B2-PCA	B-L2	adj	-0.16666666666666674	-0.7777777777777778	0.01666666666666426	0.4032176973353444	1989
GSE166239	TUB	secondary	CONTROL	B-cPCA	B-L2	raw	0.02777777777777779	0.0	0.17142857142857137	1.0	2000
GSE166239	TUB	secondary	CONTROL	B-cPCA	B-L2	adj	0.02777777777777768	0.0	0.34285714285714297	1.0	1989
GSE166239	TUB	secondary	CONTROL	B-L2-unitcenter	B-L2	raw	-0.2222222222222222	-0.5625	0.0	0.243	2000
GSE166239	TUB	secondary	CONTROL	B-L2-unitcenter	B-L2	adj	-0.16666666666666685	-0.6288888888888888	0.22222222222222213	0.5198592257415787	1989
GSE166239	TUB	secondary	CONTROL	B-injury	B-L2	raw	-0.75	-1.0	-0.33333333333333326	0.005	2000
GSE166239	TUB	secondary	CONTROL	B-injury	B-L2	adj	-0.5555555555555556	-0.9285714285714286	0.25	0.1779788838612368	1989
GSE166239	TUB	secondary	CONTROL	RRG-ID	B-cPCA	raw	-0.11111111111111116	-0.41666666666666663	0.0	0.722	2000
GSE166239	TUB	secondary	CONTROL	RRG-ID	B-cPCA	adj	-0.11111111111111105	-0.696111111111111	0.0	0.6354952237305178	1989
GSE166239	TUB	secondary	CONTROL	B-L2	B-cPCA	raw	-0.02777777777777779	-0.17142857142857137	0.0	1.0	2000
GSE166239	TUB	secondary	CONTROL	B-L2	B-cPCA	adj	-0.02777777777777768	-0.34285714285714297	0.0	1.0	1989
GSE166239	TUB	secondary	CONTROL	B-rankLASSO	B-cPCA	raw	-0.19444444444444442	-0.5142857142857142	0.0	0.218	2000
GSE166239	TUB	secondary	CONTROL	B-rankLASSO	B-cPCA	adj	-0.08333333333333326	-0.6	0.0	0.685771744595274	1989
GSE166239	TUB	secondary	CONTROL	B2-PCA	B-cPCA	raw	-0.33333333333333337	-0.6876736111111111	0.0	0.067	2000
GSE166239	TUB	secondary	CONTROL	B2-PCA	B-cPCA	adj	-0.19444444444444442	-0.8866666666666667	0.0	0.39215686274509803	1989
GSE166239	TUB	secondary	CONTROL	B-L2-unitcenter	B-cPCA	raw	-0.25	-0.6285714285714286	0.0	0.241	2000
GSE166239	TUB	secondary	CONTROL	B-L2-unitcenter	B-cPCA	adj	-0.19444444444444453	-0.7142857142857143	0.0	0.4263448969331322	1989
GSE166239	TUB	secondary	CONTROL	B-injury	B-cPCA	raw	-0.7777777777777778	-1.0	-0.41666666666666663	0.001	2000
GSE166239	TUB	secondary	CONTROL	B-injury	B-cPCA	adj	-0.5833333333333333	-0.9285714285714286	0.0	0.10759175465057819	1989
