dataset	compartment	variant	donors	n	spearman	p
snRNA	TUB	full	CKD	56	-0.4908338592748676	0.00012269348084672908
snRNA	TUB	full	DKD	29	-0.6773133285896887	5.445508294784625e-05
snRNA	TUB	full	all_with_egfr	174	-0.43941200866180674	1.31245509899554e-09
snRNA	TUB	no_proc	CKD	56	-0.4909395664950992	0.00012221818144817897
snRNA	TUB	no_proc	DKD	29	-0.6735252227250933	6.21343537270266e-05
snRNA	TUB	no_proc	all_with_egfr	174	-0.4262392046932765	4.515324731416662e-09
snRNA	TUB	no_ieg	CKD	56	-0.4714189664923514	0.00024507470576169905
snRNA	TUB	no_ieg	DKD	29	-0.6773133285896887	5.445508294784625e-05
snRNA	TUB	no_ieg	all_with_egfr	174	-0.43401012901528524	2.192376449082913e-09
snRNA	TUB	no_proc_ieg	CKD	56	-0.4785365859879381	0.00019108163259852422
snRNA	TUB	no_proc_ieg	DKD	29	-0.6659490109959021	8.0446335670887e-05
snRNA	TUB	no_proc_ieg	all_with_egfr	174	-0.42027653669362025	7.764707907368086e-09
snRNA	GLOM	full	CKD	56	-0.2384754888422329	0.07673195495364818
snRNA	GLOM	full	DKD	29	-0.3240093216184082	0.08640060071069358
snRNA	GLOM	full	all_with_egfr	174	-0.440881503040225	1.139693993809494e-09
snRNA	GLOM	no_proc	CKD	56	-0.33103977802493767	0.01269882348113445
snRNA	GLOM	no_proc	DKD	29	-0.5106366705474835	0.0046484577897272505
snRNA	GLOM	no_proc	all_with_egfr	174	-0.44875886270272675	5.286659118081841e-10
snRNA	GLOM	no_ieg	CKD	56	-0.23583280833644574	0.08015616658032039
snRNA	GLOM	no_ieg	DKD	29	-0.3277974274830037	0.08257709560813661
snRNA	GLOM	no_ieg	all_with_egfr	174	-0.43645241951648805	1.7404154050991694e-09
snRNA	GLOM	no_proc_ieg	CKD	56	-0.3293132267611567	0.013199933323799649
snRNA	GLOM	no_proc_ieg	DKD	29	-0.5106366705474835	0.0046484577897272505
snRNA	GLOM	no_proc_ieg	all_with_egfr	174	-0.44396812791451923	8.454401467838022e-10
