cohort	variant	test	n	spearman	p_perm	auroc
KPMP	full	egfr_bin_patients	16	0.01638254858517696	0.945054945054945	
KPMP	full	proteinuria_cat_patients	13	0.6698983029264488	0.01898101898101898	
KPMP	no_proc	egfr_bin_patients	16	0.010425258190567157	0.975024975024975	
KPMP	no_proc	proteinuria_cat_patients	13	0.6698983029264488	0.012987012987012988	
KPMP	no_ieg	egfr_bin_patients	16	0.01787187118382941	0.9440559440559441	
KPMP	no_ieg	proteinuria_cat_patients	13	0.7037315505489967	0.01098901098901099	
KPMP	no_proc_ieg	egfr_bin_patients	16	0.025318484177091666	0.938061938061938	
KPMP	no_proc_ieg	proteinuria_cat_patients	13	0.7037315505489967	0.015984015984015984	
GSE166239	full	egfr_patients	12	0.23076923076923078	0.5104895104895105	
GSE166239	full	egfr_all	18	-0.5541795665634675	0.01998001998001998	
GSE166239	full	proteinuria_patients	12	0.46585010144500033	0.13286713286713286	
GSE166239	full	proteinuria_all	18	0.600630485799538	0.006993006993006993	
GSE166239	no_proc	egfr_patients	12	0.23076923076923078	0.48151848151848153	
GSE166239	no_proc	egfr_all	18	-0.5397316821465429	0.01898101898101898	
GSE166239	no_proc	proteinuria_patients	12	0.46585010144500033	0.14885114885114886	
GSE166239	no_proc	proteinuria_all	18	0.6089293526154211	0.01098901098901099	
GSE166239	no_ieg	egfr_patients	12	0.06993006993006995	0.8661338661338661	
GSE166239	no_ieg	egfr_all	18	-0.6160990712074303	0.01098901098901099	
GSE166239	no_ieg	proteinuria_patients	12	0.46585010144500033	0.11688311688311688	
GSE166239	no_ieg	proteinuria_all	18	0.5663976601840204	0.02197802197802198	
GSE166239	no_proc_ieg	egfr_patients	12	0.1258741258741259	0.6963036963036963	
GSE166239	no_proc_ieg	egfr_all	18	-0.5810113519091847	0.017982017982017984	
GSE166239	no_proc_ieg	proteinuria_patients	12	0.4798606308117672	0.11388611388611389	
GSE166239	no_proc_ieg	proteinuria_all	18	0.578845960407845	0.015984015984015984	
GSE175759-RNAseq	full	egfr_patients	65	-0.215413529842457	0.07792207792207792	
GSE175759-RNAseq	full	egfr_all	87	-0.23036930729600302	0.024975024975024976	
GSE175759-RNAseq	no_proc	egfr_patients	65	-0.24478512202144276	0.057942057942057944	
GSE175759-RNAseq	no_proc	egfr_all	87	-0.2528694781775186	0.01898101898101898	
GSE175759-RNAseq	no_ieg	egfr_patients	65	-0.2295966870776964	0.058941058941058944	
GSE175759-RNAseq	no_ieg	egfr_all	87	-0.24447634031527643	0.016983016983016984	
GSE175759-RNAseq	no_proc_ieg	egfr_patients	65	-0.25488160683296907	0.04495504495504495	
GSE175759-RNAseq	no_proc_ieg	egfr_all	87	-0.25537557254463755	0.026973026973026972	
GSE142025-RNAseq	full	advanced_vs_early_DN	27			0.9920634920634921
GSE142025-RNAseq	no_proc	advanced_vs_early_DN	27			1.0
GSE142025-RNAseq	no_ieg	advanced_vs_early_DN	27			0.9920634920634921
GSE142025-RNAseq	no_proc_ieg	advanced_vs_early_DN	27			1.0
GSE115857-GPL14951	full	iga_grade_G1_G3	55	0.29568662481822955	0.025974025974025976	
GSE115857-GPL14951	no_proc	iga_grade_G1_G3	55	0.3083756932210251	0.026973026973026972	
GSE115857-GPL14951	no_ieg	iga_grade_G1_G3	55	0.3408033124726137	0.00999000999000999	
GSE115857-GPL14951	no_proc_ieg	iga_grade_G1_G3	55	0.33101236463095046	0.013986013986013986	
